[2025-08-27 08:45:43] local.ERROR: SQLSTATE[42S01]: Base table or view already exists: 1050 Table 'personal_access_tokens' already exists (Connection: mysql, SQL: create table `personal_access_tokens` (`id` bigint unsigned not null auto_increment primary key, `tokenable_type` varchar(255) not null, `tokenable_id` bigint unsigned not null, `name` text not null, `token` varchar(64) not null, `abilities` text null, `last_used_at` timestamp null, `expires_at` timestamp null, `created_at` timestamp null, `updated_at` timestamp null) default character set utf8mb4 collate 'utf8mb4_0900_ai_ci') {"exception":"[object] (Illuminate\\Database\\QueryException(code: 42S01): SQLSTATE[42S01]: Base table or view already exists: 1050 Table 'personal_access_tokens' already exists (Connection: mysql, SQL: create table `personal_access_tokens` (`id` bigint unsigned not null auto_increment primary key, `tokenable_type` varchar(255) not null, `tokenable_id` bigint unsigned not null, `name` text not null, `token` varchar(64) not null, `abilities` text null, `last_used_at` timestamp null, `expires_at` timestamp null, `created_at` timestamp null, `updated_at` timestamp null) default character set utf8mb4 collate 'utf8mb4_0900_ai_ci') at /var/www/vendor/laravel/framework/src/Illuminate/Database/Connection.php:825)
[stacktrace]
#0 /var/www/vendor/laravel/framework/src/Illuminate/Database/Connection.php(779): Illuminate\\Database\\Connection->runQueryCallback('create table `p...', Array, Object(Closure))
#1 /var/www/vendor/laravel/framework/src/Illuminate/Database/Connection.php(560): Illuminate\\Database\\Connection->run('create table `p...', Array, Object(Closure))
#2 /var/www/vendor/laravel/framework/src/Illuminate/Database/Schema/Blueprint.php(118): Illuminate\\Database\\Connection->statement('create table `p...')
#3 /var/www/vendor/laravel/framework/src/Illuminate/Database/Schema/Builder.php(564): Illuminate\\Database\\Schema\\Blueprint->build(Object(Illuminate\\Database\\MySqlConnection), Object(Illuminate\\Database\\Schema\\Grammars\\MySqlGrammar))
#4 /var/www/vendor/laravel/framework/src/Illuminate/Database/Schema/Builder.php(418): Illuminate\\Database\\Schema\\Builder->build(Object(Illuminate\\Database\\Schema\\Blueprint))
#5 /var/www/vendor/laravel/framework/src/Illuminate/Support/Facades/Facade.php(361): Illuminate\\Database\\Schema\\Builder->create('personal_access...', Object(Closure))
#6 /var/www/database/migrations/2025_08_25_181019_create_personal_access_tokens_table.php(14): Illuminate\\Support\\Facades\\Facade::__callStatic('create', Array)
#7 /var/www/vendor/laravel/framework/src/Illuminate/Database/Migrations/Migrator.php(507): Illuminate\\Database\\Migrations\\Migration@anonymous->up()
#8 /var/www/vendor/laravel/framework/src/Illuminate/Database/Migrations/Migrator.php(432): Illuminate\\Database\\Migrations\\Migrator->runMethod(Object(Illuminate\\Database\\MySqlConnection), Object(Illuminate\\Database\\Migrations\\Migration@anonymous), 'up')
#9 /var/www/vendor/laravel/framework/src/Illuminate/Database/Migrations/Migrator.php(441): Illuminate\\Database\\Migrations\\Migrator->Illuminate\\Database\\Migrations\\{closure}()
#10 /var/www/vendor/laravel/framework/src/Illuminate/Database/Migrations/Migrator.php(244): Illuminate\\Database\\Migrations\\Migrator->runMigration(Object(Illuminate\\Database\\Migrations\\Migration@anonymous), 'up')
#11 /var/www/vendor/laravel/framework/src/Illuminate/Console/View/Components/Task.php(40): Illuminate\\Database\\Migrations\\Migrator->Illuminate\\Database\\Migrations\\{closure}()
#12 /var/www/vendor/laravel/framework/src/Illuminate/Database/Migrations/Migrator.php(798): Illuminate\\Console\\View\\Components\\Task->render('2025_08_25_1810...', Object(Closure))
#13 /var/www/vendor/laravel/framework/src/Illuminate/Database/Migrations/Migrator.php(244): Illuminate\\Database\\Migrations\\Migrator->write('Illuminate\\\\Cons...', '2025_08_25_1810...', Object(Closure))
#14 /var/www/vendor/laravel/framework/src/Illuminate/Database/Migrations/Migrator.php(211): Illuminate\\Database\\Migrations\\Migrator->runUp('/var/www/databa...', 1, false)
#15 /var/www/vendor/laravel/framework/src/Illuminate/Database/Migrations/Migrator.php(138): Illuminate\\Database\\Migrations\\Migrator->runPending(Array, Array)
#16 /var/www/vendor/laravel/framework/src/Illuminate/Database/Console/Migrations/MigrateCommand.php(117): Illuminate\\Database\\Migrations\\Migrator->run(Array, Array)
#17 /var/www/vendor/laravel/framework/src/Illuminate/Database/Migrations/Migrator.php(658): Illuminate\\Database\\Console\\Migrations\\MigrateCommand->Illuminate\\Database\\Console\\Migrations\\{closure}()
#18 /var/www/vendor/laravel/framework/src/Illuminate/Database/Console/Migrations/MigrateCommand.php(110): Illuminate\\Database\\Migrations\\Migrator->usingConnection(NULL, Object(Closure))
#19 /var/www/vendor/laravel/framework/src/Illuminate/Database/Console/Migrations/MigrateCommand.php(89): Illuminate\\Database\\Console\\Migrations\\MigrateCommand->runMigrations()
#20 /var/www/vendor/laravel/framework/src/Illuminate/Container/BoundMethod.php(36): Illuminate\\Database\\Console\\Migrations\\MigrateCommand->handle()
#21 /var/www/vendor/laravel/framework/src/Illuminate/Container/Util.php(43): Illuminate\\Container\\BoundMethod::Illuminate\\Container\\{closure}()
#22 /var/www/vendor/laravel/framework/src/Illuminate/Container/BoundMethod.php(95): Illuminate\\Container\\Util::unwrapIfClosure(Object(Closure))
#23 /var/www/vendor/laravel/framework/src/Illuminate/Container/BoundMethod.php(35): Illuminate\\Container\\BoundMethod::callBoundMethod(Object(Illuminate\\Foundation\\Application), Array, Object(Closure))
#24 /var/www/vendor/laravel/framework/src/Illuminate/Container/Container.php(696): Illuminate\\Container\\BoundMethod::call(Object(Illuminate\\Foundation\\Application), Array, Array, NULL)
#25 /var/www/vendor/laravel/framework/src/Illuminate/Console/Command.php(213): Illuminate\\Container\\Container->call(Array)
#26 /var/www/vendor/symfony/console/Command/Command.php(318): Illuminate\\Console\\Command->execute(Object(Symfony\\Component\\Console\\Input\\ArgvInput), Object(Illuminate\\Console\\OutputStyle))
#27 /var/www/vendor/laravel/framework/src/Illuminate/Console/Command.php(182): Symfony\\Component\\Console\\Command\\Command->run(Object(Symfony\\Component\\Console\\Input\\ArgvInput), Object(Illuminate\\Console\\OutputStyle))
#28 /var/www/vendor/symfony/console/Application.php(1092): Illuminate\\Console\\Command->run(Object(Symfony\\Component\\Console\\Input\\ArgvInput), Object(Symfony\\Component\\Console\\Output\\ConsoleOutput))
#29 /var/www/vendor/symfony/console/Application.php(341): Symfony\\Component\\Console\\Application->doRunCommand(Object(Illuminate\\Database\\Console\\Migrations\\MigrateCommand), Object(Symfony\\Component\\Console\\Input\\ArgvInput), Object(Symfony\\Component\\Console\\Output\\ConsoleOutput))
#30 /var/www/vendor/symfony/console/Application.php(192): Symfony\\Component\\Console\\Application->doRun(Object(Symfony\\Component\\Console\\Input\\ArgvInput), Object(Symfony\\Component\\Console\\Output\\ConsoleOutput))
#31 /var/www/vendor/laravel/framework/src/Illuminate/Foundation/Console/Kernel.php(198): Symfony\\Component\\Console\\Application->run(Object(Symfony\\Component\\Console\\Input\\ArgvInput), Object(Symfony\\Component\\Console\\Output\\ConsoleOutput))
#32 /var/www/vendor/laravel/framework/src/Illuminate/Foundation/Application.php(1235): Illuminate\\Foundation\\Console\\Kernel->handle(Object(Symfony\\Component\\Console\\Input\\ArgvInput), Object(Symfony\\Component\\Console\\Output\\ConsoleOutput))
#33 /var/www/artisan(13): Illuminate\\Foundation\\Application->handleCommand(Object(Symfony\\Component\\Console\\Input\\ArgvInput))
#34 {main}

[previous exception] [object] (PDOException(code: 42S01): SQLSTATE[42S01]: Base table or view already exists: 1050 Table 'personal_access_tokens' already exists at /var/www/vendor/laravel/framework/src/Illuminate/Database/Connection.php:571)
[stacktrace]
#0 /var/www/vendor/laravel/framework/src/Illuminate/Database/Connection.php(571): PDOStatement->execute()
#1 /var/www/vendor/laravel/framework/src/Illuminate/Database/Connection.php(812): Illuminate\\Database\\Connection->Illuminate\\Database\\{closure}('create table `p...', Array)
#2 /var/www/vendor/laravel/framework/src/Illuminate/Database/Connection.php(779): Illuminate\\Database\\Connection->runQueryCallback('create table `p...', Array, Object(Closure))
#3 /var/www/vendor/laravel/framework/src/Illuminate/Database/Connection.php(560): Illuminate\\Database\\Connection->run('create table `p...', Array, Object(Closure))
#4 /var/www/vendor/laravel/framework/src/Illuminate/Database/Schema/Blueprint.php(118): Illuminate\\Database\\Connection->statement('create table `p...')
#5 /var/www/vendor/laravel/framework/src/Illuminate/Database/Schema/Builder.php(564): Illuminate\\Database\\Schema\\Blueprint->build(Object(Illuminate\\Database\\MySqlConnection), Object(Illuminate\\Database\\Schema\\Grammars\\MySqlGrammar))
#6 /var/www/vendor/laravel/framework/src/Illuminate/Database/Schema/Builder.php(418): Illuminate\\Database\\Schema\\Builder->build(Object(Illuminate\\Database\\Schema\\Blueprint))
#7 /var/www/vendor/laravel/framework/src/Illuminate/Support/Facades/Facade.php(361): Illuminate\\Database\\Schema\\Builder->create('personal_access...', Object(Closure))
#8 /var/www/database/migrations/2025_08_25_181019_create_personal_access_tokens_table.php(14): Illuminate\\Support\\Facades\\Facade::__callStatic('create', Array)
#9 /var/www/vendor/laravel/framework/src/Illuminate/Database/Migrations/Migrator.php(507): Illuminate\\Database\\Migrations\\Migration@anonymous->up()
#10 /var/www/vendor/laravel/framework/src/Illuminate/Database/Migrations/Migrator.php(432): Illuminate\\Database\\Migrations\\Migrator->runMethod(Object(Illuminate\\Database\\MySqlConnection), Object(Illuminate\\Database\\Migrations\\Migration@anonymous), 'up')
#11 /var/www/vendor/laravel/framework/src/Illuminate/Database/Migrations/Migrator.php(441): Illuminate\\Database\\Migrations\\Migrator->Illuminate\\Database\\Migrations\\{closure}()
#12 /var/www/vendor/laravel/framework/src/Illuminate/Database/Migrations/Migrator.php(244): Illuminate\\Database\\Migrations\\Migrator->runMigration(Object(Illuminate\\Database\\Migrations\\Migration@anonymous), 'up')
#13 /var/www/vendor/laravel/framework/src/Illuminate/Console/View/Components/Task.php(40): Illuminate\\Database\\Migrations\\Migrator->Illuminate\\Database\\Migrations\\{closure}()
#14 /var/www/vendor/laravel/framework/src/Illuminate/Database/Migrations/Migrator.php(798): Illuminate\\Console\\View\\Components\\Task->render('2025_08_25_1810...', Object(Closure))
#15 /var/www/vendor/laravel/framework/src/Illuminate/Database/Migrations/Migrator.php(244): Illuminate\\Database\\Migrations\\Migrator->write('Illuminate\\\\Cons...', '2025_08_25_1810...', Object(Closure))
#16 /var/www/vendor/laravel/framework/src/Illuminate/Database/Migrations/Migrator.php(211): Illuminate\\Database\\Migrations\\Migrator->runUp('/var/www/databa...', 1, false)
#17 /var/www/vendor/laravel/framework/src/Illuminate/Database/Migrations/Migrator.php(138): Illuminate\\Database\\Migrations\\Migrator->runPending(Array, Array)
#18 /var/www/vendor/laravel/framework/src/Illuminate/Database/Console/Migrations/MigrateCommand.php(117): Illuminate\\Database\\Migrations\\Migrator->run(Array, Array)
#19 /var/www/vendor/laravel/framework/src/Illuminate/Database/Migrations/Migrator.php(658): Illuminate\\Database\\Console\\Migrations\\MigrateCommand->Illuminate\\Database\\Console\\Migrations\\{closure}()
#20 /var/www/vendor/laravel/framework/src/Illuminate/Database/Console/Migrations/MigrateCommand.php(110): Illuminate\\Database\\Migrations\\Migrator->usingConnection(NULL, Object(Closure))
#21 /var/www/vendor/laravel/framework/src/Illuminate/Database/Console/Migrations/MigrateCommand.php(89): Illuminate\\Database\\Console\\Migrations\\MigrateCommand->runMigrations()
#22 /var/www/vendor/laravel/framework/src/Illuminate/Container/BoundMethod.php(36): Illuminate\\Database\\Console\\Migrations\\MigrateCommand->handle()
#23 /var/www/vendor/laravel/framework/src/Illuminate/Container/Util.php(43): Illuminate\\Container\\BoundMethod::Illuminate\\Container\\{closure}()
#24 /var/www/vendor/laravel/framework/src/Illuminate/Container/BoundMethod.php(95): Illuminate\\Container\\Util::unwrapIfClosure(Object(Closure))
#25 /var/www/vendor/laravel/framework/src/Illuminate/Container/BoundMethod.php(35): Illuminate\\Container\\BoundMethod::callBoundMethod(Object(Illuminate\\Foundation\\Application), Array, Object(Closure))
#26 /var/www/vendor/laravel/framework/src/Illuminate/Container/Container.php(696): Illuminate\\Container\\BoundMethod::call(Object(Illuminate\\Foundation\\Application), Array, Array, NULL)
#27 /var/www/vendor/laravel/framework/src/Illuminate/Console/Command.php(213): Illuminate\\Container\\Container->call(Array)
#28 /var/www/vendor/symfony/console/Command/Command.php(318): Illuminate\\Console\\Command->execute(Object(Symfony\\Component\\Console\\Input\\ArgvInput), Object(Illuminate\\Console\\OutputStyle))
#29 /var/www/vendor/laravel/framework/src/Illuminate/Console/Command.php(182): Symfony\\Component\\Console\\Command\\Command->run(Object(Symfony\\Component\\Console\\Input\\ArgvInput), Object(Illuminate\\Console\\OutputStyle))
#30 /var/www/vendor/symfony/console/Application.php(1092): Illuminate\\Console\\Command->run(Object(Symfony\\Component\\Console\\Input\\ArgvInput), Object(Symfony\\Component\\Console\\Output\\ConsoleOutput))
#31 /var/www/vendor/symfony/console/Application.php(341): Symfony\\Component\\Console\\Application->doRunCommand(Object(Illuminate\\Database\\Console\\Migrations\\MigrateCommand), Object(Symfony\\Component\\Console\\Input\\ArgvInput), Object(Symfony\\Component\\Console\\Output\\ConsoleOutput))
#32 /var/www/vendor/symfony/console/Application.php(192): Symfony\\Component\\Console\\Application->doRun(Object(Symfony\\Component\\Console\\Input\\ArgvInput), Object(Symfony\\Component\\Console\\Output\\ConsoleOutput))
#33 /var/www/vendor/laravel/framework/src/Illuminate/Foundation/Console/Kernel.php(198): Symfony\\Component\\Console\\Application->run(Object(Symfony\\Component\\Console\\Input\\ArgvInput), Object(Symfony\\Component\\Console\\Output\\ConsoleOutput))
#34 /var/www/vendor/laravel/framework/src/Illuminate/Foundation/Application.php(1235): Illuminate\\Foundation\\Console\\Kernel->handle(Object(Symfony\\Component\\Console\\Input\\ArgvInput), Object(Symfony\\Component\\Console\\Output\\ConsoleOutput))
#35 /var/www/artisan(13): Illuminate\\Foundation\\Application->handleCommand(Object(Symfony\\Component\\Console\\Input\\ArgvInput))
#36 {main}
"} 
[2025-08-27 13:08:39] local.ERROR: Call to undefined method App\Http\Controllers\ClientController::store() {"exception":"[object] (Error(code: 0): Call to undefined method App\\Http\\Controllers\\ClientController::store() at /var/www/vendor/laravel/framework/src/Illuminate/Routing/ControllerDispatcher.php:47)
[stacktrace]
#0 /var/www/vendor/laravel/framework/src/Illuminate/Routing/Route.php(266): Illuminate\\Routing\\ControllerDispatcher->dispatch(Object(Illuminate\\Routing\\Route), Object(App\\Http\\Controllers\\ClientController), 'store')
#1 /var/www/vendor/laravel/framework/src/Illuminate/Routing/Route.php(212): Illuminate\\Routing\\Route->runController()
#2 /var/www/vendor/laravel/framework/src/Illuminate/Routing/Router.php(808): Illuminate\\Routing\\Route->run()
#3 /var/www/vendor/laravel/framework/src/Illuminate/Pipeline/Pipeline.php(170): Illuminate\\Routing\\Router->Illuminate\\Routing\\{closure}(Object(Illuminate\\Http\\Request))
#4 /var/www/vendor/laravel/framework/src/Illuminate/Routing/Middleware/SubstituteBindings.php(51): Illuminate\\Pipeline\\Pipeline->Illuminate\\Pipeline\\{closure}(Object(Illuminate\\Http\\Request))
#5 /var/www/vendor/laravel/framework/src/Illuminate/Pipeline/Pipeline.php(209): Illuminate\\Routing\\Middleware\\SubstituteBindings->handle(Object(Illuminate\\Http\\Request), Object(Closure))
#6 /var/www/vendor/laravel/sanctum/src/Http/Middleware/EnsureFrontendRequestsAreStateful.php(26): Illuminate\\Pipeline\\Pipeline->Illuminate\\Pipeline\\{closure}(Object(Illuminate\\Http\\Request))
#7 /var/www/vendor/laravel/framework/src/Illuminate/Pipeline/Pipeline.php(170): Laravel\\Sanctum\\Http\\Middleware\\EnsureFrontendRequestsAreStateful->Laravel\\Sanctum\\Http\\Middleware\\{closure}(Object(Illuminate\\Http\\Request))
#8 /var/www/vendor/laravel/framework/src/Illuminate/Pipeline/Pipeline.php(127): Illuminate\\Pipeline\\Pipeline->Illuminate\\Pipeline\\{closure}(Object(Illuminate\\Http\\Request))
#9 /var/www/vendor/laravel/sanctum/src/Http/Middleware/EnsureFrontendRequestsAreStateful.php(25): Illuminate\\Pipeline\\Pipeline->then(Object(Closure))
#10 /var/www/vendor/laravel/framework/src/Illuminate/Pipeline/Pipeline.php(209): Laravel\\Sanctum\\Http\\Middleware\\EnsureFrontendRequestsAreStateful->handle(Object(Illuminate\\Http\\Request), Object(Closure))
#11 /var/www/vendor/laravel/framework/src/Illuminate/Pipeline/Pipeline.php(127): Illuminate\\Pipeline\\Pipeline->Illuminate\\Pipeline\\{closure}(Object(Illuminate\\Http\\Request))
#12 /var/www/vendor/laravel/framework/src/Illuminate/Routing/Router.php(807): Illuminate\\Pipeline\\Pipeline->then(Object(Closure))
#13 /var/www/vendor/laravel/framework/src/Illuminate/Routing/Router.php(786): Illuminate\\Routing\\Router->runRouteWithinStack(Object(Illuminate\\Routing\\Route), Object(Illuminate\\Http\\Request))
#14 /var/www/vendor/laravel/framework/src/Illuminate/Routing/Router.php(750): Illuminate\\Routing\\Router->runRoute(Object(Illuminate\\Http\\Request), Object(Illuminate\\Routing\\Route))
#15 /var/www/vendor/laravel/framework/src/Illuminate/Routing/Router.php(739): Illuminate\\Routing\\Router->dispatchToRoute(Object(Illuminate\\Http\\Request))
#16 /var/www/vendor/laravel/framework/src/Illuminate/Foundation/Http/Kernel.php(201): Illuminate\\Routing\\Router->dispatch(Object(Illuminate\\Http\\Request))
#17 /var/www/vendor/laravel/framework/src/Illuminate/Pipeline/Pipeline.php(170): Illuminate\\Foundation\\Http\\Kernel->Illuminate\\Foundation\\Http\\{closure}(Object(Illuminate\\Http\\Request))
#18 /var/www/vendor/laravel/framework/src/Illuminate/Foundation/Http/Middleware/TransformsRequest.php(21): Illuminate\\Pipeline\\Pipeline->Illuminate\\Pipeline\\{closure}(Object(Illuminate\\Http\\Request))
#19 /var/www/vendor/laravel/framework/src/Illuminate/Foundation/Http/Middleware/ConvertEmptyStringsToNull.php(31): Illuminate\\Foundation\\Http\\Middleware\\TransformsRequest->handle(Object(Illuminate\\Http\\Request), Object(Closure))
#20 /var/www/vendor/laravel/framework/src/Illuminate/Pipeline/Pipeline.php(209): Illuminate\\Foundation\\Http\\Middleware\\ConvertEmptyStringsToNull->handle(Object(Illuminate\\Http\\Request), Object(Closure))
#21 /var/www/vendor/laravel/framework/src/Illuminate/Foundation/Http/Middleware/TransformsRequest.php(21): Illuminate\\Pipeline\\Pipeline->Illuminate\\Pipeline\\{closure}(Object(Illuminate\\Http\\Request))
#22 /var/www/vendor/laravel/framework/src/Illuminate/Foundation/Http/Middleware/TrimStrings.php(51): Illuminate\\Foundation\\Http\\Middleware\\TransformsRequest->handle(Object(Illuminate\\Http\\Request), Object(Closure))
#23 /var/www/vendor/laravel/framework/src/Illuminate/Pipeline/Pipeline.php(209): Illuminate\\Foundation\\Http\\Middleware\\TrimStrings->handle(Object(Illuminate\\Http\\Request), Object(Closure))
#24 /var/www/vendor/laravel/framework/src/Illuminate/Http/Middleware/ValidatePostSize.php(27): Illuminate\\Pipeline\\Pipeline->Illuminate\\Pipeline\\{closure}(Object(Illuminate\\Http\\Request))
#25 /var/www/vendor/laravel/framework/src/Illuminate/Pipeline/Pipeline.php(209): Illuminate\\Http\\Middleware\\ValidatePostSize->handle(Object(Illuminate\\Http\\Request), Object(Closure))
#26 /var/www/vendor/laravel/framework/src/Illuminate/Foundation/Http/Middleware/PreventRequestsDuringMaintenance.php(110): Illuminate\\Pipeline\\Pipeline->Illuminate\\Pipeline\\{closure}(Object(Illuminate\\Http\\Request))
#27 /var/www/vendor/laravel/framework/src/Illuminate/Pipeline/Pipeline.php(209): Illuminate\\Foundation\\Http\\Middleware\\PreventRequestsDuringMaintenance->handle(Object(Illuminate\\Http\\Request), Object(Closure))
#28 /var/www/vendor/laravel/framework/src/Illuminate/Http/Middleware/HandleCors.php(62): Illuminate\\Pipeline\\Pipeline->Illuminate\\Pipeline\\{closure}(Object(Illuminate\\Http\\Request))
#29 /var/www/vendor/laravel/framework/src/Illuminate/Pipeline/Pipeline.php(209): Illuminate\\Http\\Middleware\\HandleCors->handle(Object(Illuminate\\Http\\Request), Object(Closure))
#30 /var/www/vendor/laravel/framework/src/Illuminate/Http/Middleware/TrustProxies.php(58): Illuminate\\Pipeline\\Pipeline->Illuminate\\Pipeline\\{closure}(Object(Illuminate\\Http\\Request))
#31 /var/www/vendor/laravel/framework/src/Illuminate/Pipeline/Pipeline.php(209): Illuminate\\Http\\Middleware\\TrustProxies->handle(Object(Illuminate\\Http\\Request), Object(Closure))
#32 /var/www/vendor/laravel/framework/src/Illuminate/Foundation/Http/Middleware/InvokeDeferredCallbacks.php(22): Illuminate\\Pipeline\\Pipeline->Illuminate\\Pipeline\\{closure}(Object(Illuminate\\Http\\Request))
#33 /var/www/vendor/laravel/framework/src/Illuminate/Pipeline/Pipeline.php(209): Illuminate\\Foundation\\Http\\Middleware\\InvokeDeferredCallbacks->handle(Object(Illuminate\\Http\\Request), Object(Closure))
#34 /var/www/vendor/laravel/framework/src/Illuminate/Pipeline/Pipeline.php(127): Illuminate\\Pipeline\\Pipeline->Illuminate\\Pipeline\\{closure}(Object(Illuminate\\Http\\Request))
#35 /var/www/vendor/laravel/framework/src/Illuminate/Foundation/Http/Kernel.php(176): Illuminate\\Pipeline\\Pipeline->then(Object(Closure))
#36 /var/www/vendor/laravel/framework/src/Illuminate/Foundation/Http/Kernel.php(145): Illuminate\\Foundation\\Http\\Kernel->sendRequestThroughRouter(Object(Illuminate\\Http\\Request))
#37 /var/www/vendor/laravel/framework/src/Illuminate/Foundation/Application.php(1220): Illuminate\\Foundation\\Http\\Kernel->handle(Object(Illuminate\\Http\\Request))
#38 /var/www/public/index.php(17): Illuminate\\Foundation\\Application->handleRequest(Object(Illuminate\\Http\\Request))
#39 /var/www/vendor/laravel/framework/src/Illuminate/Foundation/resources/server.php(23): require_once('/var/www/public...')
#40 {main}
"} 
[2025-08-27 13:28:55] local.ERROR: Call to undefined method App\Http\Controllers\ClientController::store() {"exception":"[object] (Error(code: 0): Call to undefined method App\\Http\\Controllers\\ClientController::store() at /var/www/vendor/laravel/framework/src/Illuminate/Routing/ControllerDispatcher.php:47)
[stacktrace]
#0 /var/www/vendor/laravel/framework/src/Illuminate/Routing/Route.php(266): Illuminate\\Routing\\ControllerDispatcher->dispatch(Object(Illuminate\\Routing\\Route), Object(App\\Http\\Controllers\\ClientController), 'store')
#1 /var/www/vendor/laravel/framework/src/Illuminate/Routing/Route.php(212): Illuminate\\Routing\\Route->runController()
#2 /var/www/vendor/laravel/framework/src/Illuminate/Routing/Router.php(808): Illuminate\\Routing\\Route->run()
#3 /var/www/vendor/laravel/framework/src/Illuminate/Pipeline/Pipeline.php(170): Illuminate\\Routing\\Router->Illuminate\\Routing\\{closure}(Object(Illuminate\\Http\\Request))
#4 /var/www/vendor/laravel/framework/src/Illuminate/Routing/Middleware/SubstituteBindings.php(51): Illuminate\\Pipeline\\Pipeline->Illuminate\\Pipeline\\{closure}(Object(Illuminate\\Http\\Request))
#5 /var/www/vendor/laravel/framework/src/Illuminate/Pipeline/Pipeline.php(209): Illuminate\\Routing\\Middleware\\SubstituteBindings->handle(Object(Illuminate\\Http\\Request), Object(Closure))
#6 /var/www/vendor/laravel/sanctum/src/Http/Middleware/EnsureFrontendRequestsAreStateful.php(26): Illuminate\\Pipeline\\Pipeline->Illuminate\\Pipeline\\{closure}(Object(Illuminate\\Http\\Request))
#7 /var/www/vendor/laravel/framework/src/Illuminate/Pipeline/Pipeline.php(170): Laravel\\Sanctum\\Http\\Middleware\\EnsureFrontendRequestsAreStateful->Laravel\\Sanctum\\Http\\Middleware\\{closure}(Object(Illuminate\\Http\\Request))
#8 /var/www/vendor/laravel/framework/src/Illuminate/Pipeline/Pipeline.php(127): Illuminate\\Pipeline\\Pipeline->Illuminate\\Pipeline\\{closure}(Object(Illuminate\\Http\\Request))
#9 /var/www/vendor/laravel/sanctum/src/Http/Middleware/EnsureFrontendRequestsAreStateful.php(25): Illuminate\\Pipeline\\Pipeline->then(Object(Closure))
#10 /var/www/vendor/laravel/framework/src/Illuminate/Pipeline/Pipeline.php(209): Laravel\\Sanctum\\Http\\Middleware\\EnsureFrontendRequestsAreStateful->handle(Object(Illuminate\\Http\\Request), Object(Closure))
#11 /var/www/vendor/laravel/framework/src/Illuminate/Pipeline/Pipeline.php(127): Illuminate\\Pipeline\\Pipeline->Illuminate\\Pipeline\\{closure}(Object(Illuminate\\Http\\Request))
#12 /var/www/vendor/laravel/framework/src/Illuminate/Routing/Router.php(807): Illuminate\\Pipeline\\Pipeline->then(Object(Closure))
#13 /var/www/vendor/laravel/framework/src/Illuminate/Routing/Router.php(786): Illuminate\\Routing\\Router->runRouteWithinStack(Object(Illuminate\\Routing\\Route), Object(Illuminate\\Http\\Request))
#14 /var/www/vendor/laravel/framework/src/Illuminate/Routing/Router.php(750): Illuminate\\Routing\\Router->runRoute(Object(Illuminate\\Http\\Request), Object(Illuminate\\Routing\\Route))
#15 /var/www/vendor/laravel/framework/src/Illuminate/Routing/Router.php(739): Illuminate\\Routing\\Router->dispatchToRoute(Object(Illuminate\\Http\\Request))
#16 /var/www/vendor/laravel/framework/src/Illuminate/Foundation/Http/Kernel.php(201): Illuminate\\Routing\\Router->dispatch(Object(Illuminate\\Http\\Request))
#17 /var/www/vendor/laravel/framework/src/Illuminate/Pipeline/Pipeline.php(170): Illuminate\\Foundation\\Http\\Kernel->Illuminate\\Foundation\\Http\\{closure}(Object(Illuminate\\Http\\Request))
#18 /var/www/vendor/laravel/framework/src/Illuminate/Foundation/Http/Middleware/TransformsRequest.php(21): Illuminate\\Pipeline\\Pipeline->Illuminate\\Pipeline\\{closure}(Object(Illuminate\\Http\\Request))
#19 /var/www/vendor/laravel/framework/src/Illuminate/Foundation/Http/Middleware/ConvertEmptyStringsToNull.php(31): Illuminate\\Foundation\\Http\\Middleware\\TransformsRequest->handle(Object(Illuminate\\Http\\Request), Object(Closure))
#20 /var/www/vendor/laravel/framework/src/Illuminate/Pipeline/Pipeline.php(209): Illuminate\\Foundation\\Http\\Middleware\\ConvertEmptyStringsToNull->handle(Object(Illuminate\\Http\\Request), Object(Closure))
#21 /var/www/vendor/laravel/framework/src/Illuminate/Foundation/Http/Middleware/TransformsRequest.php(21): Illuminate\\Pipeline\\Pipeline->Illuminate\\Pipeline\\{closure}(Object(Illuminate\\Http\\Request))
#22 /var/www/vendor/laravel/framework/src/Illuminate/Foundation/Http/Middleware/TrimStrings.php(51): Illuminate\\Foundation\\Http\\Middleware\\TransformsRequest->handle(Object(Illuminate\\Http\\Request), Object(Closure))
#23 /var/www/vendor/laravel/framework/src/Illuminate/Pipeline/Pipeline.php(209): Illuminate\\Foundation\\Http\\Middleware\\TrimStrings->handle(Object(Illuminate\\Http\\Request), Object(Closure))
#24 /var/www/vendor/laravel/framework/src/Illuminate/Http/Middleware/ValidatePostSize.php(27): Illuminate\\Pipeline\\Pipeline->Illuminate\\Pipeline\\{closure}(Object(Illuminate\\Http\\Request))
#25 /var/www/vendor/laravel/framework/src/Illuminate/Pipeline/Pipeline.php(209): Illuminate\\Http\\Middleware\\ValidatePostSize->handle(Object(Illuminate\\Http\\Request), Object(Closure))
#26 /var/www/vendor/laravel/framework/src/Illuminate/Foundation/Http/Middleware/PreventRequestsDuringMaintenance.php(110): Illuminate\\Pipeline\\Pipeline->Illuminate\\Pipeline\\{closure}(Object(Illuminate\\Http\\Request))
#27 /var/www/vendor/laravel/framework/src/Illuminate/Pipeline/Pipeline.php(209): Illuminate\\Foundation\\Http\\Middleware\\PreventRequestsDuringMaintenance->handle(Object(Illuminate\\Http\\Request), Object(Closure))
#28 /var/www/vendor/laravel/framework/src/Illuminate/Http/Middleware/HandleCors.php(62): Illuminate\\Pipeline\\Pipeline->Illuminate\\Pipeline\\{closure}(Object(Illuminate\\Http\\Request))
#29 /var/www/vendor/laravel/framework/src/Illuminate/Pipeline/Pipeline.php(209): Illuminate\\Http\\Middleware\\HandleCors->handle(Object(Illuminate\\Http\\Request), Object(Closure))
#30 /var/www/vendor/laravel/framework/src/Illuminate/Http/Middleware/TrustProxies.php(58): Illuminate\\Pipeline\\Pipeline->Illuminate\\Pipeline\\{closure}(Object(Illuminate\\Http\\Request))
#31 /var/www/vendor/laravel/framework/src/Illuminate/Pipeline/Pipeline.php(209): Illuminate\\Http\\Middleware\\TrustProxies->handle(Object(Illuminate\\Http\\Request), Object(Closure))
#32 /var/www/vendor/laravel/framework/src/Illuminate/Foundation/Http/Middleware/InvokeDeferredCallbacks.php(22): Illuminate\\Pipeline\\Pipeline->Illuminate\\Pipeline\\{closure}(Object(Illuminate\\Http\\Request))
#33 /var/www/vendor/laravel/framework/src/Illuminate/Pipeline/Pipeline.php(209): Illuminate\\Foundation\\Http\\Middleware\\InvokeDeferredCallbacks->handle(Object(Illuminate\\Http\\Request), Object(Closure))
#34 /var/www/vendor/laravel/framework/src/Illuminate/Pipeline/Pipeline.php(127): Illuminate\\Pipeline\\Pipeline->Illuminate\\Pipeline\\{closure}(Object(Illuminate\\Http\\Request))
#35 /var/www/vendor/laravel/framework/src/Illuminate/Foundation/Http/Kernel.php(176): Illuminate\\Pipeline\\Pipeline->then(Object(Closure))
#36 /var/www/vendor/laravel/framework/src/Illuminate/Foundation/Http/Kernel.php(145): Illuminate\\Foundation\\Http\\Kernel->sendRequestThroughRouter(Object(Illuminate\\Http\\Request))
#37 /var/www/vendor/laravel/framework/src/Illuminate/Foundation/Application.php(1220): Illuminate\\Foundation\\Http\\Kernel->handle(Object(Illuminate\\Http\\Request))
#38 /var/www/public/index.php(17): Illuminate\\Foundation\\Application->handleRequest(Object(Illuminate\\Http\\Request))
#39 /var/www/vendor/laravel/framework/src/Illuminate/Foundation/resources/server.php(23): require_once('/var/www/public...')
#40 {main}
"} 
[2025-08-27 13:29:22] local.ERROR: Call to undefined method App\Http\Controllers\ClientController::update() {"exception":"[object] (Error(code: 0): Call to undefined method App\\Http\\Controllers\\ClientController::update() at /var/www/vendor/laravel/framework/src/Illuminate/Routing/ControllerDispatcher.php:47)
[stacktrace]
#0 /var/www/vendor/laravel/framework/src/Illuminate/Routing/Route.php(266): Illuminate\\Routing\\ControllerDispatcher->dispatch(Object(Illuminate\\Routing\\Route), Object(App\\Http\\Controllers\\ClientController), 'update')
#1 /var/www/vendor/laravel/framework/src/Illuminate/Routing/Route.php(212): Illuminate\\Routing\\Route->runController()
#2 /var/www/vendor/laravel/framework/src/Illuminate/Routing/Router.php(808): Illuminate\\Routing\\Route->run()
#3 /var/www/vendor/laravel/framework/src/Illuminate/Pipeline/Pipeline.php(170): Illuminate\\Routing\\Router->Illuminate\\Routing\\{closure}(Object(Illuminate\\Http\\Request))
#4 /var/www/vendor/laravel/framework/src/Illuminate/Routing/Middleware/SubstituteBindings.php(51): Illuminate\\Pipeline\\Pipeline->Illuminate\\Pipeline\\{closure}(Object(Illuminate\\Http\\Request))
#5 /var/www/vendor/laravel/framework/src/Illuminate/Pipeline/Pipeline.php(209): Illuminate\\Routing\\Middleware\\SubstituteBindings->handle(Object(Illuminate\\Http\\Request), Object(Closure))
#6 /var/www/vendor/laravel/sanctum/src/Http/Middleware/EnsureFrontendRequestsAreStateful.php(26): Illuminate\\Pipeline\\Pipeline->Illuminate\\Pipeline\\{closure}(Object(Illuminate\\Http\\Request))
#7 /var/www/vendor/laravel/framework/src/Illuminate/Pipeline/Pipeline.php(170): Laravel\\Sanctum\\Http\\Middleware\\EnsureFrontendRequestsAreStateful->Laravel\\Sanctum\\Http\\Middleware\\{closure}(Object(Illuminate\\Http\\Request))
#8 /var/www/vendor/laravel/framework/src/Illuminate/Pipeline/Pipeline.php(127): Illuminate\\Pipeline\\Pipeline->Illuminate\\Pipeline\\{closure}(Object(Illuminate\\Http\\Request))
#9 /var/www/vendor/laravel/sanctum/src/Http/Middleware/EnsureFrontendRequestsAreStateful.php(25): Illuminate\\Pipeline\\Pipeline->then(Object(Closure))
#10 /var/www/vendor/laravel/framework/src/Illuminate/Pipeline/Pipeline.php(209): Laravel\\Sanctum\\Http\\Middleware\\EnsureFrontendRequestsAreStateful->handle(Object(Illuminate\\Http\\Request), Object(Closure))
#11 /var/www/vendor/laravel/framework/src/Illuminate/Pipeline/Pipeline.php(127): Illuminate\\Pipeline\\Pipeline->Illuminate\\Pipeline\\{closure}(Object(Illuminate\\Http\\Request))
#12 /var/www/vendor/laravel/framework/src/Illuminate/Routing/Router.php(807): Illuminate\\Pipeline\\Pipeline->then(Object(Closure))
#13 /var/www/vendor/laravel/framework/src/Illuminate/Routing/Router.php(786): Illuminate\\Routing\\Router->runRouteWithinStack(Object(Illuminate\\Routing\\Route), Object(Illuminate\\Http\\Request))
#14 /var/www/vendor/laravel/framework/src/Illuminate/Routing/Router.php(750): Illuminate\\Routing\\Router->runRoute(Object(Illuminate\\Http\\Request), Object(Illuminate\\Routing\\Route))
#15 /var/www/vendor/laravel/framework/src/Illuminate/Routing/Router.php(739): Illuminate\\Routing\\Router->dispatchToRoute(Object(Illuminate\\Http\\Request))
#16 /var/www/vendor/laravel/framework/src/Illuminate/Foundation/Http/Kernel.php(201): Illuminate\\Routing\\Router->dispatch(Object(Illuminate\\Http\\Request))
#17 /var/www/vendor/laravel/framework/src/Illuminate/Pipeline/Pipeline.php(170): Illuminate\\Foundation\\Http\\Kernel->Illuminate\\Foundation\\Http\\{closure}(Object(Illuminate\\Http\\Request))
#18 /var/www/vendor/laravel/framework/src/Illuminate/Foundation/Http/Middleware/TransformsRequest.php(21): Illuminate\\Pipeline\\Pipeline->Illuminate\\Pipeline\\{closure}(Object(Illuminate\\Http\\Request))
#19 /var/www/vendor/laravel/framework/src/Illuminate/Foundation/Http/Middleware/ConvertEmptyStringsToNull.php(31): Illuminate\\Foundation\\Http\\Middleware\\TransformsRequest->handle(Object(Illuminate\\Http\\Request), Object(Closure))
#20 /var/www/vendor/laravel/framework/src/Illuminate/Pipeline/Pipeline.php(209): Illuminate\\Foundation\\Http\\Middleware\\ConvertEmptyStringsToNull->handle(Object(Illuminate\\Http\\Request), Object(Closure))
#21 /var/www/vendor/laravel/framework/src/Illuminate/Foundation/Http/Middleware/TransformsRequest.php(21): Illuminate\\Pipeline\\Pipeline->Illuminate\\Pipeline\\{closure}(Object(Illuminate\\Http\\Request))
#22 /var/www/vendor/laravel/framework/src/Illuminate/Foundation/Http/Middleware/TrimStrings.php(51): Illuminate\\Foundation\\Http\\Middleware\\TransformsRequest->handle(Object(Illuminate\\Http\\Request), Object(Closure))
#23 /var/www/vendor/laravel/framework/src/Illuminate/Pipeline/Pipeline.php(209): Illuminate\\Foundation\\Http\\Middleware\\TrimStrings->handle(Object(Illuminate\\Http\\Request), Object(Closure))
#24 /var/www/vendor/laravel/framework/src/Illuminate/Http/Middleware/ValidatePostSize.php(27): Illuminate\\Pipeline\\Pipeline->Illuminate\\Pipeline\\{closure}(Object(Illuminate\\Http\\Request))
#25 /var/www/vendor/laravel/framework/src/Illuminate/Pipeline/Pipeline.php(209): Illuminate\\Http\\Middleware\\ValidatePostSize->handle(Object(Illuminate\\Http\\Request), Object(Closure))
#26 /var/www/vendor/laravel/framework/src/Illuminate/Foundation/Http/Middleware/PreventRequestsDuringMaintenance.php(110): Illuminate\\Pipeline\\Pipeline->Illuminate\\Pipeline\\{closure}(Object(Illuminate\\Http\\Request))
#27 /var/www/vendor/laravel/framework/src/Illuminate/Pipeline/Pipeline.php(209): Illuminate\\Foundation\\Http\\Middleware\\PreventRequestsDuringMaintenance->handle(Object(Illuminate\\Http\\Request), Object(Closure))
#28 /var/www/vendor/laravel/framework/src/Illuminate/Http/Middleware/HandleCors.php(62): Illuminate\\Pipeline\\Pipeline->Illuminate\\Pipeline\\{closure}(Object(Illuminate\\Http\\Request))
#29 /var/www/vendor/laravel/framework/src/Illuminate/Pipeline/Pipeline.php(209): Illuminate\\Http\\Middleware\\HandleCors->handle(Object(Illuminate\\Http\\Request), Object(Closure))
#30 /var/www/vendor/laravel/framework/src/Illuminate/Http/Middleware/TrustProxies.php(58): Illuminate\\Pipeline\\Pipeline->Illuminate\\Pipeline\\{closure}(Object(Illuminate\\Http\\Request))
#31 /var/www/vendor/laravel/framework/src/Illuminate/Pipeline/Pipeline.php(209): Illuminate\\Http\\Middleware\\TrustProxies->handle(Object(Illuminate\\Http\\Request), Object(Closure))
#32 /var/www/vendor/laravel/framework/src/Illuminate/Foundation/Http/Middleware/InvokeDeferredCallbacks.php(22): Illuminate\\Pipeline\\Pipeline->Illuminate\\Pipeline\\{closure}(Object(Illuminate\\Http\\Request))
#33 /var/www/vendor/laravel/framework/src/Illuminate/Pipeline/Pipeline.php(209): Illuminate\\Foundation\\Http\\Middleware\\InvokeDeferredCallbacks->handle(Object(Illuminate\\Http\\Request), Object(Closure))
#34 /var/www/vendor/laravel/framework/src/Illuminate/Pipeline/Pipeline.php(127): Illuminate\\Pipeline\\Pipeline->Illuminate\\Pipeline\\{closure}(Object(Illuminate\\Http\\Request))
#35 /var/www/vendor/laravel/framework/src/Illuminate/Foundation/Http/Kernel.php(176): Illuminate\\Pipeline\\Pipeline->then(Object(Closure))
#36 /var/www/vendor/laravel/framework/src/Illuminate/Foundation/Http/Kernel.php(145): Illuminate\\Foundation\\Http\\Kernel->sendRequestThroughRouter(Object(Illuminate\\Http\\Request))
#37 /var/www/vendor/laravel/framework/src/Illuminate/Foundation/Application.php(1220): Illuminate\\Foundation\\Http\\Kernel->handle(Object(Illuminate\\Http\\Request))
#38 /var/www/public/index.php(17): Illuminate\\Foundation\\Application->handleRequest(Object(Illuminate\\Http\\Request))
#39 /var/www/vendor/laravel/framework/src/Illuminate/Foundation/resources/server.php(23): require_once('/var/www/public...')
#40 {main}
"} 
[2025-08-27 13:29:43] local.ERROR: Call to undefined method App\Http\Controllers\ClientController::destroy() {"exception":"[object] (Error(code: 0): Call to undefined method App\\Http\\Controllers\\ClientController::destroy() at /var/www/vendor/laravel/framework/src/Illuminate/Routing/ControllerDispatcher.php:47)
[stacktrace]
#0 /var/www/vendor/laravel/framework/src/Illuminate/Routing/Route.php(266): Illuminate\\Routing\\ControllerDispatcher->dispatch(Object(Illuminate\\Routing\\Route), Object(App\\Http\\Controllers\\ClientController), 'destroy')
#1 /var/www/vendor/laravel/framework/src/Illuminate/Routing/Route.php(212): Illuminate\\Routing\\Route->runController()
#2 /var/www/vendor/laravel/framework/src/Illuminate/Routing/Router.php(808): Illuminate\\Routing\\Route->run()
#3 /var/www/vendor/laravel/framework/src/Illuminate/Pipeline/Pipeline.php(170): Illuminate\\Routing\\Router->Illuminate\\Routing\\{closure}(Object(Illuminate\\Http\\Request))
#4 /var/www/vendor/laravel/framework/src/Illuminate/Routing/Middleware/SubstituteBindings.php(51): Illuminate\\Pipeline\\Pipeline->Illuminate\\Pipeline\\{closure}(Object(Illuminate\\Http\\Request))
#5 /var/www/vendor/laravel/framework/src/Illuminate/Pipeline/Pipeline.php(209): Illuminate\\Routing\\Middleware\\SubstituteBindings->handle(Object(Illuminate\\Http\\Request), Object(Closure))
#6 /var/www/vendor/laravel/sanctum/src/Http/Middleware/EnsureFrontendRequestsAreStateful.php(26): Illuminate\\Pipeline\\Pipeline->Illuminate\\Pipeline\\{closure}(Object(Illuminate\\Http\\Request))
#7 /var/www/vendor/laravel/framework/src/Illuminate/Pipeline/Pipeline.php(170): Laravel\\Sanctum\\Http\\Middleware\\EnsureFrontendRequestsAreStateful->Laravel\\Sanctum\\Http\\Middleware\\{closure}(Object(Illuminate\\Http\\Request))
#8 /var/www/vendor/laravel/framework/src/Illuminate/Pipeline/Pipeline.php(127): Illuminate\\Pipeline\\Pipeline->Illuminate\\Pipeline\\{closure}(Object(Illuminate\\Http\\Request))
#9 /var/www/vendor/laravel/sanctum/src/Http/Middleware/EnsureFrontendRequestsAreStateful.php(25): Illuminate\\Pipeline\\Pipeline->then(Object(Closure))
#10 /var/www/vendor/laravel/framework/src/Illuminate/Pipeline/Pipeline.php(209): Laravel\\Sanctum\\Http\\Middleware\\EnsureFrontendRequestsAreStateful->handle(Object(Illuminate\\Http\\Request), Object(Closure))
#11 /var/www/vendor/laravel/framework/src/Illuminate/Pipeline/Pipeline.php(127): Illuminate\\Pipeline\\Pipeline->Illuminate\\Pipeline\\{closure}(Object(Illuminate\\Http\\Request))
#12 /var/www/vendor/laravel/framework/src/Illuminate/Routing/Router.php(807): Illuminate\\Pipeline\\Pipeline->then(Object(Closure))
#13 /var/www/vendor/laravel/framework/src/Illuminate/Routing/Router.php(786): Illuminate\\Routing\\Router->runRouteWithinStack(Object(Illuminate\\Routing\\Route), Object(Illuminate\\Http\\Request))
#14 /var/www/vendor/laravel/framework/src/Illuminate/Routing/Router.php(750): Illuminate\\Routing\\Router->runRoute(Object(Illuminate\\Http\\Request), Object(Illuminate\\Routing\\Route))
#15 /var/www/vendor/laravel/framework/src/Illuminate/Routing/Router.php(739): Illuminate\\Routing\\Router->dispatchToRoute(Object(Illuminate\\Http\\Request))
#16 /var/www/vendor/laravel/framework/src/Illuminate/Foundation/Http/Kernel.php(201): Illuminate\\Routing\\Router->dispatch(Object(Illuminate\\Http\\Request))
#17 /var/www/vendor/laravel/framework/src/Illuminate/Pipeline/Pipeline.php(170): Illuminate\\Foundation\\Http\\Kernel->Illuminate\\Foundation\\Http\\{closure}(Object(Illuminate\\Http\\Request))
#18 /var/www/vendor/laravel/framework/src/Illuminate/Foundation/Http/Middleware/TransformsRequest.php(21): Illuminate\\Pipeline\\Pipeline->Illuminate\\Pipeline\\{closure}(Object(Illuminate\\Http\\Request))
#19 /var/www/vendor/laravel/framework/src/Illuminate/Foundation/Http/Middleware/ConvertEmptyStringsToNull.php(31): Illuminate\\Foundation\\Http\\Middleware\\TransformsRequest->handle(Object(Illuminate\\Http\\Request), Object(Closure))
#20 /var/www/vendor/laravel/framework/src/Illuminate/Pipeline/Pipeline.php(209): Illuminate\\Foundation\\Http\\Middleware\\ConvertEmptyStringsToNull->handle(Object(Illuminate\\Http\\Request), Object(Closure))
#21 /var/www/vendor/laravel/framework/src/Illuminate/Foundation/Http/Middleware/TransformsRequest.php(21): Illuminate\\Pipeline\\Pipeline->Illuminate\\Pipeline\\{closure}(Object(Illuminate\\Http\\Request))
#22 /var/www/vendor/laravel/framework/src/Illuminate/Foundation/Http/Middleware/TrimStrings.php(51): Illuminate\\Foundation\\Http\\Middleware\\TransformsRequest->handle(Object(Illuminate\\Http\\Request), Object(Closure))
#23 /var/www/vendor/laravel/framework/src/Illuminate/Pipeline/Pipeline.php(209): Illuminate\\Foundation\\Http\\Middleware\\TrimStrings->handle(Object(Illuminate\\Http\\Request), Object(Closure))
#24 /var/www/vendor/laravel/framework/src/Illuminate/Http/Middleware/ValidatePostSize.php(27): Illuminate\\Pipeline\\Pipeline->Illuminate\\Pipeline\\{closure}(Object(Illuminate\\Http\\Request))
#25 /var/www/vendor/laravel/framework/src/Illuminate/Pipeline/Pipeline.php(209): Illuminate\\Http\\Middleware\\ValidatePostSize->handle(Object(Illuminate\\Http\\Request), Object(Closure))
#26 /var/www/vendor/laravel/framework/src/Illuminate/Foundation/Http/Middleware/PreventRequestsDuringMaintenance.php(110): Illuminate\\Pipeline\\Pipeline->Illuminate\\Pipeline\\{closure}(Object(Illuminate\\Http\\Request))
#27 /var/www/vendor/laravel/framework/src/Illuminate/Pipeline/Pipeline.php(209): Illuminate\\Foundation\\Http\\Middleware\\PreventRequestsDuringMaintenance->handle(Object(Illuminate\\Http\\Request), Object(Closure))
#28 /var/www/vendor/laravel/framework/src/Illuminate/Http/Middleware/HandleCors.php(62): Illuminate\\Pipeline\\Pipeline->Illuminate\\Pipeline\\{closure}(Object(Illuminate\\Http\\Request))
#29 /var/www/vendor/laravel/framework/src/Illuminate/Pipeline/Pipeline.php(209): Illuminate\\Http\\Middleware\\HandleCors->handle(Object(Illuminate\\Http\\Request), Object(Closure))
#30 /var/www/vendor/laravel/framework/src/Illuminate/Http/Middleware/TrustProxies.php(58): Illuminate\\Pipeline\\Pipeline->Illuminate\\Pipeline\\{closure}(Object(Illuminate\\Http\\Request))
#31 /var/www/vendor/laravel/framework/src/Illuminate/Pipeline/Pipeline.php(209): Illuminate\\Http\\Middleware\\TrustProxies->handle(Object(Illuminate\\Http\\Request), Object(Closure))
#32 /var/www/vendor/laravel/framework/src/Illuminate/Foundation/Http/Middleware/InvokeDeferredCallbacks.php(22): Illuminate\\Pipeline\\Pipeline->Illuminate\\Pipeline\\{closure}(Object(Illuminate\\Http\\Request))
#33 /var/www/vendor/laravel/framework/src/Illuminate/Pipeline/Pipeline.php(209): Illuminate\\Foundation\\Http\\Middleware\\InvokeDeferredCallbacks->handle(Object(Illuminate\\Http\\Request), Object(Closure))
#34 /var/www/vendor/laravel/framework/src/Illuminate/Pipeline/Pipeline.php(127): Illuminate\\Pipeline\\Pipeline->Illuminate\\Pipeline\\{closure}(Object(Illuminate\\Http\\Request))
#35 /var/www/vendor/laravel/framework/src/Illuminate/Foundation/Http/Kernel.php(176): Illuminate\\Pipeline\\Pipeline->then(Object(Closure))
#36 /var/www/vendor/laravel/framework/src/Illuminate/Foundation/Http/Kernel.php(145): Illuminate\\Foundation\\Http\\Kernel->sendRequestThroughRouter(Object(Illuminate\\Http\\Request))
#37 /var/www/vendor/laravel/framework/src/Illuminate/Foundation/Application.php(1220): Illuminate\\Foundation\\Http\\Kernel->handle(Object(Illuminate\\Http\\Request))
#38 /var/www/public/index.php(17): Illuminate\\Foundation\\Application->handleRequest(Object(Illuminate\\Http\\Request))
#39 /var/www/vendor/laravel/framework/src/Illuminate/Foundation/resources/server.php(23): require_once('/var/www/public...')
#40 {main}
"} 
[2025-08-28 11:06:52] local.ERROR: View [welcome] not found. {"exception":"[object] (InvalidArgumentException(code: 0): View [welcome] not found. at /var/www/vendor/laravel/framework/src/Illuminate/View/FileViewFinder.php:139)
[stacktrace]
#0 /var/www/vendor/laravel/framework/src/Illuminate/View/FileViewFinder.php(79): Illuminate\\View\\FileViewFinder->findInPaths('welcome', Array)
#1 /var/www/vendor/laravel/framework/src/Illuminate/View/Factory.php(151): Illuminate\\View\\FileViewFinder->find('welcome')
#2 /var/www/vendor/laravel/framework/src/Illuminate/Routing/ResponseFactory.php(90): Illuminate\\View\\Factory->make('welcome', Array)
#3 /var/www/vendor/laravel/framework/src/Illuminate/Routing/ViewController.php(41): Illuminate\\Routing\\ResponseFactory->view('welcome', Array, 200, Array)
#4 /var/www/vendor/laravel/framework/src/Illuminate/Routing/ViewController.php(58): Illuminate\\Routing\\ViewController->__invoke(view: 'welcome', data: Array, status: 200, headers: Array)
#5 /var/www/vendor/laravel/framework/src/Illuminate/Routing/ControllerDispatcher.php(44): Illuminate\\Routing\\ViewController->callAction('__invoke', Array)
#6 /var/www/vendor/laravel/framework/src/Illuminate/Routing/Route.php(266): Illuminate\\Routing\\ControllerDispatcher->dispatch(Object(Illuminate\\Routing\\Route), Object(Illuminate\\Routing\\ViewController), '__invoke')
#7 /var/www/vendor/laravel/framework/src/Illuminate/Routing/Route.php(212): Illuminate\\Routing\\Route->runController()
#8 /var/www/vendor/laravel/framework/src/Illuminate/Routing/Router.php(808): Illuminate\\Routing\\Route->run()
#9 /var/www/vendor/laravel/framework/src/Illuminate/Pipeline/Pipeline.php(170): Illuminate\\Routing\\Router->Illuminate\\Routing\\{closure}(Object(Illuminate\\Http\\Request))
#10 /var/www/vendor/laravel/framework/src/Illuminate/Routing/Middleware/SubstituteBindings.php(51): Illuminate\\Pipeline\\Pipeline->Illuminate\\Pipeline\\{closure}(Object(Illuminate\\Http\\Request))
#11 /var/www/vendor/laravel/framework/src/Illuminate/Pipeline/Pipeline.php(209): Illuminate\\Routing\\Middleware\\SubstituteBindings->handle(Object(Illuminate\\Http\\Request), Object(Closure))
#12 /var/www/vendor/laravel/framework/src/Illuminate/Foundation/Http/Middleware/VerifyCsrfToken.php(88): Illuminate\\Pipeline\\Pipeline->Illuminate\\Pipeline\\{closure}(Object(Illuminate\\Http\\Request))
#13 /var/www/vendor/laravel/framework/src/Illuminate/Pipeline/Pipeline.php(209): Illuminate\\Foundation\\Http\\Middleware\\VerifyCsrfToken->handle(Object(Illuminate\\Http\\Request), Object(Closure))
#14 /var/www/vendor/laravel/framework/src/Illuminate/View/Middleware/ShareErrorsFromSession.php(49): Illuminate\\Pipeline\\Pipeline->Illuminate\\Pipeline\\{closure}(Object(Illuminate\\Http\\Request))
#15 /var/www/vendor/laravel/framework/src/Illuminate/Pipeline/Pipeline.php(209): Illuminate\\View\\Middleware\\ShareErrorsFromSession->handle(Object(Illuminate\\Http\\Request), Object(Closure))
#16 /var/www/vendor/laravel/framework/src/Illuminate/Session/Middleware/StartSession.php(121): Illuminate\\Pipeline\\Pipeline->Illuminate\\Pipeline\\{closure}(Object(Illuminate\\Http\\Request))
#17 /var/www/vendor/laravel/framework/src/Illuminate/Session/Middleware/StartSession.php(64): Illuminate\\Session\\Middleware\\StartSession->handleStatefulRequest(Object(Illuminate\\Http\\Request), Object(Illuminate\\Session\\Store), Object(Closure))
#18 /var/www/vendor/laravel/framework/src/Illuminate/Pipeline/Pipeline.php(209): Illuminate\\Session\\Middleware\\StartSession->handle(Object(Illuminate\\Http\\Request), Object(Closure))
#19 /var/www/vendor/laravel/framework/src/Illuminate/Cookie/Middleware/AddQueuedCookiesToResponse.php(37): Illuminate\\Pipeline\\Pipeline->Illuminate\\Pipeline\\{closure}(Object(Illuminate\\Http\\Request))
#20 /var/www/vendor/laravel/framework/src/Illuminate/Pipeline/Pipeline.php(209): Illuminate\\Cookie\\Middleware\\AddQueuedCookiesToResponse->handle(Object(Illuminate\\Http\\Request), Object(Closure))
#21 /var/www/vendor/laravel/framework/src/Illuminate/Cookie/Middleware/EncryptCookies.php(75): Illuminate\\Pipeline\\Pipeline->Illuminate\\Pipeline\\{closure}(Object(Illuminate\\Http\\Request))
#22 /var/www/vendor/laravel/framework/src/Illuminate/Pipeline/Pipeline.php(209): Illuminate\\Cookie\\Middleware\\EncryptCookies->handle(Object(Illuminate\\Http\\Request), Object(Closure))
#23 /var/www/vendor/laravel/framework/src/Illuminate/Pipeline/Pipeline.php(127): Illuminate\\Pipeline\\Pipeline->Illuminate\\Pipeline\\{closure}(Object(Illuminate\\Http\\Request))
#24 /var/www/vendor/laravel/framework/src/Illuminate/Routing/Router.php(807): Illuminate\\Pipeline\\Pipeline->then(Object(Closure))
#25 /var/www/vendor/laravel/framework/src/Illuminate/Routing/Router.php(786): Illuminate\\Routing\\Router->runRouteWithinStack(Object(Illuminate\\Routing\\Route), Object(Illuminate\\Http\\Request))
#26 /var/www/vendor/laravel/framework/src/Illuminate/Routing/Router.php(750): Illuminate\\Routing\\Router->runRoute(Object(Illuminate\\Http\\Request), Object(Illuminate\\Routing\\Route))
#27 /var/www/vendor/laravel/framework/src/Illuminate/Routing/Router.php(739): Illuminate\\Routing\\Router->dispatchToRoute(Object(Illuminate\\Http\\Request))
#28 /var/www/vendor/laravel/framework/src/Illuminate/Foundation/Http/Kernel.php(201): Illuminate\\Routing\\Router->dispatch(Object(Illuminate\\Http\\Request))
#29 /var/www/vendor/laravel/framework/src/Illuminate/Pipeline/Pipeline.php(170): Illuminate\\Foundation\\Http\\Kernel->Illuminate\\Foundation\\Http\\{closure}(Object(Illuminate\\Http\\Request))
#30 /var/www/vendor/laravel/framework/src/Illuminate/Foundation/Http/Middleware/TransformsRequest.php(21): Illuminate\\Pipeline\\Pipeline->Illuminate\\Pipeline\\{closure}(Object(Illuminate\\Http\\Request))
#31 /var/www/vendor/laravel/framework/src/Illuminate/Foundation/Http/Middleware/ConvertEmptyStringsToNull.php(31): Illuminate\\Foundation\\Http\\Middleware\\TransformsRequest->handle(Object(Illuminate\\Http\\Request), Object(Closure))
#32 /var/www/vendor/laravel/framework/src/Illuminate/Pipeline/Pipeline.php(209): Illuminate\\Foundation\\Http\\Middleware\\ConvertEmptyStringsToNull->handle(Object(Illuminate\\Http\\Request), Object(Closure))
#33 /var/www/vendor/laravel/framework/src/Illuminate/Foundation/Http/Middleware/TransformsRequest.php(21): Illuminate\\Pipeline\\Pipeline->Illuminate\\Pipeline\\{closure}(Object(Illuminate\\Http\\Request))
#34 /var/www/vendor/laravel/framework/src/Illuminate/Foundation/Http/Middleware/TrimStrings.php(51): Illuminate\\Foundation\\Http\\Middleware\\TransformsRequest->handle(Object(Illuminate\\Http\\Request), Object(Closure))
#35 /var/www/vendor/laravel/framework/src/Illuminate/Pipeline/Pipeline.php(209): Illuminate\\Foundation\\Http\\Middleware\\TrimStrings->handle(Object(Illuminate\\Http\\Request), Object(Closure))
#36 /var/www/vendor/laravel/framework/src/Illuminate/Http/Middleware/ValidatePostSize.php(27): Illuminate\\Pipeline\\Pipeline->Illuminate\\Pipeline\\{closure}(Object(Illuminate\\Http\\Request))
#37 /var/www/vendor/laravel/framework/src/Illuminate/Pipeline/Pipeline.php(209): Illuminate\\Http\\Middleware\\ValidatePostSize->handle(Object(Illuminate\\Http\\Request), Object(Closure))
#38 /var/www/vendor/laravel/framework/src/Illuminate/Foundation/Http/Middleware/PreventRequestsDuringMaintenance.php(110): Illuminate\\Pipeline\\Pipeline->Illuminate\\Pipeline\\{closure}(Object(Illuminate\\Http\\Request))
#39 /var/www/vendor/laravel/framework/src/Illuminate/Pipeline/Pipeline.php(209): Illuminate\\Foundation\\Http\\Middleware\\PreventRequestsDuringMaintenance->handle(Object(Illuminate\\Http\\Request), Object(Closure))
#40 /var/www/vendor/laravel/framework/src/Illuminate/Http/Middleware/HandleCors.php(49): Illuminate\\Pipeline\\Pipeline->Illuminate\\Pipeline\\{closure}(Object(Illuminate\\Http\\Request))
#41 /var/www/vendor/laravel/framework/src/Illuminate/Pipeline/Pipeline.php(209): Illuminate\\Http\\Middleware\\HandleCors->handle(Object(Illuminate\\Http\\Request), Object(Closure))
#42 /var/www/vendor/laravel/framework/src/Illuminate/Http/Middleware/TrustProxies.php(58): Illuminate\\Pipeline\\Pipeline->Illuminate\\Pipeline\\{closure}(Object(Illuminate\\Http\\Request))
#43 /var/www/vendor/laravel/framework/src/Illuminate/Pipeline/Pipeline.php(209): Illuminate\\Http\\Middleware\\TrustProxies->handle(Object(Illuminate\\Http\\Request), Object(Closure))
#44 /var/www/vendor/laravel/framework/src/Illuminate/Foundation/Http/Middleware/InvokeDeferredCallbacks.php(22): Illuminate\\Pipeline\\Pipeline->Illuminate\\Pipeline\\{closure}(Object(Illuminate\\Http\\Request))
#45 /var/www/vendor/laravel/framework/src/Illuminate/Pipeline/Pipeline.php(209): Illuminate\\Foundation\\Http\\Middleware\\InvokeDeferredCallbacks->handle(Object(Illuminate\\Http\\Request), Object(Closure))
#46 /var/www/vendor/laravel/framework/src/Illuminate/Pipeline/Pipeline.php(127): Illuminate\\Pipeline\\Pipeline->Illuminate\\Pipeline\\{closure}(Object(Illuminate\\Http\\Request))
#47 /var/www/vendor/laravel/framework/src/Illuminate/Foundation/Http/Kernel.php(176): Illuminate\\Pipeline\\Pipeline->then(Object(Closure))
#48 /var/www/vendor/laravel/framework/src/Illuminate/Foundation/Http/Kernel.php(145): Illuminate\\Foundation\\Http\\Kernel->sendRequestThroughRouter(Object(Illuminate\\Http\\Request))
#49 /var/www/vendor/laravel/framework/src/Illuminate/Foundation/Application.php(1220): Illuminate\\Foundation\\Http\\Kernel->handle(Object(Illuminate\\Http\\Request))
#50 /var/www/public/index.php(17): Illuminate\\Foundation\\Application->handleRequest(Object(Illuminate\\Http\\Request))
#51 /var/www/vendor/laravel/framework/src/Illuminate/Foundation/resources/server.php(23): require_once('/var/www/public...')
#52 {main}
"} 
[2025-08-28 11:07:22] local.ERROR: View [welcome] not found. {"exception":"[object] (InvalidArgumentException(code: 0): View [welcome] not found. at /var/www/vendor/laravel/framework/src/Illuminate/View/FileViewFinder.php:139)
[stacktrace]
#0 /var/www/vendor/laravel/framework/src/Illuminate/View/FileViewFinder.php(79): Illuminate\\View\\FileViewFinder->findInPaths('welcome', Array)
#1 /var/www/vendor/laravel/framework/src/Illuminate/View/Factory.php(151): Illuminate\\View\\FileViewFinder->find('welcome')
#2 /var/www/vendor/laravel/framework/src/Illuminate/Routing/ResponseFactory.php(90): Illuminate\\View\\Factory->make('welcome', Array)
#3 /var/www/vendor/laravel/framework/src/Illuminate/Routing/ViewController.php(41): Illuminate\\Routing\\ResponseFactory->view('welcome', Array, 200, Array)
#4 /var/www/vendor/laravel/framework/src/Illuminate/Routing/ViewController.php(58): Illuminate\\Routing\\ViewController->__invoke(view: 'welcome', data: Array, status: 200, headers: Array)
#5 /var/www/vendor/laravel/framework/src/Illuminate/Routing/ControllerDispatcher.php(44): Illuminate\\Routing\\ViewController->callAction('__invoke', Array)
#6 /var/www/vendor/laravel/framework/src/Illuminate/Routing/Route.php(266): Illuminate\\Routing\\ControllerDispatcher->dispatch(Object(Illuminate\\Routing\\Route), Object(Illuminate\\Routing\\ViewController), '__invoke')
#7 /var/www/vendor/laravel/framework/src/Illuminate/Routing/Route.php(212): Illuminate\\Routing\\Route->runController()
#8 /var/www/vendor/laravel/framework/src/Illuminate/Routing/Router.php(808): Illuminate\\Routing\\Route->run()
#9 /var/www/vendor/laravel/framework/src/Illuminate/Pipeline/Pipeline.php(170): Illuminate\\Routing\\Router->Illuminate\\Routing\\{closure}(Object(Illuminate\\Http\\Request))
#10 /var/www/vendor/laravel/framework/src/Illuminate/Routing/Middleware/SubstituteBindings.php(51): Illuminate\\Pipeline\\Pipeline->Illuminate\\Pipeline\\{closure}(Object(Illuminate\\Http\\Request))
#11 /var/www/vendor/laravel/framework/src/Illuminate/Pipeline/Pipeline.php(209): Illuminate\\Routing\\Middleware\\SubstituteBindings->handle(Object(Illuminate\\Http\\Request), Object(Closure))
#12 /var/www/vendor/laravel/framework/src/Illuminate/Foundation/Http/Middleware/VerifyCsrfToken.php(88): Illuminate\\Pipeline\\Pipeline->Illuminate\\Pipeline\\{closure}(Object(Illuminate\\Http\\Request))
#13 /var/www/vendor/laravel/framework/src/Illuminate/Pipeline/Pipeline.php(209): Illuminate\\Foundation\\Http\\Middleware\\VerifyCsrfToken->handle(Object(Illuminate\\Http\\Request), Object(Closure))
#14 /var/www/vendor/laravel/framework/src/Illuminate/View/Middleware/ShareErrorsFromSession.php(49): Illuminate\\Pipeline\\Pipeline->Illuminate\\Pipeline\\{closure}(Object(Illuminate\\Http\\Request))
#15 /var/www/vendor/laravel/framework/src/Illuminate/Pipeline/Pipeline.php(209): Illuminate\\View\\Middleware\\ShareErrorsFromSession->handle(Object(Illuminate\\Http\\Request), Object(Closure))
#16 /var/www/vendor/laravel/framework/src/Illuminate/Session/Middleware/StartSession.php(121): Illuminate\\Pipeline\\Pipeline->Illuminate\\Pipeline\\{closure}(Object(Illuminate\\Http\\Request))
#17 /var/www/vendor/laravel/framework/src/Illuminate/Session/Middleware/StartSession.php(64): Illuminate\\Session\\Middleware\\StartSession->handleStatefulRequest(Object(Illuminate\\Http\\Request), Object(Illuminate\\Session\\Store), Object(Closure))
#18 /var/www/vendor/laravel/framework/src/Illuminate/Pipeline/Pipeline.php(209): Illuminate\\Session\\Middleware\\StartSession->handle(Object(Illuminate\\Http\\Request), Object(Closure))
#19 /var/www/vendor/laravel/framework/src/Illuminate/Cookie/Middleware/AddQueuedCookiesToResponse.php(37): Illuminate\\Pipeline\\Pipeline->Illuminate\\Pipeline\\{closure}(Object(Illuminate\\Http\\Request))
#20 /var/www/vendor/laravel/framework/src/Illuminate/Pipeline/Pipeline.php(209): Illuminate\\Cookie\\Middleware\\AddQueuedCookiesToResponse->handle(Object(Illuminate\\Http\\Request), Object(Closure))
#21 /var/www/vendor/laravel/framework/src/Illuminate/Cookie/Middleware/EncryptCookies.php(75): Illuminate\\Pipeline\\Pipeline->Illuminate\\Pipeline\\{closure}(Object(Illuminate\\Http\\Request))
#22 /var/www/vendor/laravel/framework/src/Illuminate/Pipeline/Pipeline.php(209): Illuminate\\Cookie\\Middleware\\EncryptCookies->handle(Object(Illuminate\\Http\\Request), Object(Closure))
#23 /var/www/vendor/laravel/framework/src/Illuminate/Pipeline/Pipeline.php(127): Illuminate\\Pipeline\\Pipeline->Illuminate\\Pipeline\\{closure}(Object(Illuminate\\Http\\Request))
#24 /var/www/vendor/laravel/framework/src/Illuminate/Routing/Router.php(807): Illuminate\\Pipeline\\Pipeline->then(Object(Closure))
#25 /var/www/vendor/laravel/framework/src/Illuminate/Routing/Router.php(786): Illuminate\\Routing\\Router->runRouteWithinStack(Object(Illuminate\\Routing\\Route), Object(Illuminate\\Http\\Request))
#26 /var/www/vendor/laravel/framework/src/Illuminate/Routing/Router.php(750): Illuminate\\Routing\\Router->runRoute(Object(Illuminate\\Http\\Request), Object(Illuminate\\Routing\\Route))
#27 /var/www/vendor/laravel/framework/src/Illuminate/Routing/Router.php(739): Illuminate\\Routing\\Router->dispatchToRoute(Object(Illuminate\\Http\\Request))
#28 /var/www/vendor/laravel/framework/src/Illuminate/Foundation/Http/Kernel.php(201): Illuminate\\Routing\\Router->dispatch(Object(Illuminate\\Http\\Request))
#29 /var/www/vendor/laravel/framework/src/Illuminate/Pipeline/Pipeline.php(170): Illuminate\\Foundation\\Http\\Kernel->Illuminate\\Foundation\\Http\\{closure}(Object(Illuminate\\Http\\Request))
#30 /var/www/vendor/laravel/framework/src/Illuminate/Foundation/Http/Middleware/TransformsRequest.php(21): Illuminate\\Pipeline\\Pipeline->Illuminate\\Pipeline\\{closure}(Object(Illuminate\\Http\\Request))
#31 /var/www/vendor/laravel/framework/src/Illuminate/Foundation/Http/Middleware/ConvertEmptyStringsToNull.php(31): Illuminate\\Foundation\\Http\\Middleware\\TransformsRequest->handle(Object(Illuminate\\Http\\Request), Object(Closure))
#32 /var/www/vendor/laravel/framework/src/Illuminate/Pipeline/Pipeline.php(209): Illuminate\\Foundation\\Http\\Middleware\\ConvertEmptyStringsToNull->handle(Object(Illuminate\\Http\\Request), Object(Closure))
#33 /var/www/vendor/laravel/framework/src/Illuminate/Foundation/Http/Middleware/TransformsRequest.php(21): Illuminate\\Pipeline\\Pipeline->Illuminate\\Pipeline\\{closure}(Object(Illuminate\\Http\\Request))
#34 /var/www/vendor/laravel/framework/src/Illuminate/Foundation/Http/Middleware/TrimStrings.php(51): Illuminate\\Foundation\\Http\\Middleware\\TransformsRequest->handle(Object(Illuminate\\Http\\Request), Object(Closure))
#35 /var/www/vendor/laravel/framework/src/Illuminate/Pipeline/Pipeline.php(209): Illuminate\\Foundation\\Http\\Middleware\\TrimStrings->handle(Object(Illuminate\\Http\\Request), Object(Closure))
#36 /var/www/vendor/laravel/framework/src/Illuminate/Http/Middleware/ValidatePostSize.php(27): Illuminate\\Pipeline\\Pipeline->Illuminate\\Pipeline\\{closure}(Object(Illuminate\\Http\\Request))
#37 /var/www/vendor/laravel/framework/src/Illuminate/Pipeline/Pipeline.php(209): Illuminate\\Http\\Middleware\\ValidatePostSize->handle(Object(Illuminate\\Http\\Request), Object(Closure))
#38 /var/www/vendor/laravel/framework/src/Illuminate/Foundation/Http/Middleware/PreventRequestsDuringMaintenance.php(110): Illuminate\\Pipeline\\Pipeline->Illuminate\\Pipeline\\{closure}(Object(Illuminate\\Http\\Request))
#39 /var/www/vendor/laravel/framework/src/Illuminate/Pipeline/Pipeline.php(209): Illuminate\\Foundation\\Http\\Middleware\\PreventRequestsDuringMaintenance->handle(Object(Illuminate\\Http\\Request), Object(Closure))
#40 /var/www/vendor/laravel/framework/src/Illuminate/Http/Middleware/HandleCors.php(49): Illuminate\\Pipeline\\Pipeline->Illuminate\\Pipeline\\{closure}(Object(Illuminate\\Http\\Request))
#41 /var/www/vendor/laravel/framework/src/Illuminate/Pipeline/Pipeline.php(209): Illuminate\\Http\\Middleware\\HandleCors->handle(Object(Illuminate\\Http\\Request), Object(Closure))
#42 /var/www/vendor/laravel/framework/src/Illuminate/Http/Middleware/TrustProxies.php(58): Illuminate\\Pipeline\\Pipeline->Illuminate\\Pipeline\\{closure}(Object(Illuminate\\Http\\Request))
#43 /var/www/vendor/laravel/framework/src/Illuminate/Pipeline/Pipeline.php(209): Illuminate\\Http\\Middleware\\TrustProxies->handle(Object(Illuminate\\Http\\Request), Object(Closure))
#44 /var/www/vendor/laravel/framework/src/Illuminate/Foundation/Http/Middleware/InvokeDeferredCallbacks.php(22): Illuminate\\Pipeline\\Pipeline->Illuminate\\Pipeline\\{closure}(Object(Illuminate\\Http\\Request))
#45 /var/www/vendor/laravel/framework/src/Illuminate/Pipeline/Pipeline.php(209): Illuminate\\Foundation\\Http\\Middleware\\InvokeDeferredCallbacks->handle(Object(Illuminate\\Http\\Request), Object(Closure))
#46 /var/www/vendor/laravel/framework/src/Illuminate/Pipeline/Pipeline.php(127): Illuminate\\Pipeline\\Pipeline->Illuminate\\Pipeline\\{closure}(Object(Illuminate\\Http\\Request))
#47 /var/www/vendor/laravel/framework/src/Illuminate/Foundation/Http/Kernel.php(176): Illuminate\\Pipeline\\Pipeline->then(Object(Closure))
#48 /var/www/vendor/laravel/framework/src/Illuminate/Foundation/Http/Kernel.php(145): Illuminate\\Foundation\\Http\\Kernel->sendRequestThroughRouter(Object(Illuminate\\Http\\Request))
#49 /var/www/vendor/laravel/framework/src/Illuminate/Foundation/Application.php(1220): Illuminate\\Foundation\\Http\\Kernel->handle(Object(Illuminate\\Http\\Request))
#50 /var/www/public/index.php(17): Illuminate\\Foundation\\Application->handleRequest(Object(Illuminate\\Http\\Request))
#51 /var/www/vendor/laravel/framework/src/Illuminate/Foundation/resources/server.php(23): require_once('/var/www/public...')
#52 {main}
"} 
[2025-08-29 07:54:44] local.ERROR: Route [login] not defined. {"exception":"[object] (Symfony\\Component\\Routing\\Exception\\RouteNotFoundException(code: 0): Route [login] not defined. at /var/www/vendor/laravel/framework/src/Illuminate/Routing/UrlGenerator.php:517)
[stacktrace]
#0 /var/www/vendor/laravel/framework/src/Illuminate/Foundation/helpers.php(853): Illuminate\\Routing\\UrlGenerator->route('login', Array, true)
#1 /var/www/vendor/laravel/framework/src/Illuminate/Foundation/Configuration/ApplicationBuilder.php(278): route('login')
#2 [internal function]: Illuminate\\Foundation\\Configuration\\ApplicationBuilder->Illuminate\\Foundation\\Configuration\\{closure}(Object(Illuminate\\Http\\Request))
#3 /var/www/vendor/laravel/framework/src/Illuminate/Auth/Middleware/Authenticate.php(118): call_user_func(Object(Closure), Object(Illuminate\\Http\\Request))
#4 /var/www/vendor/laravel/framework/src/Illuminate/Auth/Middleware/Authenticate.php(105): Illuminate\\Auth\\Middleware\\Authenticate->redirectTo(Object(Illuminate\\Http\\Request))
#5 /var/www/vendor/laravel/framework/src/Illuminate/Auth/Middleware/Authenticate.php(88): Illuminate\\Auth\\Middleware\\Authenticate->unauthenticated(Object(Illuminate\\Http\\Request), Array)
#6 /var/www/vendor/laravel/framework/src/Illuminate/Auth/Middleware/Authenticate.php(62): Illuminate\\Auth\\Middleware\\Authenticate->authenticate(Object(Illuminate\\Http\\Request), Array)
#7 /var/www/vendor/laravel/framework/src/Illuminate/Pipeline/Pipeline.php(209): Illuminate\\Auth\\Middleware\\Authenticate->handle(Object(Illuminate\\Http\\Request), Object(Closure), 'sanctum')
#8 /var/www/vendor/laravel/sanctum/src/Http/Middleware/EnsureFrontendRequestsAreStateful.php(26): Illuminate\\Pipeline\\Pipeline->Illuminate\\Pipeline\\{closure}(Object(Illuminate\\Http\\Request))
#9 /var/www/vendor/laravel/framework/src/Illuminate/Pipeline/Pipeline.php(170): Laravel\\Sanctum\\Http\\Middleware\\EnsureFrontendRequestsAreStateful->Laravel\\Sanctum\\Http\\Middleware\\{closure}(Object(Illuminate\\Http\\Request))
#10 /var/www/vendor/laravel/framework/src/Illuminate/Pipeline/Pipeline.php(127): Illuminate\\Pipeline\\Pipeline->Illuminate\\Pipeline\\{closure}(Object(Illuminate\\Http\\Request))
#11 /var/www/vendor/laravel/sanctum/src/Http/Middleware/EnsureFrontendRequestsAreStateful.php(25): Illuminate\\Pipeline\\Pipeline->then(Object(Closure))
#12 /var/www/vendor/laravel/framework/src/Illuminate/Pipeline/Pipeline.php(209): Laravel\\Sanctum\\Http\\Middleware\\EnsureFrontendRequestsAreStateful->handle(Object(Illuminate\\Http\\Request), Object(Closure))
#13 /var/www/vendor/laravel/framework/src/Illuminate/Pipeline/Pipeline.php(127): Illuminate\\Pipeline\\Pipeline->Illuminate\\Pipeline\\{closure}(Object(Illuminate\\Http\\Request))
#14 /var/www/vendor/laravel/framework/src/Illuminate/Routing/Router.php(807): Illuminate\\Pipeline\\Pipeline->then(Object(Closure))
#15 /var/www/vendor/laravel/framework/src/Illuminate/Routing/Router.php(786): Illuminate\\Routing\\Router->runRouteWithinStack(Object(Illuminate\\Routing\\Route), Object(Illuminate\\Http\\Request))
#16 /var/www/vendor/laravel/framework/src/Illuminate/Routing/Router.php(750): Illuminate\\Routing\\Router->runRoute(Object(Illuminate\\Http\\Request), Object(Illuminate\\Routing\\Route))
#17 /var/www/vendor/laravel/framework/src/Illuminate/Routing/Router.php(739): Illuminate\\Routing\\Router->dispatchToRoute(Object(Illuminate\\Http\\Request))
#18 /var/www/vendor/laravel/framework/src/Illuminate/Foundation/Http/Kernel.php(201): Illuminate\\Routing\\Router->dispatch(Object(Illuminate\\Http\\Request))
#19 /var/www/vendor/laravel/framework/src/Illuminate/Pipeline/Pipeline.php(170): Illuminate\\Foundation\\Http\\Kernel->Illuminate\\Foundation\\Http\\{closure}(Object(Illuminate\\Http\\Request))
#20 /var/www/vendor/laravel/framework/src/Illuminate/Foundation/Http/Middleware/TransformsRequest.php(21): Illuminate\\Pipeline\\Pipeline->Illuminate\\Pipeline\\{closure}(Object(Illuminate\\Http\\Request))
#21 /var/www/vendor/laravel/framework/src/Illuminate/Foundation/Http/Middleware/ConvertEmptyStringsToNull.php(31): Illuminate\\Foundation\\Http\\Middleware\\TransformsRequest->handle(Object(Illuminate\\Http\\Request), Object(Closure))
#22 /var/www/vendor/laravel/framework/src/Illuminate/Pipeline/Pipeline.php(209): Illuminate\\Foundation\\Http\\Middleware\\ConvertEmptyStringsToNull->handle(Object(Illuminate\\Http\\Request), Object(Closure))
#23 /var/www/vendor/laravel/framework/src/Illuminate/Foundation/Http/Middleware/TransformsRequest.php(21): Illuminate\\Pipeline\\Pipeline->Illuminate\\Pipeline\\{closure}(Object(Illuminate\\Http\\Request))
#24 /var/www/vendor/laravel/framework/src/Illuminate/Foundation/Http/Middleware/TrimStrings.php(51): Illuminate\\Foundation\\Http\\Middleware\\TransformsRequest->handle(Object(Illuminate\\Http\\Request), Object(Closure))
#25 /var/www/vendor/laravel/framework/src/Illuminate/Pipeline/Pipeline.php(209): Illuminate\\Foundation\\Http\\Middleware\\TrimStrings->handle(Object(Illuminate\\Http\\Request), Object(Closure))
#26 /var/www/vendor/laravel/framework/src/Illuminate/Http/Middleware/ValidatePostSize.php(27): Illuminate\\Pipeline\\Pipeline->Illuminate\\Pipeline\\{closure}(Object(Illuminate\\Http\\Request))
#27 /var/www/vendor/laravel/framework/src/Illuminate/Pipeline/Pipeline.php(209): Illuminate\\Http\\Middleware\\ValidatePostSize->handle(Object(Illuminate\\Http\\Request), Object(Closure))
#28 /var/www/vendor/laravel/framework/src/Illuminate/Foundation/Http/Middleware/PreventRequestsDuringMaintenance.php(110): Illuminate\\Pipeline\\Pipeline->Illuminate\\Pipeline\\{closure}(Object(Illuminate\\Http\\Request))
#29 /var/www/vendor/laravel/framework/src/Illuminate/Pipeline/Pipeline.php(209): Illuminate\\Foundation\\Http\\Middleware\\PreventRequestsDuringMaintenance->handle(Object(Illuminate\\Http\\Request), Object(Closure))
#30 /var/www/vendor/laravel/framework/src/Illuminate/Http/Middleware/HandleCors.php(62): Illuminate\\Pipeline\\Pipeline->Illuminate\\Pipeline\\{closure}(Object(Illuminate\\Http\\Request))
#31 /var/www/vendor/laravel/framework/src/Illuminate/Pipeline/Pipeline.php(209): Illuminate\\Http\\Middleware\\HandleCors->handle(Object(Illuminate\\Http\\Request), Object(Closure))
#32 /var/www/vendor/laravel/framework/src/Illuminate/Http/Middleware/TrustProxies.php(58): Illuminate\\Pipeline\\Pipeline->Illuminate\\Pipeline\\{closure}(Object(Illuminate\\Http\\Request))
#33 /var/www/vendor/laravel/framework/src/Illuminate/Pipeline/Pipeline.php(209): Illuminate\\Http\\Middleware\\TrustProxies->handle(Object(Illuminate\\Http\\Request), Object(Closure))
#34 /var/www/vendor/laravel/framework/src/Illuminate/Foundation/Http/Middleware/InvokeDeferredCallbacks.php(22): Illuminate\\Pipeline\\Pipeline->Illuminate\\Pipeline\\{closure}(Object(Illuminate\\Http\\Request))
#35 /var/www/vendor/laravel/framework/src/Illuminate/Pipeline/Pipeline.php(209): Illuminate\\Foundation\\Http\\Middleware\\InvokeDeferredCallbacks->handle(Object(Illuminate\\Http\\Request), Object(Closure))
#36 /var/www/vendor/laravel/framework/src/Illuminate/Pipeline/Pipeline.php(127): Illuminate\\Pipeline\\Pipeline->Illuminate\\Pipeline\\{closure}(Object(Illuminate\\Http\\Request))
#37 /var/www/vendor/laravel/framework/src/Illuminate/Foundation/Http/Kernel.php(176): Illuminate\\Pipeline\\Pipeline->then(Object(Closure))
#38 /var/www/vendor/laravel/framework/src/Illuminate/Foundation/Http/Kernel.php(145): Illuminate\\Foundation\\Http\\Kernel->sendRequestThroughRouter(Object(Illuminate\\Http\\Request))
#39 /var/www/vendor/laravel/framework/src/Illuminate/Foundation/Application.php(1220): Illuminate\\Foundation\\Http\\Kernel->handle(Object(Illuminate\\Http\\Request))
#40 /var/www/public/index.php(17): Illuminate\\Foundation\\Application->handleRequest(Object(Illuminate\\Http\\Request))
#41 /var/www/vendor/laravel/framework/src/Illuminate/Foundation/resources/server.php(23): require_once('/var/www/public...')
#42 {main}
"} 
[2025-08-29 08:10:22] local.ERROR: Class "App\Http\Controllers\Http\AuthController" does not exist {"exception":"[object] (ReflectionException(code: -1): Class \"App\\Http\\Controllers\\Http\\AuthController\" does not exist at /var/www/vendor/laravel/framework/src/Illuminate/Foundation/Console/RouteListCommand.php:235)
[stacktrace]
#0 /var/www/vendor/laravel/framework/src/Illuminate/Foundation/Console/RouteListCommand.php(235): ReflectionClass->__construct('App\\\\Http\\\\Contro...')
#1 /var/www/vendor/laravel/framework/src/Illuminate/Foundation/Console/RouteListCommand.php(149): Illuminate\\Foundation\\Console\\RouteListCommand->isVendorRoute(Object(Illuminate\\Routing\\Route))
#2 /var/www/vendor/laravel/framework/src/Illuminate/Foundation/Console/RouteListCommand.php(118): Illuminate\\Foundation\\Console\\RouteListCommand->getRouteInformation(Object(Illuminate\\Routing\\Route))
#3 [internal function]: Illuminate\\Foundation\\Console\\RouteListCommand->Illuminate\\Foundation\\Console\\{closure}(Object(Illuminate\\Routing\\Route), 4)
#4 /var/www/vendor/laravel/framework/src/Illuminate/Collections/Arr.php(609): array_map(Object(Closure), Array, Array)
#5 /var/www/vendor/laravel/framework/src/Illuminate/Collections/Collection.php(799): Illuminate\\Support\\Arr::map(Array, Object(Closure))
#6 /var/www/vendor/laravel/framework/src/Illuminate/Foundation/Console/RouteListCommand.php(117): Illuminate\\Support\\Collection->map(Object(Closure))
#7 /var/www/vendor/laravel/framework/src/Illuminate/Foundation/Console/RouteListCommand.php(103): Illuminate\\Foundation\\Console\\RouteListCommand->getRoutes()
#8 /var/www/vendor/laravel/framework/src/Illuminate/Container/BoundMethod.php(36): Illuminate\\Foundation\\Console\\RouteListCommand->handle()
#9 /var/www/vendor/laravel/framework/src/Illuminate/Container/Util.php(43): Illuminate\\Container\\BoundMethod::Illuminate\\Container\\{closure}()
#10 /var/www/vendor/laravel/framework/src/Illuminate/Container/BoundMethod.php(95): Illuminate\\Container\\Util::unwrapIfClosure(Object(Closure))
#11 /var/www/vendor/laravel/framework/src/Illuminate/Container/BoundMethod.php(35): Illuminate\\Container\\BoundMethod::callBoundMethod(Object(Illuminate\\Foundation\\Application), Array, Object(Closure))
#12 /var/www/vendor/laravel/framework/src/Illuminate/Container/Container.php(696): Illuminate\\Container\\BoundMethod::call(Object(Illuminate\\Foundation\\Application), Array, Array, NULL)
#13 /var/www/vendor/laravel/framework/src/Illuminate/Console/Command.php(213): Illuminate\\Container\\Container->call(Array)
#14 /var/www/vendor/symfony/console/Command/Command.php(318): Illuminate\\Console\\Command->execute(Object(Symfony\\Component\\Console\\Input\\ArgvInput), Object(Illuminate\\Console\\OutputStyle))
#15 /var/www/vendor/laravel/framework/src/Illuminate/Console/Command.php(182): Symfony\\Component\\Console\\Command\\Command->run(Object(Symfony\\Component\\Console\\Input\\ArgvInput), Object(Illuminate\\Console\\OutputStyle))
#16 /var/www/vendor/symfony/console/Application.php(1092): Illuminate\\Console\\Command->run(Object(Symfony\\Component\\Console\\Input\\ArgvInput), Object(Symfony\\Component\\Console\\Output\\ConsoleOutput))
#17 /var/www/vendor/symfony/console/Application.php(341): Symfony\\Component\\Console\\Application->doRunCommand(Object(Illuminate\\Foundation\\Console\\RouteListCommand), Object(Symfony\\Component\\Console\\Input\\ArgvInput), Object(Symfony\\Component\\Console\\Output\\ConsoleOutput))
#18 /var/www/vendor/symfony/console/Application.php(192): Symfony\\Component\\Console\\Application->doRun(Object(Symfony\\Component\\Console\\Input\\ArgvInput), Object(Symfony\\Component\\Console\\Output\\ConsoleOutput))
#19 /var/www/vendor/laravel/framework/src/Illuminate/Foundation/Console/Kernel.php(198): Symfony\\Component\\Console\\Application->run(Object(Symfony\\Component\\Console\\Input\\ArgvInput), Object(Symfony\\Component\\Console\\Output\\ConsoleOutput))
#20 /var/www/vendor/laravel/framework/src/Illuminate/Foundation/Application.php(1235): Illuminate\\Foundation\\Console\\Kernel->handle(Object(Symfony\\Component\\Console\\Input\\ArgvInput), Object(Symfony\\Component\\Console\\Output\\ConsoleOutput))
#21 /var/www/artisan(13): Illuminate\\Foundation\\Application->handleCommand(Object(Symfony\\Component\\Console\\Input\\ArgvInput))
#22 {main}
"} 
[2025-08-29 08:34:00] local.ERROR: Route [login] not defined. {"exception":"[object] (Symfony\\Component\\Routing\\Exception\\RouteNotFoundException(code: 0): Route [login] not defined. at /var/www/vendor/laravel/framework/src/Illuminate/Routing/UrlGenerator.php:517)
[stacktrace]
#0 /var/www/vendor/laravel/framework/src/Illuminate/Foundation/helpers.php(853): Illuminate\\Routing\\UrlGenerator->route('login', Array, true)
#1 /var/www/vendor/laravel/framework/src/Illuminate/Foundation/Configuration/ApplicationBuilder.php(278): route('login')
#2 [internal function]: Illuminate\\Foundation\\Configuration\\ApplicationBuilder->Illuminate\\Foundation\\Configuration\\{closure}(Object(Illuminate\\Http\\Request))
#3 /var/www/vendor/laravel/framework/src/Illuminate/Auth/Middleware/Authenticate.php(118): call_user_func(Object(Closure), Object(Illuminate\\Http\\Request))
#4 /var/www/vendor/laravel/framework/src/Illuminate/Auth/Middleware/Authenticate.php(105): Illuminate\\Auth\\Middleware\\Authenticate->redirectTo(Object(Illuminate\\Http\\Request))
#5 /var/www/vendor/laravel/framework/src/Illuminate/Auth/Middleware/Authenticate.php(88): Illuminate\\Auth\\Middleware\\Authenticate->unauthenticated(Object(Illuminate\\Http\\Request), Array)
#6 /var/www/vendor/laravel/framework/src/Illuminate/Auth/Middleware/Authenticate.php(62): Illuminate\\Auth\\Middleware\\Authenticate->authenticate(Object(Illuminate\\Http\\Request), Array)
#7 /var/www/vendor/laravel/framework/src/Illuminate/Pipeline/Pipeline.php(209): Illuminate\\Auth\\Middleware\\Authenticate->handle(Object(Illuminate\\Http\\Request), Object(Closure), 'sanctum')
#8 /var/www/vendor/laravel/sanctum/src/Http/Middleware/EnsureFrontendRequestsAreStateful.php(26): Illuminate\\Pipeline\\Pipeline->Illuminate\\Pipeline\\{closure}(Object(Illuminate\\Http\\Request))
#9 /var/www/vendor/laravel/framework/src/Illuminate/Pipeline/Pipeline.php(170): Laravel\\Sanctum\\Http\\Middleware\\EnsureFrontendRequestsAreStateful->Laravel\\Sanctum\\Http\\Middleware\\{closure}(Object(Illuminate\\Http\\Request))
#10 /var/www/vendor/laravel/framework/src/Illuminate/Pipeline/Pipeline.php(127): Illuminate\\Pipeline\\Pipeline->Illuminate\\Pipeline\\{closure}(Object(Illuminate\\Http\\Request))
#11 /var/www/vendor/laravel/sanctum/src/Http/Middleware/EnsureFrontendRequestsAreStateful.php(25): Illuminate\\Pipeline\\Pipeline->then(Object(Closure))
#12 /var/www/vendor/laravel/framework/src/Illuminate/Pipeline/Pipeline.php(209): Laravel\\Sanctum\\Http\\Middleware\\EnsureFrontendRequestsAreStateful->handle(Object(Illuminate\\Http\\Request), Object(Closure))
#13 /var/www/vendor/laravel/framework/src/Illuminate/Pipeline/Pipeline.php(127): Illuminate\\Pipeline\\Pipeline->Illuminate\\Pipeline\\{closure}(Object(Illuminate\\Http\\Request))
#14 /var/www/vendor/laravel/framework/src/Illuminate/Routing/Router.php(807): Illuminate\\Pipeline\\Pipeline->then(Object(Closure))
#15 /var/www/vendor/laravel/framework/src/Illuminate/Routing/Router.php(786): Illuminate\\Routing\\Router->runRouteWithinStack(Object(Illuminate\\Routing\\Route), Object(Illuminate\\Http\\Request))
#16 /var/www/vendor/laravel/framework/src/Illuminate/Routing/Router.php(750): Illuminate\\Routing\\Router->runRoute(Object(Illuminate\\Http\\Request), Object(Illuminate\\Routing\\Route))
#17 /var/www/vendor/laravel/framework/src/Illuminate/Routing/Router.php(739): Illuminate\\Routing\\Router->dispatchToRoute(Object(Illuminate\\Http\\Request))
#18 /var/www/vendor/laravel/framework/src/Illuminate/Foundation/Http/Kernel.php(201): Illuminate\\Routing\\Router->dispatch(Object(Illuminate\\Http\\Request))
#19 /var/www/vendor/laravel/framework/src/Illuminate/Pipeline/Pipeline.php(170): Illuminate\\Foundation\\Http\\Kernel->Illuminate\\Foundation\\Http\\{closure}(Object(Illuminate\\Http\\Request))
#20 /var/www/vendor/laravel/framework/src/Illuminate/Foundation/Http/Middleware/TransformsRequest.php(21): Illuminate\\Pipeline\\Pipeline->Illuminate\\Pipeline\\{closure}(Object(Illuminate\\Http\\Request))
#21 /var/www/vendor/laravel/framework/src/Illuminate/Foundation/Http/Middleware/ConvertEmptyStringsToNull.php(31): Illuminate\\Foundation\\Http\\Middleware\\TransformsRequest->handle(Object(Illuminate\\Http\\Request), Object(Closure))
#22 /var/www/vendor/laravel/framework/src/Illuminate/Pipeline/Pipeline.php(209): Illuminate\\Foundation\\Http\\Middleware\\ConvertEmptyStringsToNull->handle(Object(Illuminate\\Http\\Request), Object(Closure))
#23 /var/www/vendor/laravel/framework/src/Illuminate/Foundation/Http/Middleware/TransformsRequest.php(21): Illuminate\\Pipeline\\Pipeline->Illuminate\\Pipeline\\{closure}(Object(Illuminate\\Http\\Request))
#24 /var/www/vendor/laravel/framework/src/Illuminate/Foundation/Http/Middleware/TrimStrings.php(51): Illuminate\\Foundation\\Http\\Middleware\\TransformsRequest->handle(Object(Illuminate\\Http\\Request), Object(Closure))
#25 /var/www/vendor/laravel/framework/src/Illuminate/Pipeline/Pipeline.php(209): Illuminate\\Foundation\\Http\\Middleware\\TrimStrings->handle(Object(Illuminate\\Http\\Request), Object(Closure))
#26 /var/www/vendor/laravel/framework/src/Illuminate/Http/Middleware/ValidatePostSize.php(27): Illuminate\\Pipeline\\Pipeline->Illuminate\\Pipeline\\{closure}(Object(Illuminate\\Http\\Request))
#27 /var/www/vendor/laravel/framework/src/Illuminate/Pipeline/Pipeline.php(209): Illuminate\\Http\\Middleware\\ValidatePostSize->handle(Object(Illuminate\\Http\\Request), Object(Closure))
#28 /var/www/vendor/laravel/framework/src/Illuminate/Foundation/Http/Middleware/PreventRequestsDuringMaintenance.php(110): Illuminate\\Pipeline\\Pipeline->Illuminate\\Pipeline\\{closure}(Object(Illuminate\\Http\\Request))
#29 /var/www/vendor/laravel/framework/src/Illuminate/Pipeline/Pipeline.php(209): Illuminate\\Foundation\\Http\\Middleware\\PreventRequestsDuringMaintenance->handle(Object(Illuminate\\Http\\Request), Object(Closure))
#30 /var/www/vendor/laravel/framework/src/Illuminate/Http/Middleware/HandleCors.php(62): Illuminate\\Pipeline\\Pipeline->Illuminate\\Pipeline\\{closure}(Object(Illuminate\\Http\\Request))
#31 /var/www/vendor/laravel/framework/src/Illuminate/Pipeline/Pipeline.php(209): Illuminate\\Http\\Middleware\\HandleCors->handle(Object(Illuminate\\Http\\Request), Object(Closure))
#32 /var/www/vendor/laravel/framework/src/Illuminate/Http/Middleware/TrustProxies.php(58): Illuminate\\Pipeline\\Pipeline->Illuminate\\Pipeline\\{closure}(Object(Illuminate\\Http\\Request))
#33 /var/www/vendor/laravel/framework/src/Illuminate/Pipeline/Pipeline.php(209): Illuminate\\Http\\Middleware\\TrustProxies->handle(Object(Illuminate\\Http\\Request), Object(Closure))
#34 /var/www/vendor/laravel/framework/src/Illuminate/Foundation/Http/Middleware/InvokeDeferredCallbacks.php(22): Illuminate\\Pipeline\\Pipeline->Illuminate\\Pipeline\\{closure}(Object(Illuminate\\Http\\Request))
#35 /var/www/vendor/laravel/framework/src/Illuminate/Pipeline/Pipeline.php(209): Illuminate\\Foundation\\Http\\Middleware\\InvokeDeferredCallbacks->handle(Object(Illuminate\\Http\\Request), Object(Closure))
#36 /var/www/vendor/laravel/framework/src/Illuminate/Pipeline/Pipeline.php(127): Illuminate\\Pipeline\\Pipeline->Illuminate\\Pipeline\\{closure}(Object(Illuminate\\Http\\Request))
#37 /var/www/vendor/laravel/framework/src/Illuminate/Foundation/Http/Kernel.php(176): Illuminate\\Pipeline\\Pipeline->then(Object(Closure))
#38 /var/www/vendor/laravel/framework/src/Illuminate/Foundation/Http/Kernel.php(145): Illuminate\\Foundation\\Http\\Kernel->sendRequestThroughRouter(Object(Illuminate\\Http\\Request))
#39 /var/www/vendor/laravel/framework/src/Illuminate/Foundation/Application.php(1220): Illuminate\\Foundation\\Http\\Kernel->handle(Object(Illuminate\\Http\\Request))
#40 /var/www/public/index.php(17): Illuminate\\Foundation\\Application->handleRequest(Object(Illuminate\\Http\\Request))
#41 /var/www/vendor/laravel/framework/src/Illuminate/Foundation/resources/server.php(23): require_once('/var/www/public...')
#42 {main}
"} 
[2025-08-29 08:34:14] local.ERROR: Route [login] not defined. {"exception":"[object] (Symfony\\Component\\Routing\\Exception\\RouteNotFoundException(code: 0): Route [login] not defined. at /var/www/vendor/laravel/framework/src/Illuminate/Routing/UrlGenerator.php:517)
[stacktrace]
#0 /var/www/vendor/laravel/framework/src/Illuminate/Foundation/helpers.php(853): Illuminate\\Routing\\UrlGenerator->route('login', Array, true)
#1 /var/www/vendor/laravel/framework/src/Illuminate/Foundation/Configuration/ApplicationBuilder.php(278): route('login')
#2 [internal function]: Illuminate\\Foundation\\Configuration\\ApplicationBuilder->Illuminate\\Foundation\\Configuration\\{closure}(Object(Illuminate\\Http\\Request))
#3 /var/www/vendor/laravel/framework/src/Illuminate/Auth/Middleware/Authenticate.php(118): call_user_func(Object(Closure), Object(Illuminate\\Http\\Request))
#4 /var/www/vendor/laravel/framework/src/Illuminate/Auth/Middleware/Authenticate.php(105): Illuminate\\Auth\\Middleware\\Authenticate->redirectTo(Object(Illuminate\\Http\\Request))
#5 /var/www/vendor/laravel/framework/src/Illuminate/Auth/Middleware/Authenticate.php(88): Illuminate\\Auth\\Middleware\\Authenticate->unauthenticated(Object(Illuminate\\Http\\Request), Array)
#6 /var/www/vendor/laravel/framework/src/Illuminate/Auth/Middleware/Authenticate.php(62): Illuminate\\Auth\\Middleware\\Authenticate->authenticate(Object(Illuminate\\Http\\Request), Array)
#7 /var/www/vendor/laravel/framework/src/Illuminate/Pipeline/Pipeline.php(209): Illuminate\\Auth\\Middleware\\Authenticate->handle(Object(Illuminate\\Http\\Request), Object(Closure), 'sanctum')
#8 /var/www/vendor/laravel/sanctum/src/Http/Middleware/EnsureFrontendRequestsAreStateful.php(26): Illuminate\\Pipeline\\Pipeline->Illuminate\\Pipeline\\{closure}(Object(Illuminate\\Http\\Request))
#9 /var/www/vendor/laravel/framework/src/Illuminate/Pipeline/Pipeline.php(170): Laravel\\Sanctum\\Http\\Middleware\\EnsureFrontendRequestsAreStateful->Laravel\\Sanctum\\Http\\Middleware\\{closure}(Object(Illuminate\\Http\\Request))
#10 /var/www/vendor/laravel/framework/src/Illuminate/Pipeline/Pipeline.php(127): Illuminate\\Pipeline\\Pipeline->Illuminate\\Pipeline\\{closure}(Object(Illuminate\\Http\\Request))
#11 /var/www/vendor/laravel/sanctum/src/Http/Middleware/EnsureFrontendRequestsAreStateful.php(25): Illuminate\\Pipeline\\Pipeline->then(Object(Closure))
#12 /var/www/vendor/laravel/framework/src/Illuminate/Pipeline/Pipeline.php(209): Laravel\\Sanctum\\Http\\Middleware\\EnsureFrontendRequestsAreStateful->handle(Object(Illuminate\\Http\\Request), Object(Closure))
#13 /var/www/vendor/laravel/framework/src/Illuminate/Pipeline/Pipeline.php(127): Illuminate\\Pipeline\\Pipeline->Illuminate\\Pipeline\\{closure}(Object(Illuminate\\Http\\Request))
#14 /var/www/vendor/laravel/framework/src/Illuminate/Routing/Router.php(807): Illuminate\\Pipeline\\Pipeline->then(Object(Closure))
#15 /var/www/vendor/laravel/framework/src/Illuminate/Routing/Router.php(786): Illuminate\\Routing\\Router->runRouteWithinStack(Object(Illuminate\\Routing\\Route), Object(Illuminate\\Http\\Request))
#16 /var/www/vendor/laravel/framework/src/Illuminate/Routing/Router.php(750): Illuminate\\Routing\\Router->runRoute(Object(Illuminate\\Http\\Request), Object(Illuminate\\Routing\\Route))
#17 /var/www/vendor/laravel/framework/src/Illuminate/Routing/Router.php(739): Illuminate\\Routing\\Router->dispatchToRoute(Object(Illuminate\\Http\\Request))
#18 /var/www/vendor/laravel/framework/src/Illuminate/Foundation/Http/Kernel.php(201): Illuminate\\Routing\\Router->dispatch(Object(Illuminate\\Http\\Request))
#19 /var/www/vendor/laravel/framework/src/Illuminate/Pipeline/Pipeline.php(170): Illuminate\\Foundation\\Http\\Kernel->Illuminate\\Foundation\\Http\\{closure}(Object(Illuminate\\Http\\Request))
#20 /var/www/vendor/laravel/framework/src/Illuminate/Foundation/Http/Middleware/TransformsRequest.php(21): Illuminate\\Pipeline\\Pipeline->Illuminate\\Pipeline\\{closure}(Object(Illuminate\\Http\\Request))
#21 /var/www/vendor/laravel/framework/src/Illuminate/Foundation/Http/Middleware/ConvertEmptyStringsToNull.php(31): Illuminate\\Foundation\\Http\\Middleware\\TransformsRequest->handle(Object(Illuminate\\Http\\Request), Object(Closure))
#22 /var/www/vendor/laravel/framework/src/Illuminate/Pipeline/Pipeline.php(209): Illuminate\\Foundation\\Http\\Middleware\\ConvertEmptyStringsToNull->handle(Object(Illuminate\\Http\\Request), Object(Closure))
#23 /var/www/vendor/laravel/framework/src/Illuminate/Foundation/Http/Middleware/TransformsRequest.php(21): Illuminate\\Pipeline\\Pipeline->Illuminate\\Pipeline\\{closure}(Object(Illuminate\\Http\\Request))
#24 /var/www/vendor/laravel/framework/src/Illuminate/Foundation/Http/Middleware/TrimStrings.php(51): Illuminate\\Foundation\\Http\\Middleware\\TransformsRequest->handle(Object(Illuminate\\Http\\Request), Object(Closure))
#25 /var/www/vendor/laravel/framework/src/Illuminate/Pipeline/Pipeline.php(209): Illuminate\\Foundation\\Http\\Middleware\\TrimStrings->handle(Object(Illuminate\\Http\\Request), Object(Closure))
#26 /var/www/vendor/laravel/framework/src/Illuminate/Http/Middleware/ValidatePostSize.php(27): Illuminate\\Pipeline\\Pipeline->Illuminate\\Pipeline\\{closure}(Object(Illuminate\\Http\\Request))
#27 /var/www/vendor/laravel/framework/src/Illuminate/Pipeline/Pipeline.php(209): Illuminate\\Http\\Middleware\\ValidatePostSize->handle(Object(Illuminate\\Http\\Request), Object(Closure))
#28 /var/www/vendor/laravel/framework/src/Illuminate/Foundation/Http/Middleware/PreventRequestsDuringMaintenance.php(110): Illuminate\\Pipeline\\Pipeline->Illuminate\\Pipeline\\{closure}(Object(Illuminate\\Http\\Request))
#29 /var/www/vendor/laravel/framework/src/Illuminate/Pipeline/Pipeline.php(209): Illuminate\\Foundation\\Http\\Middleware\\PreventRequestsDuringMaintenance->handle(Object(Illuminate\\Http\\Request), Object(Closure))
#30 /var/www/vendor/laravel/framework/src/Illuminate/Http/Middleware/HandleCors.php(62): Illuminate\\Pipeline\\Pipeline->Illuminate\\Pipeline\\{closure}(Object(Illuminate\\Http\\Request))
#31 /var/www/vendor/laravel/framework/src/Illuminate/Pipeline/Pipeline.php(209): Illuminate\\Http\\Middleware\\HandleCors->handle(Object(Illuminate\\Http\\Request), Object(Closure))
#32 /var/www/vendor/laravel/framework/src/Illuminate/Http/Middleware/TrustProxies.php(58): Illuminate\\Pipeline\\Pipeline->Illuminate\\Pipeline\\{closure}(Object(Illuminate\\Http\\Request))
#33 /var/www/vendor/laravel/framework/src/Illuminate/Pipeline/Pipeline.php(209): Illuminate\\Http\\Middleware\\TrustProxies->handle(Object(Illuminate\\Http\\Request), Object(Closure))
#34 /var/www/vendor/laravel/framework/src/Illuminate/Foundation/Http/Middleware/InvokeDeferredCallbacks.php(22): Illuminate\\Pipeline\\Pipeline->Illuminate\\Pipeline\\{closure}(Object(Illuminate\\Http\\Request))
#35 /var/www/vendor/laravel/framework/src/Illuminate/Pipeline/Pipeline.php(209): Illuminate\\Foundation\\Http\\Middleware\\InvokeDeferredCallbacks->handle(Object(Illuminate\\Http\\Request), Object(Closure))
#36 /var/www/vendor/laravel/framework/src/Illuminate/Pipeline/Pipeline.php(127): Illuminate\\Pipeline\\Pipeline->Illuminate\\Pipeline\\{closure}(Object(Illuminate\\Http\\Request))
#37 /var/www/vendor/laravel/framework/src/Illuminate/Foundation/Http/Kernel.php(176): Illuminate\\Pipeline\\Pipeline->then(Object(Closure))
#38 /var/www/vendor/laravel/framework/src/Illuminate/Foundation/Http/Kernel.php(145): Illuminate\\Foundation\\Http\\Kernel->sendRequestThroughRouter(Object(Illuminate\\Http\\Request))
#39 /var/www/vendor/laravel/framework/src/Illuminate/Foundation/Application.php(1220): Illuminate\\Foundation\\Http\\Kernel->handle(Object(Illuminate\\Http\\Request))
#40 /var/www/public/index.php(17): Illuminate\\Foundation\\Application->handleRequest(Object(Illuminate\\Http\\Request))
#41 /var/www/vendor/laravel/framework/src/Illuminate/Foundation/resources/server.php(23): require_once('/var/www/public...')
#42 {main}
"} 
[2025-08-29 08:57:12] local.ERROR: Route [login] not defined. {"exception":"[object] (Symfony\\Component\\Routing\\Exception\\RouteNotFoundException(code: 0): Route [login] not defined. at /var/www/vendor/laravel/framework/src/Illuminate/Routing/UrlGenerator.php:517)
[stacktrace]
#0 /var/www/vendor/laravel/framework/src/Illuminate/Foundation/helpers.php(853): Illuminate\\Routing\\UrlGenerator->route('login', Array, true)
#1 /var/www/vendor/laravel/framework/src/Illuminate/Foundation/Configuration/ApplicationBuilder.php(278): route('login')
#2 [internal function]: Illuminate\\Foundation\\Configuration\\ApplicationBuilder->Illuminate\\Foundation\\Configuration\\{closure}(Object(Illuminate\\Http\\Request))
#3 /var/www/vendor/laravel/framework/src/Illuminate/Auth/Middleware/Authenticate.php(118): call_user_func(Object(Closure), Object(Illuminate\\Http\\Request))
#4 /var/www/vendor/laravel/framework/src/Illuminate/Auth/Middleware/Authenticate.php(105): Illuminate\\Auth\\Middleware\\Authenticate->redirectTo(Object(Illuminate\\Http\\Request))
#5 /var/www/vendor/laravel/framework/src/Illuminate/Auth/Middleware/Authenticate.php(88): Illuminate\\Auth\\Middleware\\Authenticate->unauthenticated(Object(Illuminate\\Http\\Request), Array)
#6 /var/www/vendor/laravel/framework/src/Illuminate/Auth/Middleware/Authenticate.php(62): Illuminate\\Auth\\Middleware\\Authenticate->authenticate(Object(Illuminate\\Http\\Request), Array)
#7 /var/www/vendor/laravel/framework/src/Illuminate/Pipeline/Pipeline.php(209): Illuminate\\Auth\\Middleware\\Authenticate->handle(Object(Illuminate\\Http\\Request), Object(Closure), 'sanctum')
#8 /var/www/vendor/laravel/sanctum/src/Http/Middleware/EnsureFrontendRequestsAreStateful.php(26): Illuminate\\Pipeline\\Pipeline->Illuminate\\Pipeline\\{closure}(Object(Illuminate\\Http\\Request))
#9 /var/www/vendor/laravel/framework/src/Illuminate/Pipeline/Pipeline.php(170): Laravel\\Sanctum\\Http\\Middleware\\EnsureFrontendRequestsAreStateful->Laravel\\Sanctum\\Http\\Middleware\\{closure}(Object(Illuminate\\Http\\Request))
#10 /var/www/vendor/laravel/framework/src/Illuminate/Pipeline/Pipeline.php(127): Illuminate\\Pipeline\\Pipeline->Illuminate\\Pipeline\\{closure}(Object(Illuminate\\Http\\Request))
#11 /var/www/vendor/laravel/sanctum/src/Http/Middleware/EnsureFrontendRequestsAreStateful.php(25): Illuminate\\Pipeline\\Pipeline->then(Object(Closure))
#12 /var/www/vendor/laravel/framework/src/Illuminate/Pipeline/Pipeline.php(209): Laravel\\Sanctum\\Http\\Middleware\\EnsureFrontendRequestsAreStateful->handle(Object(Illuminate\\Http\\Request), Object(Closure))
#13 /var/www/vendor/laravel/framework/src/Illuminate/Pipeline/Pipeline.php(127): Illuminate\\Pipeline\\Pipeline->Illuminate\\Pipeline\\{closure}(Object(Illuminate\\Http\\Request))
#14 /var/www/vendor/laravel/framework/src/Illuminate/Routing/Router.php(807): Illuminate\\Pipeline\\Pipeline->then(Object(Closure))
#15 /var/www/vendor/laravel/framework/src/Illuminate/Routing/Router.php(786): Illuminate\\Routing\\Router->runRouteWithinStack(Object(Illuminate\\Routing\\Route), Object(Illuminate\\Http\\Request))
#16 /var/www/vendor/laravel/framework/src/Illuminate/Routing/Router.php(750): Illuminate\\Routing\\Router->runRoute(Object(Illuminate\\Http\\Request), Object(Illuminate\\Routing\\Route))
#17 /var/www/vendor/laravel/framework/src/Illuminate/Routing/Router.php(739): Illuminate\\Routing\\Router->dispatchToRoute(Object(Illuminate\\Http\\Request))
#18 /var/www/vendor/laravel/framework/src/Illuminate/Foundation/Http/Kernel.php(201): Illuminate\\Routing\\Router->dispatch(Object(Illuminate\\Http\\Request))
#19 /var/www/vendor/laravel/framework/src/Illuminate/Pipeline/Pipeline.php(170): Illuminate\\Foundation\\Http\\Kernel->Illuminate\\Foundation\\Http\\{closure}(Object(Illuminate\\Http\\Request))
#20 /var/www/vendor/laravel/framework/src/Illuminate/Foundation/Http/Middleware/TransformsRequest.php(21): Illuminate\\Pipeline\\Pipeline->Illuminate\\Pipeline\\{closure}(Object(Illuminate\\Http\\Request))
#21 /var/www/vendor/laravel/framework/src/Illuminate/Foundation/Http/Middleware/ConvertEmptyStringsToNull.php(31): Illuminate\\Foundation\\Http\\Middleware\\TransformsRequest->handle(Object(Illuminate\\Http\\Request), Object(Closure))
#22 /var/www/vendor/laravel/framework/src/Illuminate/Pipeline/Pipeline.php(209): Illuminate\\Foundation\\Http\\Middleware\\ConvertEmptyStringsToNull->handle(Object(Illuminate\\Http\\Request), Object(Closure))
#23 /var/www/vendor/laravel/framework/src/Illuminate/Foundation/Http/Middleware/TransformsRequest.php(21): Illuminate\\Pipeline\\Pipeline->Illuminate\\Pipeline\\{closure}(Object(Illuminate\\Http\\Request))
#24 /var/www/vendor/laravel/framework/src/Illuminate/Foundation/Http/Middleware/TrimStrings.php(51): Illuminate\\Foundation\\Http\\Middleware\\TransformsRequest->handle(Object(Illuminate\\Http\\Request), Object(Closure))
#25 /var/www/vendor/laravel/framework/src/Illuminate/Pipeline/Pipeline.php(209): Illuminate\\Foundation\\Http\\Middleware\\TrimStrings->handle(Object(Illuminate\\Http\\Request), Object(Closure))
#26 /var/www/vendor/laravel/framework/src/Illuminate/Http/Middleware/ValidatePostSize.php(27): Illuminate\\Pipeline\\Pipeline->Illuminate\\Pipeline\\{closure}(Object(Illuminate\\Http\\Request))
#27 /var/www/vendor/laravel/framework/src/Illuminate/Pipeline/Pipeline.php(209): Illuminate\\Http\\Middleware\\ValidatePostSize->handle(Object(Illuminate\\Http\\Request), Object(Closure))
#28 /var/www/vendor/laravel/framework/src/Illuminate/Foundation/Http/Middleware/PreventRequestsDuringMaintenance.php(110): Illuminate\\Pipeline\\Pipeline->Illuminate\\Pipeline\\{closure}(Object(Illuminate\\Http\\Request))
#29 /var/www/vendor/laravel/framework/src/Illuminate/Pipeline/Pipeline.php(209): Illuminate\\Foundation\\Http\\Middleware\\PreventRequestsDuringMaintenance->handle(Object(Illuminate\\Http\\Request), Object(Closure))
#30 /var/www/vendor/laravel/framework/src/Illuminate/Http/Middleware/HandleCors.php(62): Illuminate\\Pipeline\\Pipeline->Illuminate\\Pipeline\\{closure}(Object(Illuminate\\Http\\Request))
#31 /var/www/vendor/laravel/framework/src/Illuminate/Pipeline/Pipeline.php(209): Illuminate\\Http\\Middleware\\HandleCors->handle(Object(Illuminate\\Http\\Request), Object(Closure))
#32 /var/www/vendor/laravel/framework/src/Illuminate/Http/Middleware/TrustProxies.php(58): Illuminate\\Pipeline\\Pipeline->Illuminate\\Pipeline\\{closure}(Object(Illuminate\\Http\\Request))
#33 /var/www/vendor/laravel/framework/src/Illuminate/Pipeline/Pipeline.php(209): Illuminate\\Http\\Middleware\\TrustProxies->handle(Object(Illuminate\\Http\\Request), Object(Closure))
#34 /var/www/vendor/laravel/framework/src/Illuminate/Foundation/Http/Middleware/InvokeDeferredCallbacks.php(22): Illuminate\\Pipeline\\Pipeline->Illuminate\\Pipeline\\{closure}(Object(Illuminate\\Http\\Request))
#35 /var/www/vendor/laravel/framework/src/Illuminate/Pipeline/Pipeline.php(209): Illuminate\\Foundation\\Http\\Middleware\\InvokeDeferredCallbacks->handle(Object(Illuminate\\Http\\Request), Object(Closure))
#36 /var/www/vendor/laravel/framework/src/Illuminate/Pipeline/Pipeline.php(127): Illuminate\\Pipeline\\Pipeline->Illuminate\\Pipeline\\{closure}(Object(Illuminate\\Http\\Request))
#37 /var/www/vendor/laravel/framework/src/Illuminate/Foundation/Http/Kernel.php(176): Illuminate\\Pipeline\\Pipeline->then(Object(Closure))
#38 /var/www/vendor/laravel/framework/src/Illuminate/Foundation/Http/Kernel.php(145): Illuminate\\Foundation\\Http\\Kernel->sendRequestThroughRouter(Object(Illuminate\\Http\\Request))
#39 /var/www/vendor/laravel/framework/src/Illuminate/Foundation/Application.php(1220): Illuminate\\Foundation\\Http\\Kernel->handle(Object(Illuminate\\Http\\Request))
#40 /var/www/public/index.php(17): Illuminate\\Foundation\\Application->handleRequest(Object(Illuminate\\Http\\Request))
#41 /var/www/vendor/laravel/framework/src/Illuminate/Foundation/resources/server.php(23): require_once('/var/www/public...')
#42 {main}
"} 
[2025-08-29 08:57:30] local.ERROR: Route [login] not defined. {"exception":"[object] (Symfony\\Component\\Routing\\Exception\\RouteNotFoundException(code: 0): Route [login] not defined. at /var/www/vendor/laravel/framework/src/Illuminate/Routing/UrlGenerator.php:517)
[stacktrace]
#0 /var/www/vendor/laravel/framework/src/Illuminate/Foundation/helpers.php(853): Illuminate\\Routing\\UrlGenerator->route('login', Array, true)
#1 /var/www/vendor/laravel/framework/src/Illuminate/Foundation/Configuration/ApplicationBuilder.php(278): route('login')
#2 [internal function]: Illuminate\\Foundation\\Configuration\\ApplicationBuilder->Illuminate\\Foundation\\Configuration\\{closure}(Object(Illuminate\\Http\\Request))
#3 /var/www/vendor/laravel/framework/src/Illuminate/Auth/Middleware/Authenticate.php(118): call_user_func(Object(Closure), Object(Illuminate\\Http\\Request))
#4 /var/www/vendor/laravel/framework/src/Illuminate/Auth/Middleware/Authenticate.php(105): Illuminate\\Auth\\Middleware\\Authenticate->redirectTo(Object(Illuminate\\Http\\Request))
#5 /var/www/vendor/laravel/framework/src/Illuminate/Auth/Middleware/Authenticate.php(88): Illuminate\\Auth\\Middleware\\Authenticate->unauthenticated(Object(Illuminate\\Http\\Request), Array)
#6 /var/www/vendor/laravel/framework/src/Illuminate/Auth/Middleware/Authenticate.php(62): Illuminate\\Auth\\Middleware\\Authenticate->authenticate(Object(Illuminate\\Http\\Request), Array)
#7 /var/www/vendor/laravel/framework/src/Illuminate/Pipeline/Pipeline.php(209): Illuminate\\Auth\\Middleware\\Authenticate->handle(Object(Illuminate\\Http\\Request), Object(Closure), 'sanctum')
#8 /var/www/vendor/laravel/sanctum/src/Http/Middleware/EnsureFrontendRequestsAreStateful.php(26): Illuminate\\Pipeline\\Pipeline->Illuminate\\Pipeline\\{closure}(Object(Illuminate\\Http\\Request))
#9 /var/www/vendor/laravel/framework/src/Illuminate/Pipeline/Pipeline.php(170): Laravel\\Sanctum\\Http\\Middleware\\EnsureFrontendRequestsAreStateful->Laravel\\Sanctum\\Http\\Middleware\\{closure}(Object(Illuminate\\Http\\Request))
#10 /var/www/vendor/laravel/framework/src/Illuminate/Pipeline/Pipeline.php(127): Illuminate\\Pipeline\\Pipeline->Illuminate\\Pipeline\\{closure}(Object(Illuminate\\Http\\Request))
#11 /var/www/vendor/laravel/sanctum/src/Http/Middleware/EnsureFrontendRequestsAreStateful.php(25): Illuminate\\Pipeline\\Pipeline->then(Object(Closure))
#12 /var/www/vendor/laravel/framework/src/Illuminate/Pipeline/Pipeline.php(209): Laravel\\Sanctum\\Http\\Middleware\\EnsureFrontendRequestsAreStateful->handle(Object(Illuminate\\Http\\Request), Object(Closure))
#13 /var/www/vendor/laravel/framework/src/Illuminate/Pipeline/Pipeline.php(127): Illuminate\\Pipeline\\Pipeline->Illuminate\\Pipeline\\{closure}(Object(Illuminate\\Http\\Request))
#14 /var/www/vendor/laravel/framework/src/Illuminate/Routing/Router.php(807): Illuminate\\Pipeline\\Pipeline->then(Object(Closure))
#15 /var/www/vendor/laravel/framework/src/Illuminate/Routing/Router.php(786): Illuminate\\Routing\\Router->runRouteWithinStack(Object(Illuminate\\Routing\\Route), Object(Illuminate\\Http\\Request))
#16 /var/www/vendor/laravel/framework/src/Illuminate/Routing/Router.php(750): Illuminate\\Routing\\Router->runRoute(Object(Illuminate\\Http\\Request), Object(Illuminate\\Routing\\Route))
#17 /var/www/vendor/laravel/framework/src/Illuminate/Routing/Router.php(739): Illuminate\\Routing\\Router->dispatchToRoute(Object(Illuminate\\Http\\Request))
#18 /var/www/vendor/laravel/framework/src/Illuminate/Foundation/Http/Kernel.php(201): Illuminate\\Routing\\Router->dispatch(Object(Illuminate\\Http\\Request))
#19 /var/www/vendor/laravel/framework/src/Illuminate/Pipeline/Pipeline.php(170): Illuminate\\Foundation\\Http\\Kernel->Illuminate\\Foundation\\Http\\{closure}(Object(Illuminate\\Http\\Request))
#20 /var/www/vendor/laravel/framework/src/Illuminate/Foundation/Http/Middleware/TransformsRequest.php(21): Illuminate\\Pipeline\\Pipeline->Illuminate\\Pipeline\\{closure}(Object(Illuminate\\Http\\Request))
#21 /var/www/vendor/laravel/framework/src/Illuminate/Foundation/Http/Middleware/ConvertEmptyStringsToNull.php(31): Illuminate\\Foundation\\Http\\Middleware\\TransformsRequest->handle(Object(Illuminate\\Http\\Request), Object(Closure))
#22 /var/www/vendor/laravel/framework/src/Illuminate/Pipeline/Pipeline.php(209): Illuminate\\Foundation\\Http\\Middleware\\ConvertEmptyStringsToNull->handle(Object(Illuminate\\Http\\Request), Object(Closure))
#23 /var/www/vendor/laravel/framework/src/Illuminate/Foundation/Http/Middleware/TransformsRequest.php(21): Illuminate\\Pipeline\\Pipeline->Illuminate\\Pipeline\\{closure}(Object(Illuminate\\Http\\Request))
#24 /var/www/vendor/laravel/framework/src/Illuminate/Foundation/Http/Middleware/TrimStrings.php(51): Illuminate\\Foundation\\Http\\Middleware\\TransformsRequest->handle(Object(Illuminate\\Http\\Request), Object(Closure))
#25 /var/www/vendor/laravel/framework/src/Illuminate/Pipeline/Pipeline.php(209): Illuminate\\Foundation\\Http\\Middleware\\TrimStrings->handle(Object(Illuminate\\Http\\Request), Object(Closure))
#26 /var/www/vendor/laravel/framework/src/Illuminate/Http/Middleware/ValidatePostSize.php(27): Illuminate\\Pipeline\\Pipeline->Illuminate\\Pipeline\\{closure}(Object(Illuminate\\Http\\Request))
#27 /var/www/vendor/laravel/framework/src/Illuminate/Pipeline/Pipeline.php(209): Illuminate\\Http\\Middleware\\ValidatePostSize->handle(Object(Illuminate\\Http\\Request), Object(Closure))
#28 /var/www/vendor/laravel/framework/src/Illuminate/Foundation/Http/Middleware/PreventRequestsDuringMaintenance.php(110): Illuminate\\Pipeline\\Pipeline->Illuminate\\Pipeline\\{closure}(Object(Illuminate\\Http\\Request))
#29 /var/www/vendor/laravel/framework/src/Illuminate/Pipeline/Pipeline.php(209): Illuminate\\Foundation\\Http\\Middleware\\PreventRequestsDuringMaintenance->handle(Object(Illuminate\\Http\\Request), Object(Closure))
#30 /var/www/vendor/laravel/framework/src/Illuminate/Http/Middleware/HandleCors.php(62): Illuminate\\Pipeline\\Pipeline->Illuminate\\Pipeline\\{closure}(Object(Illuminate\\Http\\Request))
#31 /var/www/vendor/laravel/framework/src/Illuminate/Pipeline/Pipeline.php(209): Illuminate\\Http\\Middleware\\HandleCors->handle(Object(Illuminate\\Http\\Request), Object(Closure))
#32 /var/www/vendor/laravel/framework/src/Illuminate/Http/Middleware/TrustProxies.php(58): Illuminate\\Pipeline\\Pipeline->Illuminate\\Pipeline\\{closure}(Object(Illuminate\\Http\\Request))
#33 /var/www/vendor/laravel/framework/src/Illuminate/Pipeline/Pipeline.php(209): Illuminate\\Http\\Middleware\\TrustProxies->handle(Object(Illuminate\\Http\\Request), Object(Closure))
#34 /var/www/vendor/laravel/framework/src/Illuminate/Foundation/Http/Middleware/InvokeDeferredCallbacks.php(22): Illuminate\\Pipeline\\Pipeline->Illuminate\\Pipeline\\{closure}(Object(Illuminate\\Http\\Request))
#35 /var/www/vendor/laravel/framework/src/Illuminate/Pipeline/Pipeline.php(209): Illuminate\\Foundation\\Http\\Middleware\\InvokeDeferredCallbacks->handle(Object(Illuminate\\Http\\Request), Object(Closure))
#36 /var/www/vendor/laravel/framework/src/Illuminate/Pipeline/Pipeline.php(127): Illuminate\\Pipeline\\Pipeline->Illuminate\\Pipeline\\{closure}(Object(Illuminate\\Http\\Request))
#37 /var/www/vendor/laravel/framework/src/Illuminate/Foundation/Http/Kernel.php(176): Illuminate\\Pipeline\\Pipeline->then(Object(Closure))
#38 /var/www/vendor/laravel/framework/src/Illuminate/Foundation/Http/Kernel.php(145): Illuminate\\Foundation\\Http\\Kernel->sendRequestThroughRouter(Object(Illuminate\\Http\\Request))
#39 /var/www/vendor/laravel/framework/src/Illuminate/Foundation/Application.php(1220): Illuminate\\Foundation\\Http\\Kernel->handle(Object(Illuminate\\Http\\Request))
#40 /var/www/public/index.php(17): Illuminate\\Foundation\\Application->handleRequest(Object(Illuminate\\Http\\Request))
#41 /var/www/vendor/laravel/framework/src/Illuminate/Foundation/resources/server.php(23): require_once('/var/www/public...')
#42 {main}
"} 
[2025-08-29 09:15:37] local.ERROR: Route [login] not defined. {"exception":"[object] (Symfony\\Component\\Routing\\Exception\\RouteNotFoundException(code: 0): Route [login] not defined. at /var/www/vendor/laravel/framework/src/Illuminate/Routing/UrlGenerator.php:517)
[stacktrace]
#0 /var/www/vendor/laravel/framework/src/Illuminate/Foundation/helpers.php(853): Illuminate\\Routing\\UrlGenerator->route('login', Array, true)
#1 /var/www/vendor/laravel/framework/src/Illuminate/Foundation/Configuration/ApplicationBuilder.php(278): route('login')
#2 [internal function]: Illuminate\\Foundation\\Configuration\\ApplicationBuilder->Illuminate\\Foundation\\Configuration\\{closure}(Object(Illuminate\\Http\\Request))
#3 /var/www/vendor/laravel/framework/src/Illuminate/Auth/Middleware/Authenticate.php(118): call_user_func(Object(Closure), Object(Illuminate\\Http\\Request))
#4 /var/www/vendor/laravel/framework/src/Illuminate/Auth/Middleware/Authenticate.php(105): Illuminate\\Auth\\Middleware\\Authenticate->redirectTo(Object(Illuminate\\Http\\Request))
#5 /var/www/vendor/laravel/framework/src/Illuminate/Auth/Middleware/Authenticate.php(88): Illuminate\\Auth\\Middleware\\Authenticate->unauthenticated(Object(Illuminate\\Http\\Request), Array)
#6 /var/www/vendor/laravel/framework/src/Illuminate/Auth/Middleware/Authenticate.php(62): Illuminate\\Auth\\Middleware\\Authenticate->authenticate(Object(Illuminate\\Http\\Request), Array)
#7 /var/www/vendor/laravel/framework/src/Illuminate/Pipeline/Pipeline.php(209): Illuminate\\Auth\\Middleware\\Authenticate->handle(Object(Illuminate\\Http\\Request), Object(Closure), 'sanctum')
#8 /var/www/vendor/laravel/sanctum/src/Http/Middleware/EnsureFrontendRequestsAreStateful.php(26): Illuminate\\Pipeline\\Pipeline->Illuminate\\Pipeline\\{closure}(Object(Illuminate\\Http\\Request))
#9 /var/www/vendor/laravel/framework/src/Illuminate/Pipeline/Pipeline.php(170): Laravel\\Sanctum\\Http\\Middleware\\EnsureFrontendRequestsAreStateful->Laravel\\Sanctum\\Http\\Middleware\\{closure}(Object(Illuminate\\Http\\Request))
#10 /var/www/vendor/laravel/framework/src/Illuminate/Pipeline/Pipeline.php(127): Illuminate\\Pipeline\\Pipeline->Illuminate\\Pipeline\\{closure}(Object(Illuminate\\Http\\Request))
#11 /var/www/vendor/laravel/sanctum/src/Http/Middleware/EnsureFrontendRequestsAreStateful.php(25): Illuminate\\Pipeline\\Pipeline->then(Object(Closure))
#12 /var/www/vendor/laravel/framework/src/Illuminate/Pipeline/Pipeline.php(209): Laravel\\Sanctum\\Http\\Middleware\\EnsureFrontendRequestsAreStateful->handle(Object(Illuminate\\Http\\Request), Object(Closure))
#13 /var/www/vendor/laravel/framework/src/Illuminate/Pipeline/Pipeline.php(127): Illuminate\\Pipeline\\Pipeline->Illuminate\\Pipeline\\{closure}(Object(Illuminate\\Http\\Request))
#14 /var/www/vendor/laravel/framework/src/Illuminate/Routing/Router.php(807): Illuminate\\Pipeline\\Pipeline->then(Object(Closure))
#15 /var/www/vendor/laravel/framework/src/Illuminate/Routing/Router.php(786): Illuminate\\Routing\\Router->runRouteWithinStack(Object(Illuminate\\Routing\\Route), Object(Illuminate\\Http\\Request))
#16 /var/www/vendor/laravel/framework/src/Illuminate/Routing/Router.php(750): Illuminate\\Routing\\Router->runRoute(Object(Illuminate\\Http\\Request), Object(Illuminate\\Routing\\Route))
#17 /var/www/vendor/laravel/framework/src/Illuminate/Routing/Router.php(739): Illuminate\\Routing\\Router->dispatchToRoute(Object(Illuminate\\Http\\Request))
#18 /var/www/vendor/laravel/framework/src/Illuminate/Foundation/Http/Kernel.php(201): Illuminate\\Routing\\Router->dispatch(Object(Illuminate\\Http\\Request))
#19 /var/www/vendor/laravel/framework/src/Illuminate/Pipeline/Pipeline.php(170): Illuminate\\Foundation\\Http\\Kernel->Illuminate\\Foundation\\Http\\{closure}(Object(Illuminate\\Http\\Request))
#20 /var/www/vendor/laravel/framework/src/Illuminate/Foundation/Http/Middleware/TransformsRequest.php(21): Illuminate\\Pipeline\\Pipeline->Illuminate\\Pipeline\\{closure}(Object(Illuminate\\Http\\Request))
#21 /var/www/vendor/laravel/framework/src/Illuminate/Foundation/Http/Middleware/ConvertEmptyStringsToNull.php(31): Illuminate\\Foundation\\Http\\Middleware\\TransformsRequest->handle(Object(Illuminate\\Http\\Request), Object(Closure))
#22 /var/www/vendor/laravel/framework/src/Illuminate/Pipeline/Pipeline.php(209): Illuminate\\Foundation\\Http\\Middleware\\ConvertEmptyStringsToNull->handle(Object(Illuminate\\Http\\Request), Object(Closure))
#23 /var/www/vendor/laravel/framework/src/Illuminate/Foundation/Http/Middleware/TransformsRequest.php(21): Illuminate\\Pipeline\\Pipeline->Illuminate\\Pipeline\\{closure}(Object(Illuminate\\Http\\Request))
#24 /var/www/vendor/laravel/framework/src/Illuminate/Foundation/Http/Middleware/TrimStrings.php(51): Illuminate\\Foundation\\Http\\Middleware\\TransformsRequest->handle(Object(Illuminate\\Http\\Request), Object(Closure))
#25 /var/www/vendor/laravel/framework/src/Illuminate/Pipeline/Pipeline.php(209): Illuminate\\Foundation\\Http\\Middleware\\TrimStrings->handle(Object(Illuminate\\Http\\Request), Object(Closure))
#26 /var/www/vendor/laravel/framework/src/Illuminate/Http/Middleware/ValidatePostSize.php(27): Illuminate\\Pipeline\\Pipeline->Illuminate\\Pipeline\\{closure}(Object(Illuminate\\Http\\Request))
#27 /var/www/vendor/laravel/framework/src/Illuminate/Pipeline/Pipeline.php(209): Illuminate\\Http\\Middleware\\ValidatePostSize->handle(Object(Illuminate\\Http\\Request), Object(Closure))
#28 /var/www/vendor/laravel/framework/src/Illuminate/Foundation/Http/Middleware/PreventRequestsDuringMaintenance.php(110): Illuminate\\Pipeline\\Pipeline->Illuminate\\Pipeline\\{closure}(Object(Illuminate\\Http\\Request))
#29 /var/www/vendor/laravel/framework/src/Illuminate/Pipeline/Pipeline.php(209): Illuminate\\Foundation\\Http\\Middleware\\PreventRequestsDuringMaintenance->handle(Object(Illuminate\\Http\\Request), Object(Closure))
#30 /var/www/vendor/laravel/framework/src/Illuminate/Http/Middleware/HandleCors.php(62): Illuminate\\Pipeline\\Pipeline->Illuminate\\Pipeline\\{closure}(Object(Illuminate\\Http\\Request))
#31 /var/www/vendor/laravel/framework/src/Illuminate/Pipeline/Pipeline.php(209): Illuminate\\Http\\Middleware\\HandleCors->handle(Object(Illuminate\\Http\\Request), Object(Closure))
#32 /var/www/vendor/laravel/framework/src/Illuminate/Http/Middleware/TrustProxies.php(58): Illuminate\\Pipeline\\Pipeline->Illuminate\\Pipeline\\{closure}(Object(Illuminate\\Http\\Request))
#33 /var/www/vendor/laravel/framework/src/Illuminate/Pipeline/Pipeline.php(209): Illuminate\\Http\\Middleware\\TrustProxies->handle(Object(Illuminate\\Http\\Request), Object(Closure))
#34 /var/www/vendor/laravel/framework/src/Illuminate/Foundation/Http/Middleware/InvokeDeferredCallbacks.php(22): Illuminate\\Pipeline\\Pipeline->Illuminate\\Pipeline\\{closure}(Object(Illuminate\\Http\\Request))
#35 /var/www/vendor/laravel/framework/src/Illuminate/Pipeline/Pipeline.php(209): Illuminate\\Foundation\\Http\\Middleware\\InvokeDeferredCallbacks->handle(Object(Illuminate\\Http\\Request), Object(Closure))
#36 /var/www/vendor/laravel/framework/src/Illuminate/Pipeline/Pipeline.php(127): Illuminate\\Pipeline\\Pipeline->Illuminate\\Pipeline\\{closure}(Object(Illuminate\\Http\\Request))
#37 /var/www/vendor/laravel/framework/src/Illuminate/Foundation/Http/Kernel.php(176): Illuminate\\Pipeline\\Pipeline->then(Object(Closure))
#38 /var/www/vendor/laravel/framework/src/Illuminate/Foundation/Http/Kernel.php(145): Illuminate\\Foundation\\Http\\Kernel->sendRequestThroughRouter(Object(Illuminate\\Http\\Request))
#39 /var/www/vendor/laravel/framework/src/Illuminate/Foundation/Application.php(1220): Illuminate\\Foundation\\Http\\Kernel->handle(Object(Illuminate\\Http\\Request))
#40 /var/www/public/index.php(17): Illuminate\\Foundation\\Application->handleRequest(Object(Illuminate\\Http\\Request))
#41 /var/www/vendor/laravel/framework/src/Illuminate/Foundation/resources/server.php(23): require_once('/var/www/public...')
#42 {main}
"} 
[2025-08-29 09:24:43] local.ERROR: Route [login] not defined. {"exception":"[object] (Symfony\\Component\\Routing\\Exception\\RouteNotFoundException(code: 0): Route [login] not defined. at /var/www/vendor/laravel/framework/src/Illuminate/Routing/UrlGenerator.php:517)
[stacktrace]
#0 /var/www/vendor/laravel/framework/src/Illuminate/Foundation/helpers.php(853): Illuminate\\Routing\\UrlGenerator->route('login', Array, true)
#1 /var/www/vendor/laravel/framework/src/Illuminate/Foundation/Configuration/ApplicationBuilder.php(278): route('login')
#2 [internal function]: Illuminate\\Foundation\\Configuration\\ApplicationBuilder->Illuminate\\Foundation\\Configuration\\{closure}(Object(Illuminate\\Http\\Request))
#3 /var/www/vendor/laravel/framework/src/Illuminate/Auth/Middleware/Authenticate.php(118): call_user_func(Object(Closure), Object(Illuminate\\Http\\Request))
#4 /var/www/vendor/laravel/framework/src/Illuminate/Auth/Middleware/Authenticate.php(105): Illuminate\\Auth\\Middleware\\Authenticate->redirectTo(Object(Illuminate\\Http\\Request))
#5 /var/www/vendor/laravel/framework/src/Illuminate/Auth/Middleware/Authenticate.php(88): Illuminate\\Auth\\Middleware\\Authenticate->unauthenticated(Object(Illuminate\\Http\\Request), Array)
#6 /var/www/vendor/laravel/framework/src/Illuminate/Auth/Middleware/Authenticate.php(62): Illuminate\\Auth\\Middleware\\Authenticate->authenticate(Object(Illuminate\\Http\\Request), Array)
#7 /var/www/vendor/laravel/framework/src/Illuminate/Pipeline/Pipeline.php(209): Illuminate\\Auth\\Middleware\\Authenticate->handle(Object(Illuminate\\Http\\Request), Object(Closure), 'sanctum')
#8 /var/www/vendor/laravel/sanctum/src/Http/Middleware/EnsureFrontendRequestsAreStateful.php(26): Illuminate\\Pipeline\\Pipeline->Illuminate\\Pipeline\\{closure}(Object(Illuminate\\Http\\Request))
#9 /var/www/vendor/laravel/framework/src/Illuminate/Pipeline/Pipeline.php(170): Laravel\\Sanctum\\Http\\Middleware\\EnsureFrontendRequestsAreStateful->Laravel\\Sanctum\\Http\\Middleware\\{closure}(Object(Illuminate\\Http\\Request))
#10 /var/www/vendor/laravel/framework/src/Illuminate/Pipeline/Pipeline.php(127): Illuminate\\Pipeline\\Pipeline->Illuminate\\Pipeline\\{closure}(Object(Illuminate\\Http\\Request))
#11 /var/www/vendor/laravel/sanctum/src/Http/Middleware/EnsureFrontendRequestsAreStateful.php(25): Illuminate\\Pipeline\\Pipeline->then(Object(Closure))
#12 /var/www/vendor/laravel/framework/src/Illuminate/Pipeline/Pipeline.php(209): Laravel\\Sanctum\\Http\\Middleware\\EnsureFrontendRequestsAreStateful->handle(Object(Illuminate\\Http\\Request), Object(Closure))
#13 /var/www/vendor/laravel/framework/src/Illuminate/Pipeline/Pipeline.php(127): Illuminate\\Pipeline\\Pipeline->Illuminate\\Pipeline\\{closure}(Object(Illuminate\\Http\\Request))
#14 /var/www/vendor/laravel/framework/src/Illuminate/Routing/Router.php(807): Illuminate\\Pipeline\\Pipeline->then(Object(Closure))
#15 /var/www/vendor/laravel/framework/src/Illuminate/Routing/Router.php(786): Illuminate\\Routing\\Router->runRouteWithinStack(Object(Illuminate\\Routing\\Route), Object(Illuminate\\Http\\Request))
#16 /var/www/vendor/laravel/framework/src/Illuminate/Routing/Router.php(750): Illuminate\\Routing\\Router->runRoute(Object(Illuminate\\Http\\Request), Object(Illuminate\\Routing\\Route))
#17 /var/www/vendor/laravel/framework/src/Illuminate/Routing/Router.php(739): Illuminate\\Routing\\Router->dispatchToRoute(Object(Illuminate\\Http\\Request))
#18 /var/www/vendor/laravel/framework/src/Illuminate/Foundation/Http/Kernel.php(201): Illuminate\\Routing\\Router->dispatch(Object(Illuminate\\Http\\Request))
#19 /var/www/vendor/laravel/framework/src/Illuminate/Pipeline/Pipeline.php(170): Illuminate\\Foundation\\Http\\Kernel->Illuminate\\Foundation\\Http\\{closure}(Object(Illuminate\\Http\\Request))
#20 /var/www/vendor/laravel/framework/src/Illuminate/Foundation/Http/Middleware/TransformsRequest.php(21): Illuminate\\Pipeline\\Pipeline->Illuminate\\Pipeline\\{closure}(Object(Illuminate\\Http\\Request))
#21 /var/www/vendor/laravel/framework/src/Illuminate/Foundation/Http/Middleware/ConvertEmptyStringsToNull.php(31): Illuminate\\Foundation\\Http\\Middleware\\TransformsRequest->handle(Object(Illuminate\\Http\\Request), Object(Closure))
#22 /var/www/vendor/laravel/framework/src/Illuminate/Pipeline/Pipeline.php(209): Illuminate\\Foundation\\Http\\Middleware\\ConvertEmptyStringsToNull->handle(Object(Illuminate\\Http\\Request), Object(Closure))
#23 /var/www/vendor/laravel/framework/src/Illuminate/Foundation/Http/Middleware/TransformsRequest.php(21): Illuminate\\Pipeline\\Pipeline->Illuminate\\Pipeline\\{closure}(Object(Illuminate\\Http\\Request))
#24 /var/www/vendor/laravel/framework/src/Illuminate/Foundation/Http/Middleware/TrimStrings.php(51): Illuminate\\Foundation\\Http\\Middleware\\TransformsRequest->handle(Object(Illuminate\\Http\\Request), Object(Closure))
#25 /var/www/vendor/laravel/framework/src/Illuminate/Pipeline/Pipeline.php(209): Illuminate\\Foundation\\Http\\Middleware\\TrimStrings->handle(Object(Illuminate\\Http\\Request), Object(Closure))
#26 /var/www/vendor/laravel/framework/src/Illuminate/Http/Middleware/ValidatePostSize.php(27): Illuminate\\Pipeline\\Pipeline->Illuminate\\Pipeline\\{closure}(Object(Illuminate\\Http\\Request))
#27 /var/www/vendor/laravel/framework/src/Illuminate/Pipeline/Pipeline.php(209): Illuminate\\Http\\Middleware\\ValidatePostSize->handle(Object(Illuminate\\Http\\Request), Object(Closure))
#28 /var/www/vendor/laravel/framework/src/Illuminate/Foundation/Http/Middleware/PreventRequestsDuringMaintenance.php(110): Illuminate\\Pipeline\\Pipeline->Illuminate\\Pipeline\\{closure}(Object(Illuminate\\Http\\Request))
#29 /var/www/vendor/laravel/framework/src/Illuminate/Pipeline/Pipeline.php(209): Illuminate\\Foundation\\Http\\Middleware\\PreventRequestsDuringMaintenance->handle(Object(Illuminate\\Http\\Request), Object(Closure))
#30 /var/www/vendor/laravel/framework/src/Illuminate/Http/Middleware/HandleCors.php(62): Illuminate\\Pipeline\\Pipeline->Illuminate\\Pipeline\\{closure}(Object(Illuminate\\Http\\Request))
#31 /var/www/vendor/laravel/framework/src/Illuminate/Pipeline/Pipeline.php(209): Illuminate\\Http\\Middleware\\HandleCors->handle(Object(Illuminate\\Http\\Request), Object(Closure))
#32 /var/www/vendor/laravel/framework/src/Illuminate/Http/Middleware/TrustProxies.php(58): Illuminate\\Pipeline\\Pipeline->Illuminate\\Pipeline\\{closure}(Object(Illuminate\\Http\\Request))
#33 /var/www/vendor/laravel/framework/src/Illuminate/Pipeline/Pipeline.php(209): Illuminate\\Http\\Middleware\\TrustProxies->handle(Object(Illuminate\\Http\\Request), Object(Closure))
#34 /var/www/vendor/laravel/framework/src/Illuminate/Foundation/Http/Middleware/InvokeDeferredCallbacks.php(22): Illuminate\\Pipeline\\Pipeline->Illuminate\\Pipeline\\{closure}(Object(Illuminate\\Http\\Request))
#35 /var/www/vendor/laravel/framework/src/Illuminate/Pipeline/Pipeline.php(209): Illuminate\\Foundation\\Http\\Middleware\\InvokeDeferredCallbacks->handle(Object(Illuminate\\Http\\Request), Object(Closure))
#36 /var/www/vendor/laravel/framework/src/Illuminate/Pipeline/Pipeline.php(127): Illuminate\\Pipeline\\Pipeline->Illuminate\\Pipeline\\{closure}(Object(Illuminate\\Http\\Request))
#37 /var/www/vendor/laravel/framework/src/Illuminate/Foundation/Http/Kernel.php(176): Illuminate\\Pipeline\\Pipeline->then(Object(Closure))
#38 /var/www/vendor/laravel/framework/src/Illuminate/Foundation/Http/Kernel.php(145): Illuminate\\Foundation\\Http\\Kernel->sendRequestThroughRouter(Object(Illuminate\\Http\\Request))
#39 /var/www/vendor/laravel/framework/src/Illuminate/Foundation/Application.php(1220): Illuminate\\Foundation\\Http\\Kernel->handle(Object(Illuminate\\Http\\Request))
#40 /var/www/public/index.php(17): Illuminate\\Foundation\\Application->handleRequest(Object(Illuminate\\Http\\Request))
#41 /var/www/vendor/laravel/framework/src/Illuminate/Foundation/resources/server.php(23): require_once('/var/www/public...')
#42 {main}
"} 
[2025-08-29 09:36:17] local.ERROR: Route [login] not defined. {"exception":"[object] (Symfony\\Component\\Routing\\Exception\\RouteNotFoundException(code: 0): Route [login] not defined. at /var/www/vendor/laravel/framework/src/Illuminate/Routing/UrlGenerator.php:517)
[stacktrace]
#0 /var/www/vendor/laravel/framework/src/Illuminate/Foundation/helpers.php(853): Illuminate\\Routing\\UrlGenerator->route('login', Array, true)
#1 /var/www/vendor/laravel/framework/src/Illuminate/Foundation/Configuration/ApplicationBuilder.php(278): route('login')
#2 [internal function]: Illuminate\\Foundation\\Configuration\\ApplicationBuilder->Illuminate\\Foundation\\Configuration\\{closure}(Object(Illuminate\\Http\\Request))
#3 /var/www/vendor/laravel/framework/src/Illuminate/Auth/Middleware/Authenticate.php(118): call_user_func(Object(Closure), Object(Illuminate\\Http\\Request))
#4 /var/www/vendor/laravel/framework/src/Illuminate/Auth/Middleware/Authenticate.php(105): Illuminate\\Auth\\Middleware\\Authenticate->redirectTo(Object(Illuminate\\Http\\Request))
#5 /var/www/vendor/laravel/framework/src/Illuminate/Auth/Middleware/Authenticate.php(88): Illuminate\\Auth\\Middleware\\Authenticate->unauthenticated(Object(Illuminate\\Http\\Request), Array)
#6 /var/www/vendor/laravel/framework/src/Illuminate/Auth/Middleware/Authenticate.php(62): Illuminate\\Auth\\Middleware\\Authenticate->authenticate(Object(Illuminate\\Http\\Request), Array)
#7 /var/www/vendor/laravel/framework/src/Illuminate/Pipeline/Pipeline.php(209): Illuminate\\Auth\\Middleware\\Authenticate->handle(Object(Illuminate\\Http\\Request), Object(Closure), 'sanctum')
#8 /var/www/vendor/laravel/sanctum/src/Http/Middleware/EnsureFrontendRequestsAreStateful.php(26): Illuminate\\Pipeline\\Pipeline->Illuminate\\Pipeline\\{closure}(Object(Illuminate\\Http\\Request))
#9 /var/www/vendor/laravel/framework/src/Illuminate/Pipeline/Pipeline.php(170): Laravel\\Sanctum\\Http\\Middleware\\EnsureFrontendRequestsAreStateful->Laravel\\Sanctum\\Http\\Middleware\\{closure}(Object(Illuminate\\Http\\Request))
#10 /var/www/vendor/laravel/framework/src/Illuminate/Pipeline/Pipeline.php(127): Illuminate\\Pipeline\\Pipeline->Illuminate\\Pipeline\\{closure}(Object(Illuminate\\Http\\Request))
#11 /var/www/vendor/laravel/sanctum/src/Http/Middleware/EnsureFrontendRequestsAreStateful.php(25): Illuminate\\Pipeline\\Pipeline->then(Object(Closure))
#12 /var/www/vendor/laravel/framework/src/Illuminate/Pipeline/Pipeline.php(209): Laravel\\Sanctum\\Http\\Middleware\\EnsureFrontendRequestsAreStateful->handle(Object(Illuminate\\Http\\Request), Object(Closure))
#13 /var/www/vendor/laravel/framework/src/Illuminate/Pipeline/Pipeline.php(127): Illuminate\\Pipeline\\Pipeline->Illuminate\\Pipeline\\{closure}(Object(Illuminate\\Http\\Request))
#14 /var/www/vendor/laravel/framework/src/Illuminate/Routing/Router.php(807): Illuminate\\Pipeline\\Pipeline->then(Object(Closure))
#15 /var/www/vendor/laravel/framework/src/Illuminate/Routing/Router.php(786): Illuminate\\Routing\\Router->runRouteWithinStack(Object(Illuminate\\Routing\\Route), Object(Illuminate\\Http\\Request))
#16 /var/www/vendor/laravel/framework/src/Illuminate/Routing/Router.php(750): Illuminate\\Routing\\Router->runRoute(Object(Illuminate\\Http\\Request), Object(Illuminate\\Routing\\Route))
#17 /var/www/vendor/laravel/framework/src/Illuminate/Routing/Router.php(739): Illuminate\\Routing\\Router->dispatchToRoute(Object(Illuminate\\Http\\Request))
#18 /var/www/vendor/laravel/framework/src/Illuminate/Foundation/Http/Kernel.php(201): Illuminate\\Routing\\Router->dispatch(Object(Illuminate\\Http\\Request))
#19 /var/www/vendor/laravel/framework/src/Illuminate/Pipeline/Pipeline.php(170): Illuminate\\Foundation\\Http\\Kernel->Illuminate\\Foundation\\Http\\{closure}(Object(Illuminate\\Http\\Request))
#20 /var/www/vendor/laravel/framework/src/Illuminate/Foundation/Http/Middleware/TransformsRequest.php(21): Illuminate\\Pipeline\\Pipeline->Illuminate\\Pipeline\\{closure}(Object(Illuminate\\Http\\Request))
#21 /var/www/vendor/laravel/framework/src/Illuminate/Foundation/Http/Middleware/ConvertEmptyStringsToNull.php(31): Illuminate\\Foundation\\Http\\Middleware\\TransformsRequest->handle(Object(Illuminate\\Http\\Request), Object(Closure))
#22 /var/www/vendor/laravel/framework/src/Illuminate/Pipeline/Pipeline.php(209): Illuminate\\Foundation\\Http\\Middleware\\ConvertEmptyStringsToNull->handle(Object(Illuminate\\Http\\Request), Object(Closure))
#23 /var/www/vendor/laravel/framework/src/Illuminate/Foundation/Http/Middleware/TransformsRequest.php(21): Illuminate\\Pipeline\\Pipeline->Illuminate\\Pipeline\\{closure}(Object(Illuminate\\Http\\Request))
#24 /var/www/vendor/laravel/framework/src/Illuminate/Foundation/Http/Middleware/TrimStrings.php(51): Illuminate\\Foundation\\Http\\Middleware\\TransformsRequest->handle(Object(Illuminate\\Http\\Request), Object(Closure))
#25 /var/www/vendor/laravel/framework/src/Illuminate/Pipeline/Pipeline.php(209): Illuminate\\Foundation\\Http\\Middleware\\TrimStrings->handle(Object(Illuminate\\Http\\Request), Object(Closure))
#26 /var/www/vendor/laravel/framework/src/Illuminate/Http/Middleware/ValidatePostSize.php(27): Illuminate\\Pipeline\\Pipeline->Illuminate\\Pipeline\\{closure}(Object(Illuminate\\Http\\Request))
#27 /var/www/vendor/laravel/framework/src/Illuminate/Pipeline/Pipeline.php(209): Illuminate\\Http\\Middleware\\ValidatePostSize->handle(Object(Illuminate\\Http\\Request), Object(Closure))
#28 /var/www/vendor/laravel/framework/src/Illuminate/Foundation/Http/Middleware/PreventRequestsDuringMaintenance.php(110): Illuminate\\Pipeline\\Pipeline->Illuminate\\Pipeline\\{closure}(Object(Illuminate\\Http\\Request))
#29 /var/www/vendor/laravel/framework/src/Illuminate/Pipeline/Pipeline.php(209): Illuminate\\Foundation\\Http\\Middleware\\PreventRequestsDuringMaintenance->handle(Object(Illuminate\\Http\\Request), Object(Closure))
#30 /var/www/vendor/laravel/framework/src/Illuminate/Http/Middleware/HandleCors.php(62): Illuminate\\Pipeline\\Pipeline->Illuminate\\Pipeline\\{closure}(Object(Illuminate\\Http\\Request))
#31 /var/www/vendor/laravel/framework/src/Illuminate/Pipeline/Pipeline.php(209): Illuminate\\Http\\Middleware\\HandleCors->handle(Object(Illuminate\\Http\\Request), Object(Closure))
#32 /var/www/vendor/laravel/framework/src/Illuminate/Http/Middleware/TrustProxies.php(58): Illuminate\\Pipeline\\Pipeline->Illuminate\\Pipeline\\{closure}(Object(Illuminate\\Http\\Request))
#33 /var/www/vendor/laravel/framework/src/Illuminate/Pipeline/Pipeline.php(209): Illuminate\\Http\\Middleware\\TrustProxies->handle(Object(Illuminate\\Http\\Request), Object(Closure))
#34 /var/www/vendor/laravel/framework/src/Illuminate/Foundation/Http/Middleware/InvokeDeferredCallbacks.php(22): Illuminate\\Pipeline\\Pipeline->Illuminate\\Pipeline\\{closure}(Object(Illuminate\\Http\\Request))
#35 /var/www/vendor/laravel/framework/src/Illuminate/Pipeline/Pipeline.php(209): Illuminate\\Foundation\\Http\\Middleware\\InvokeDeferredCallbacks->handle(Object(Illuminate\\Http\\Request), Object(Closure))
#36 /var/www/vendor/laravel/framework/src/Illuminate/Pipeline/Pipeline.php(127): Illuminate\\Pipeline\\Pipeline->Illuminate\\Pipeline\\{closure}(Object(Illuminate\\Http\\Request))
#37 /var/www/vendor/laravel/framework/src/Illuminate/Foundation/Http/Kernel.php(176): Illuminate\\Pipeline\\Pipeline->then(Object(Closure))
#38 /var/www/vendor/laravel/framework/src/Illuminate/Foundation/Http/Kernel.php(145): Illuminate\\Foundation\\Http\\Kernel->sendRequestThroughRouter(Object(Illuminate\\Http\\Request))
#39 /var/www/vendor/laravel/framework/src/Illuminate/Foundation/Application.php(1220): Illuminate\\Foundation\\Http\\Kernel->handle(Object(Illuminate\\Http\\Request))
#40 /var/www/public/index.php(17): Illuminate\\Foundation\\Application->handleRequest(Object(Illuminate\\Http\\Request))
#41 /var/www/vendor/laravel/framework/src/Illuminate/Foundation/resources/server.php(23): require_once('/var/www/public...')
#42 {main}
"} 
[2025-08-29 09:42:56] local.ERROR: syntax error, unexpected fully qualified name "\Support", expecting "{" {"exception":"[object] (ParseError(code: 0): syntax error, unexpected fully qualified name \"\\Support\", expecting \"{\" at /var/www/routes/web.php:3)
[stacktrace]
#0 /var/www/vendor/laravel/framework/src/Illuminate/Routing/Router.php(513): Illuminate\\Routing\\RouteFileRegistrar->register('/var/www/bootst...')
#1 /var/www/vendor/laravel/framework/src/Illuminate/Routing/Router.php(467): Illuminate\\Routing\\Router->loadRoutes('/var/www/bootst...')
#2 /var/www/vendor/laravel/framework/src/Illuminate/Routing/RouteRegistrar.php(207): Illuminate\\Routing\\Router->group(Array, '/var/www/bootst...')
#3 /var/www/vendor/laravel/framework/src/Illuminate/Foundation/Configuration/ApplicationBuilder.php(248): Illuminate\\Routing\\RouteRegistrar->group('/var/www/bootst...')
#4 /var/www/vendor/laravel/framework/src/Illuminate/Container/BoundMethod.php(36): Illuminate\\Foundation\\Configuration\\ApplicationBuilder->Illuminate\\Foundation\\Configuration\\{closure}()
#5 /var/www/vendor/laravel/framework/src/Illuminate/Container/Util.php(43): Illuminate\\Container\\BoundMethod::Illuminate\\Container\\{closure}()
#6 /var/www/vendor/laravel/framework/src/Illuminate/Container/BoundMethod.php(83): Illuminate\\Container\\Util::unwrapIfClosure(Object(Closure))
#7 /var/www/vendor/laravel/framework/src/Illuminate/Container/BoundMethod.php(35): Illuminate\\Container\\BoundMethod::callBoundMethod(Object(Illuminate\\Foundation\\Application), Object(Closure), Object(Closure))
#8 /var/www/vendor/laravel/framework/src/Illuminate/Container/Container.php(696): Illuminate\\Container\\BoundMethod::call(Object(Illuminate\\Foundation\\Application), Object(Closure), Array, NULL)
#9 /var/www/vendor/laravel/framework/src/Illuminate/Foundation/Support/Providers/RouteServiceProvider.php(162): Illuminate\\Container\\Container->call(Object(Closure))
#10 /var/www/vendor/laravel/framework/src/Illuminate/Foundation/Support/Providers/RouteServiceProvider.php(59): Illuminate\\Foundation\\Support\\Providers\\RouteServiceProvider->loadRoutes()
#11 /var/www/vendor/laravel/framework/src/Illuminate/Container/BoundMethod.php(36): Illuminate\\Foundation\\Support\\Providers\\RouteServiceProvider->Illuminate\\Foundation\\Support\\Providers\\{closure}()
#12 /var/www/vendor/laravel/framework/src/Illuminate/Container/Util.php(43): Illuminate\\Container\\BoundMethod::Illuminate\\Container\\{closure}()
#13 /var/www/vendor/laravel/framework/src/Illuminate/Container/BoundMethod.php(83): Illuminate\\Container\\Util::unwrapIfClosure(Object(Closure))
#14 /var/www/vendor/laravel/framework/src/Illuminate/Container/BoundMethod.php(35): Illuminate\\Container\\BoundMethod::callBoundMethod(Object(Illuminate\\Foundation\\Application), Object(Closure), Object(Closure))
#15 /var/www/vendor/laravel/framework/src/Illuminate/Container/Container.php(696): Illuminate\\Container\\BoundMethod::call(Object(Illuminate\\Foundation\\Application), Object(Closure), Array, NULL)
#16 /var/www/vendor/laravel/framework/src/Illuminate/Support/ServiceProvider.php(144): Illuminate\\Container\\Container->call(Object(Closure))
#17 /var/www/vendor/laravel/framework/src/Illuminate/Foundation/Application.php(1154): Illuminate\\Support\\ServiceProvider->callBootedCallbacks()
#18 /var/www/vendor/laravel/framework/src/Illuminate/Foundation/Application.php(1132): Illuminate\\Foundation\\Application->bootProvider(Object(Illuminate\\Foundation\\Support\\Providers\\RouteServiceProvider))
#19 [internal function]: Illuminate\\Foundation\\Application->Illuminate\\Foundation\\{closure}(Object(Illuminate\\Foundation\\Support\\Providers\\RouteServiceProvider), 'Illuminate\\\\Foun...')
#20 /var/www/vendor/laravel/framework/src/Illuminate/Foundation/Application.php(1131): array_walk(Array, Object(Closure))
#21 /var/www/vendor/laravel/framework/src/Illuminate/Foundation/Bootstrap/BootProviders.php(17): Illuminate\\Foundation\\Application->boot()
#22 /var/www/vendor/laravel/framework/src/Illuminate/Foundation/Application.php(342): Illuminate\\Foundation\\Bootstrap\\BootProviders->bootstrap(Object(Illuminate\\Foundation\\Application))
#23 /var/www/vendor/laravel/framework/src/Illuminate/Foundation/Console/Kernel.php(474): Illuminate\\Foundation\\Application->bootstrapWith(Array)
#24 /var/www/vendor/laravel/framework/src/Illuminate/Foundation/Console/Kernel.php(196): Illuminate\\Foundation\\Console\\Kernel->bootstrap()
#25 /var/www/vendor/laravel/framework/src/Illuminate/Foundation/Application.php(1235): Illuminate\\Foundation\\Console\\Kernel->handle(Object(Symfony\\Component\\Console\\Input\\ArgvInput), Object(Symfony\\Component\\Console\\Output\\ConsoleOutput))
#26 /var/www/artisan(13): Illuminate\\Foundation\\Application->handleCommand(Object(Symfony\\Component\\Console\\Input\\ArgvInput))
#27 {main}
"} 
[2025-08-29 12:41:45] local.ERROR: Route [login] not defined. {"exception":"[object] (Symfony\\Component\\Routing\\Exception\\RouteNotFoundException(code: 0): Route [login] not defined. at /var/www/vendor/laravel/framework/src/Illuminate/Routing/UrlGenerator.php:517)
[stacktrace]
#0 /var/www/vendor/laravel/framework/src/Illuminate/Foundation/helpers.php(853): Illuminate\\Routing\\UrlGenerator->route('login', Array, true)
#1 /var/www/vendor/laravel/framework/src/Illuminate/Foundation/Configuration/ApplicationBuilder.php(278): route('login')
#2 [internal function]: Illuminate\\Foundation\\Configuration\\ApplicationBuilder->Illuminate\\Foundation\\Configuration\\{closure}(Object(Illuminate\\Http\\Request))
#3 /var/www/vendor/laravel/framework/src/Illuminate/Auth/Middleware/Authenticate.php(118): call_user_func(Object(Closure), Object(Illuminate\\Http\\Request))
#4 /var/www/vendor/laravel/framework/src/Illuminate/Auth/Middleware/Authenticate.php(105): Illuminate\\Auth\\Middleware\\Authenticate->redirectTo(Object(Illuminate\\Http\\Request))
#5 /var/www/vendor/laravel/framework/src/Illuminate/Auth/Middleware/Authenticate.php(88): Illuminate\\Auth\\Middleware\\Authenticate->unauthenticated(Object(Illuminate\\Http\\Request), Array)
#6 /var/www/vendor/laravel/framework/src/Illuminate/Auth/Middleware/Authenticate.php(62): Illuminate\\Auth\\Middleware\\Authenticate->authenticate(Object(Illuminate\\Http\\Request), Array)
#7 /var/www/vendor/laravel/framework/src/Illuminate/Pipeline/Pipeline.php(209): Illuminate\\Auth\\Middleware\\Authenticate->handle(Object(Illuminate\\Http\\Request), Object(Closure), 'sanctum')
#8 /var/www/vendor/laravel/sanctum/src/Http/Middleware/EnsureFrontendRequestsAreStateful.php(26): Illuminate\\Pipeline\\Pipeline->Illuminate\\Pipeline\\{closure}(Object(Illuminate\\Http\\Request))
#9 /var/www/vendor/laravel/framework/src/Illuminate/Pipeline/Pipeline.php(170): Laravel\\Sanctum\\Http\\Middleware\\EnsureFrontendRequestsAreStateful->Laravel\\Sanctum\\Http\\Middleware\\{closure}(Object(Illuminate\\Http\\Request))
#10 /var/www/vendor/laravel/framework/src/Illuminate/Pipeline/Pipeline.php(127): Illuminate\\Pipeline\\Pipeline->Illuminate\\Pipeline\\{closure}(Object(Illuminate\\Http\\Request))
#11 /var/www/vendor/laravel/sanctum/src/Http/Middleware/EnsureFrontendRequestsAreStateful.php(25): Illuminate\\Pipeline\\Pipeline->then(Object(Closure))
#12 /var/www/vendor/laravel/framework/src/Illuminate/Pipeline/Pipeline.php(209): Laravel\\Sanctum\\Http\\Middleware\\EnsureFrontendRequestsAreStateful->handle(Object(Illuminate\\Http\\Request), Object(Closure))
#13 /var/www/vendor/laravel/framework/src/Illuminate/Pipeline/Pipeline.php(127): Illuminate\\Pipeline\\Pipeline->Illuminate\\Pipeline\\{closure}(Object(Illuminate\\Http\\Request))
#14 /var/www/vendor/laravel/framework/src/Illuminate/Routing/Router.php(807): Illuminate\\Pipeline\\Pipeline->then(Object(Closure))
#15 /var/www/vendor/laravel/framework/src/Illuminate/Routing/Router.php(786): Illuminate\\Routing\\Router->runRouteWithinStack(Object(Illuminate\\Routing\\Route), Object(Illuminate\\Http\\Request))
#16 /var/www/vendor/laravel/framework/src/Illuminate/Routing/Router.php(750): Illuminate\\Routing\\Router->runRoute(Object(Illuminate\\Http\\Request), Object(Illuminate\\Routing\\Route))
#17 /var/www/vendor/laravel/framework/src/Illuminate/Routing/Router.php(739): Illuminate\\Routing\\Router->dispatchToRoute(Object(Illuminate\\Http\\Request))
#18 /var/www/vendor/laravel/framework/src/Illuminate/Foundation/Http/Kernel.php(201): Illuminate\\Routing\\Router->dispatch(Object(Illuminate\\Http\\Request))
#19 /var/www/vendor/laravel/framework/src/Illuminate/Pipeline/Pipeline.php(170): Illuminate\\Foundation\\Http\\Kernel->Illuminate\\Foundation\\Http\\{closure}(Object(Illuminate\\Http\\Request))
#20 /var/www/vendor/laravel/framework/src/Illuminate/Foundation/Http/Middleware/TransformsRequest.php(21): Illuminate\\Pipeline\\Pipeline->Illuminate\\Pipeline\\{closure}(Object(Illuminate\\Http\\Request))
#21 /var/www/vendor/laravel/framework/src/Illuminate/Foundation/Http/Middleware/ConvertEmptyStringsToNull.php(31): Illuminate\\Foundation\\Http\\Middleware\\TransformsRequest->handle(Object(Illuminate\\Http\\Request), Object(Closure))
#22 /var/www/vendor/laravel/framework/src/Illuminate/Pipeline/Pipeline.php(209): Illuminate\\Foundation\\Http\\Middleware\\ConvertEmptyStringsToNull->handle(Object(Illuminate\\Http\\Request), Object(Closure))
#23 /var/www/vendor/laravel/framework/src/Illuminate/Foundation/Http/Middleware/TransformsRequest.php(21): Illuminate\\Pipeline\\Pipeline->Illuminate\\Pipeline\\{closure}(Object(Illuminate\\Http\\Request))
#24 /var/www/vendor/laravel/framework/src/Illuminate/Foundation/Http/Middleware/TrimStrings.php(51): Illuminate\\Foundation\\Http\\Middleware\\TransformsRequest->handle(Object(Illuminate\\Http\\Request), Object(Closure))
#25 /var/www/vendor/laravel/framework/src/Illuminate/Pipeline/Pipeline.php(209): Illuminate\\Foundation\\Http\\Middleware\\TrimStrings->handle(Object(Illuminate\\Http\\Request), Object(Closure))
#26 /var/www/vendor/laravel/framework/src/Illuminate/Http/Middleware/ValidatePostSize.php(27): Illuminate\\Pipeline\\Pipeline->Illuminate\\Pipeline\\{closure}(Object(Illuminate\\Http\\Request))
#27 /var/www/vendor/laravel/framework/src/Illuminate/Pipeline/Pipeline.php(209): Illuminate\\Http\\Middleware\\ValidatePostSize->handle(Object(Illuminate\\Http\\Request), Object(Closure))
#28 /var/www/vendor/laravel/framework/src/Illuminate/Foundation/Http/Middleware/PreventRequestsDuringMaintenance.php(110): Illuminate\\Pipeline\\Pipeline->Illuminate\\Pipeline\\{closure}(Object(Illuminate\\Http\\Request))
#29 /var/www/vendor/laravel/framework/src/Illuminate/Pipeline/Pipeline.php(209): Illuminate\\Foundation\\Http\\Middleware\\PreventRequestsDuringMaintenance->handle(Object(Illuminate\\Http\\Request), Object(Closure))
#30 /var/www/vendor/laravel/framework/src/Illuminate/Http/Middleware/HandleCors.php(62): Illuminate\\Pipeline\\Pipeline->Illuminate\\Pipeline\\{closure}(Object(Illuminate\\Http\\Request))
#31 /var/www/vendor/laravel/framework/src/Illuminate/Pipeline/Pipeline.php(209): Illuminate\\Http\\Middleware\\HandleCors->handle(Object(Illuminate\\Http\\Request), Object(Closure))
#32 /var/www/vendor/laravel/framework/src/Illuminate/Http/Middleware/TrustProxies.php(58): Illuminate\\Pipeline\\Pipeline->Illuminate\\Pipeline\\{closure}(Object(Illuminate\\Http\\Request))
#33 /var/www/vendor/laravel/framework/src/Illuminate/Pipeline/Pipeline.php(209): Illuminate\\Http\\Middleware\\TrustProxies->handle(Object(Illuminate\\Http\\Request), Object(Closure))
#34 /var/www/vendor/laravel/framework/src/Illuminate/Foundation/Http/Middleware/InvokeDeferredCallbacks.php(22): Illuminate\\Pipeline\\Pipeline->Illuminate\\Pipeline\\{closure}(Object(Illuminate\\Http\\Request))
#35 /var/www/vendor/laravel/framework/src/Illuminate/Pipeline/Pipeline.php(209): Illuminate\\Foundation\\Http\\Middleware\\InvokeDeferredCallbacks->handle(Object(Illuminate\\Http\\Request), Object(Closure))
#36 /var/www/vendor/laravel/framework/src/Illuminate/Pipeline/Pipeline.php(127): Illuminate\\Pipeline\\Pipeline->Illuminate\\Pipeline\\{closure}(Object(Illuminate\\Http\\Request))
#37 /var/www/vendor/laravel/framework/src/Illuminate/Foundation/Http/Kernel.php(176): Illuminate\\Pipeline\\Pipeline->then(Object(Closure))
#38 /var/www/vendor/laravel/framework/src/Illuminate/Foundation/Http/Kernel.php(145): Illuminate\\Foundation\\Http\\Kernel->sendRequestThroughRouter(Object(Illuminate\\Http\\Request))
#39 /var/www/vendor/laravel/framework/src/Illuminate/Foundation/Application.php(1220): Illuminate\\Foundation\\Http\\Kernel->handle(Object(Illuminate\\Http\\Request))
#40 /var/www/public/index.php(17): Illuminate\\Foundation\\Application->handleRequest(Object(Illuminate\\Http\\Request))
#41 /var/www/vendor/laravel/framework/src/Illuminate/Foundation/resources/server.php(23): require_once('/var/www/public...')
#42 {main}
"} 
[2025-08-29 13:01:08] local.ERROR: Route [login] not defined. {"exception":"[object] (Symfony\\Component\\Routing\\Exception\\RouteNotFoundException(code: 0): Route [login] not defined. at /var/www/vendor/laravel/framework/src/Illuminate/Routing/UrlGenerator.php:517)
[stacktrace]
#0 /var/www/vendor/laravel/framework/src/Illuminate/Foundation/helpers.php(853): Illuminate\\Routing\\UrlGenerator->route('login', Array, true)
#1 /var/www/vendor/laravel/framework/src/Illuminate/Foundation/Configuration/ApplicationBuilder.php(278): route('login')
#2 [internal function]: Illuminate\\Foundation\\Configuration\\ApplicationBuilder->Illuminate\\Foundation\\Configuration\\{closure}(Object(Illuminate\\Http\\Request))
#3 /var/www/vendor/laravel/framework/src/Illuminate/Auth/Middleware/Authenticate.php(118): call_user_func(Object(Closure), Object(Illuminate\\Http\\Request))
#4 /var/www/vendor/laravel/framework/src/Illuminate/Auth/Middleware/Authenticate.php(105): Illuminate\\Auth\\Middleware\\Authenticate->redirectTo(Object(Illuminate\\Http\\Request))
#5 /var/www/vendor/laravel/framework/src/Illuminate/Auth/Middleware/Authenticate.php(88): Illuminate\\Auth\\Middleware\\Authenticate->unauthenticated(Object(Illuminate\\Http\\Request), Array)
#6 /var/www/vendor/laravel/framework/src/Illuminate/Auth/Middleware/Authenticate.php(62): Illuminate\\Auth\\Middleware\\Authenticate->authenticate(Object(Illuminate\\Http\\Request), Array)
#7 /var/www/vendor/laravel/framework/src/Illuminate/Pipeline/Pipeline.php(209): Illuminate\\Auth\\Middleware\\Authenticate->handle(Object(Illuminate\\Http\\Request), Object(Closure), 'sanctum')
#8 /var/www/vendor/laravel/sanctum/src/Http/Middleware/EnsureFrontendRequestsAreStateful.php(26): Illuminate\\Pipeline\\Pipeline->Illuminate\\Pipeline\\{closure}(Object(Illuminate\\Http\\Request))
#9 /var/www/vendor/laravel/framework/src/Illuminate/Pipeline/Pipeline.php(170): Laravel\\Sanctum\\Http\\Middleware\\EnsureFrontendRequestsAreStateful->Laravel\\Sanctum\\Http\\Middleware\\{closure}(Object(Illuminate\\Http\\Request))
#10 /var/www/vendor/laravel/framework/src/Illuminate/Pipeline/Pipeline.php(127): Illuminate\\Pipeline\\Pipeline->Illuminate\\Pipeline\\{closure}(Object(Illuminate\\Http\\Request))
#11 /var/www/vendor/laravel/sanctum/src/Http/Middleware/EnsureFrontendRequestsAreStateful.php(25): Illuminate\\Pipeline\\Pipeline->then(Object(Closure))
#12 /var/www/vendor/laravel/framework/src/Illuminate/Pipeline/Pipeline.php(209): Laravel\\Sanctum\\Http\\Middleware\\EnsureFrontendRequestsAreStateful->handle(Object(Illuminate\\Http\\Request), Object(Closure))
#13 /var/www/vendor/laravel/framework/src/Illuminate/Pipeline/Pipeline.php(127): Illuminate\\Pipeline\\Pipeline->Illuminate\\Pipeline\\{closure}(Object(Illuminate\\Http\\Request))
#14 /var/www/vendor/laravel/framework/src/Illuminate/Routing/Router.php(807): Illuminate\\Pipeline\\Pipeline->then(Object(Closure))
#15 /var/www/vendor/laravel/framework/src/Illuminate/Routing/Router.php(786): Illuminate\\Routing\\Router->runRouteWithinStack(Object(Illuminate\\Routing\\Route), Object(Illuminate\\Http\\Request))
#16 /var/www/vendor/laravel/framework/src/Illuminate/Routing/Router.php(750): Illuminate\\Routing\\Router->runRoute(Object(Illuminate\\Http\\Request), Object(Illuminate\\Routing\\Route))
#17 /var/www/vendor/laravel/framework/src/Illuminate/Routing/Router.php(739): Illuminate\\Routing\\Router->dispatchToRoute(Object(Illuminate\\Http\\Request))
#18 /var/www/vendor/laravel/framework/src/Illuminate/Foundation/Http/Kernel.php(201): Illuminate\\Routing\\Router->dispatch(Object(Illuminate\\Http\\Request))
#19 /var/www/vendor/laravel/framework/src/Illuminate/Pipeline/Pipeline.php(170): Illuminate\\Foundation\\Http\\Kernel->Illuminate\\Foundation\\Http\\{closure}(Object(Illuminate\\Http\\Request))
#20 /var/www/vendor/laravel/framework/src/Illuminate/Foundation/Http/Middleware/TransformsRequest.php(21): Illuminate\\Pipeline\\Pipeline->Illuminate\\Pipeline\\{closure}(Object(Illuminate\\Http\\Request))
#21 /var/www/vendor/laravel/framework/src/Illuminate/Foundation/Http/Middleware/ConvertEmptyStringsToNull.php(31): Illuminate\\Foundation\\Http\\Middleware\\TransformsRequest->handle(Object(Illuminate\\Http\\Request), Object(Closure))
#22 /var/www/vendor/laravel/framework/src/Illuminate/Pipeline/Pipeline.php(209): Illuminate\\Foundation\\Http\\Middleware\\ConvertEmptyStringsToNull->handle(Object(Illuminate\\Http\\Request), Object(Closure))
#23 /var/www/vendor/laravel/framework/src/Illuminate/Foundation/Http/Middleware/TransformsRequest.php(21): Illuminate\\Pipeline\\Pipeline->Illuminate\\Pipeline\\{closure}(Object(Illuminate\\Http\\Request))
#24 /var/www/vendor/laravel/framework/src/Illuminate/Foundation/Http/Middleware/TrimStrings.php(51): Illuminate\\Foundation\\Http\\Middleware\\TransformsRequest->handle(Object(Illuminate\\Http\\Request), Object(Closure))
#25 /var/www/vendor/laravel/framework/src/Illuminate/Pipeline/Pipeline.php(209): Illuminate\\Foundation\\Http\\Middleware\\TrimStrings->handle(Object(Illuminate\\Http\\Request), Object(Closure))
#26 /var/www/vendor/laravel/framework/src/Illuminate/Http/Middleware/ValidatePostSize.php(27): Illuminate\\Pipeline\\Pipeline->Illuminate\\Pipeline\\{closure}(Object(Illuminate\\Http\\Request))
#27 /var/www/vendor/laravel/framework/src/Illuminate/Pipeline/Pipeline.php(209): Illuminate\\Http\\Middleware\\ValidatePostSize->handle(Object(Illuminate\\Http\\Request), Object(Closure))
#28 /var/www/vendor/laravel/framework/src/Illuminate/Foundation/Http/Middleware/PreventRequestsDuringMaintenance.php(110): Illuminate\\Pipeline\\Pipeline->Illuminate\\Pipeline\\{closure}(Object(Illuminate\\Http\\Request))
#29 /var/www/vendor/laravel/framework/src/Illuminate/Pipeline/Pipeline.php(209): Illuminate\\Foundation\\Http\\Middleware\\PreventRequestsDuringMaintenance->handle(Object(Illuminate\\Http\\Request), Object(Closure))
#30 /var/www/vendor/laravel/framework/src/Illuminate/Http/Middleware/HandleCors.php(62): Illuminate\\Pipeline\\Pipeline->Illuminate\\Pipeline\\{closure}(Object(Illuminate\\Http\\Request))
#31 /var/www/vendor/laravel/framework/src/Illuminate/Pipeline/Pipeline.php(209): Illuminate\\Http\\Middleware\\HandleCors->handle(Object(Illuminate\\Http\\Request), Object(Closure))
#32 /var/www/vendor/laravel/framework/src/Illuminate/Http/Middleware/TrustProxies.php(58): Illuminate\\Pipeline\\Pipeline->Illuminate\\Pipeline\\{closure}(Object(Illuminate\\Http\\Request))
#33 /var/www/vendor/laravel/framework/src/Illuminate/Pipeline/Pipeline.php(209): Illuminate\\Http\\Middleware\\TrustProxies->handle(Object(Illuminate\\Http\\Request), Object(Closure))
#34 /var/www/vendor/laravel/framework/src/Illuminate/Foundation/Http/Middleware/InvokeDeferredCallbacks.php(22): Illuminate\\Pipeline\\Pipeline->Illuminate\\Pipeline\\{closure}(Object(Illuminate\\Http\\Request))
#35 /var/www/vendor/laravel/framework/src/Illuminate/Pipeline/Pipeline.php(209): Illuminate\\Foundation\\Http\\Middleware\\InvokeDeferredCallbacks->handle(Object(Illuminate\\Http\\Request), Object(Closure))
#36 /var/www/vendor/laravel/framework/src/Illuminate/Pipeline/Pipeline.php(127): Illuminate\\Pipeline\\Pipeline->Illuminate\\Pipeline\\{closure}(Object(Illuminate\\Http\\Request))
#37 /var/www/vendor/laravel/framework/src/Illuminate/Foundation/Http/Kernel.php(176): Illuminate\\Pipeline\\Pipeline->then(Object(Closure))
#38 /var/www/vendor/laravel/framework/src/Illuminate/Foundation/Http/Kernel.php(145): Illuminate\\Foundation\\Http\\Kernel->sendRequestThroughRouter(Object(Illuminate\\Http\\Request))
#39 /var/www/vendor/laravel/framework/src/Illuminate/Foundation/Application.php(1220): Illuminate\\Foundation\\Http\\Kernel->handle(Object(Illuminate\\Http\\Request))
#40 /var/www/public/index.php(17): Illuminate\\Foundation\\Application->handleRequest(Object(Illuminate\\Http\\Request))
#41 /var/www/vendor/laravel/framework/src/Illuminate/Foundation/resources/server.php(23): require_once('/var/www/public...')
#42 {main}
"} 
[2025-08-29 13:19:08] local.ERROR: Route [login] not defined. {"exception":"[object] (Symfony\\Component\\Routing\\Exception\\RouteNotFoundException(code: 0): Route [login] not defined. at /var/www/vendor/laravel/framework/src/Illuminate/Routing/UrlGenerator.php:517)
[stacktrace]
#0 /var/www/vendor/laravel/framework/src/Illuminate/Foundation/helpers.php(853): Illuminate\\Routing\\UrlGenerator->route('login', Array, true)
#1 /var/www/vendor/laravel/framework/src/Illuminate/Foundation/Configuration/ApplicationBuilder.php(278): route('login')
#2 [internal function]: Illuminate\\Foundation\\Configuration\\ApplicationBuilder->Illuminate\\Foundation\\Configuration\\{closure}(Object(Illuminate\\Http\\Request))
#3 /var/www/vendor/laravel/framework/src/Illuminate/Auth/Middleware/Authenticate.php(118): call_user_func(Object(Closure), Object(Illuminate\\Http\\Request))
#4 /var/www/vendor/laravel/framework/src/Illuminate/Auth/Middleware/Authenticate.php(105): Illuminate\\Auth\\Middleware\\Authenticate->redirectTo(Object(Illuminate\\Http\\Request))
#5 /var/www/vendor/laravel/framework/src/Illuminate/Auth/Middleware/Authenticate.php(88): Illuminate\\Auth\\Middleware\\Authenticate->unauthenticated(Object(Illuminate\\Http\\Request), Array)
#6 /var/www/vendor/laravel/framework/src/Illuminate/Auth/Middleware/Authenticate.php(62): Illuminate\\Auth\\Middleware\\Authenticate->authenticate(Object(Illuminate\\Http\\Request), Array)
#7 /var/www/vendor/laravel/framework/src/Illuminate/Pipeline/Pipeline.php(209): Illuminate\\Auth\\Middleware\\Authenticate->handle(Object(Illuminate\\Http\\Request), Object(Closure), 'sanctum')
#8 /var/www/vendor/laravel/sanctum/src/Http/Middleware/EnsureFrontendRequestsAreStateful.php(26): Illuminate\\Pipeline\\Pipeline->Illuminate\\Pipeline\\{closure}(Object(Illuminate\\Http\\Request))
#9 /var/www/vendor/laravel/framework/src/Illuminate/Pipeline/Pipeline.php(170): Laravel\\Sanctum\\Http\\Middleware\\EnsureFrontendRequestsAreStateful->Laravel\\Sanctum\\Http\\Middleware\\{closure}(Object(Illuminate\\Http\\Request))
#10 /var/www/vendor/laravel/framework/src/Illuminate/Pipeline/Pipeline.php(127): Illuminate\\Pipeline\\Pipeline->Illuminate\\Pipeline\\{closure}(Object(Illuminate\\Http\\Request))
#11 /var/www/vendor/laravel/sanctum/src/Http/Middleware/EnsureFrontendRequestsAreStateful.php(25): Illuminate\\Pipeline\\Pipeline->then(Object(Closure))
#12 /var/www/vendor/laravel/framework/src/Illuminate/Pipeline/Pipeline.php(209): Laravel\\Sanctum\\Http\\Middleware\\EnsureFrontendRequestsAreStateful->handle(Object(Illuminate\\Http\\Request), Object(Closure))
#13 /var/www/vendor/laravel/framework/src/Illuminate/Pipeline/Pipeline.php(127): Illuminate\\Pipeline\\Pipeline->Illuminate\\Pipeline\\{closure}(Object(Illuminate\\Http\\Request))
#14 /var/www/vendor/laravel/framework/src/Illuminate/Routing/Router.php(807): Illuminate\\Pipeline\\Pipeline->then(Object(Closure))
#15 /var/www/vendor/laravel/framework/src/Illuminate/Routing/Router.php(786): Illuminate\\Routing\\Router->runRouteWithinStack(Object(Illuminate\\Routing\\Route), Object(Illuminate\\Http\\Request))
#16 /var/www/vendor/laravel/framework/src/Illuminate/Routing/Router.php(750): Illuminate\\Routing\\Router->runRoute(Object(Illuminate\\Http\\Request), Object(Illuminate\\Routing\\Route))
#17 /var/www/vendor/laravel/framework/src/Illuminate/Routing/Router.php(739): Illuminate\\Routing\\Router->dispatchToRoute(Object(Illuminate\\Http\\Request))
#18 /var/www/vendor/laravel/framework/src/Illuminate/Foundation/Http/Kernel.php(201): Illuminate\\Routing\\Router->dispatch(Object(Illuminate\\Http\\Request))
#19 /var/www/vendor/laravel/framework/src/Illuminate/Pipeline/Pipeline.php(170): Illuminate\\Foundation\\Http\\Kernel->Illuminate\\Foundation\\Http\\{closure}(Object(Illuminate\\Http\\Request))
#20 /var/www/vendor/laravel/framework/src/Illuminate/Foundation/Http/Middleware/TransformsRequest.php(21): Illuminate\\Pipeline\\Pipeline->Illuminate\\Pipeline\\{closure}(Object(Illuminate\\Http\\Request))
#21 /var/www/vendor/laravel/framework/src/Illuminate/Foundation/Http/Middleware/ConvertEmptyStringsToNull.php(31): Illuminate\\Foundation\\Http\\Middleware\\TransformsRequest->handle(Object(Illuminate\\Http\\Request), Object(Closure))
#22 /var/www/vendor/laravel/framework/src/Illuminate/Pipeline/Pipeline.php(209): Illuminate\\Foundation\\Http\\Middleware\\ConvertEmptyStringsToNull->handle(Object(Illuminate\\Http\\Request), Object(Closure))
#23 /var/www/vendor/laravel/framework/src/Illuminate/Foundation/Http/Middleware/TransformsRequest.php(21): Illuminate\\Pipeline\\Pipeline->Illuminate\\Pipeline\\{closure}(Object(Illuminate\\Http\\Request))
#24 /var/www/vendor/laravel/framework/src/Illuminate/Foundation/Http/Middleware/TrimStrings.php(51): Illuminate\\Foundation\\Http\\Middleware\\TransformsRequest->handle(Object(Illuminate\\Http\\Request), Object(Closure))
#25 /var/www/vendor/laravel/framework/src/Illuminate/Pipeline/Pipeline.php(209): Illuminate\\Foundation\\Http\\Middleware\\TrimStrings->handle(Object(Illuminate\\Http\\Request), Object(Closure))
#26 /var/www/vendor/laravel/framework/src/Illuminate/Http/Middleware/ValidatePostSize.php(27): Illuminate\\Pipeline\\Pipeline->Illuminate\\Pipeline\\{closure}(Object(Illuminate\\Http\\Request))
#27 /var/www/vendor/laravel/framework/src/Illuminate/Pipeline/Pipeline.php(209): Illuminate\\Http\\Middleware\\ValidatePostSize->handle(Object(Illuminate\\Http\\Request), Object(Closure))
#28 /var/www/vendor/laravel/framework/src/Illuminate/Foundation/Http/Middleware/PreventRequestsDuringMaintenance.php(110): Illuminate\\Pipeline\\Pipeline->Illuminate\\Pipeline\\{closure}(Object(Illuminate\\Http\\Request))
#29 /var/www/vendor/laravel/framework/src/Illuminate/Pipeline/Pipeline.php(209): Illuminate\\Foundation\\Http\\Middleware\\PreventRequestsDuringMaintenance->handle(Object(Illuminate\\Http\\Request), Object(Closure))
#30 /var/www/vendor/laravel/framework/src/Illuminate/Http/Middleware/HandleCors.php(62): Illuminate\\Pipeline\\Pipeline->Illuminate\\Pipeline\\{closure}(Object(Illuminate\\Http\\Request))
#31 /var/www/vendor/laravel/framework/src/Illuminate/Pipeline/Pipeline.php(209): Illuminate\\Http\\Middleware\\HandleCors->handle(Object(Illuminate\\Http\\Request), Object(Closure))
#32 /var/www/vendor/laravel/framework/src/Illuminate/Http/Middleware/TrustProxies.php(58): Illuminate\\Pipeline\\Pipeline->Illuminate\\Pipeline\\{closure}(Object(Illuminate\\Http\\Request))
#33 /var/www/vendor/laravel/framework/src/Illuminate/Pipeline/Pipeline.php(209): Illuminate\\Http\\Middleware\\TrustProxies->handle(Object(Illuminate\\Http\\Request), Object(Closure))
#34 /var/www/vendor/laravel/framework/src/Illuminate/Foundation/Http/Middleware/InvokeDeferredCallbacks.php(22): Illuminate\\Pipeline\\Pipeline->Illuminate\\Pipeline\\{closure}(Object(Illuminate\\Http\\Request))
#35 /var/www/vendor/laravel/framework/src/Illuminate/Pipeline/Pipeline.php(209): Illuminate\\Foundation\\Http\\Middleware\\InvokeDeferredCallbacks->handle(Object(Illuminate\\Http\\Request), Object(Closure))
#36 /var/www/vendor/laravel/framework/src/Illuminate/Pipeline/Pipeline.php(127): Illuminate\\Pipeline\\Pipeline->Illuminate\\Pipeline\\{closure}(Object(Illuminate\\Http\\Request))
#37 /var/www/vendor/laravel/framework/src/Illuminate/Foundation/Http/Kernel.php(176): Illuminate\\Pipeline\\Pipeline->then(Object(Closure))
#38 /var/www/vendor/laravel/framework/src/Illuminate/Foundation/Http/Kernel.php(145): Illuminate\\Foundation\\Http\\Kernel->sendRequestThroughRouter(Object(Illuminate\\Http\\Request))
#39 /var/www/public/index.php(11): Illuminate\\Foundation\\Http\\Kernel->handle(Object(Illuminate\\Http\\Request))
#40 /var/www/vendor/laravel/framework/src/Illuminate/Foundation/resources/server.php(23): require_once('/var/www/public...')
#41 {main}
"} 
[2025-08-29 14:32:31] local.ERROR: View [welcome] not found. {"exception":"[object] (InvalidArgumentException(code: 0): View [welcome] not found. at /var/www/vendor/laravel/framework/src/Illuminate/View/FileViewFinder.php:139)
[stacktrace]
#0 /var/www/vendor/laravel/framework/src/Illuminate/View/FileViewFinder.php(79): Illuminate\\View\\FileViewFinder->findInPaths('welcome', Array)
#1 /var/www/vendor/laravel/framework/src/Illuminate/View/Factory.php(151): Illuminate\\View\\FileViewFinder->find('welcome')
#2 /var/www/vendor/laravel/framework/src/Illuminate/Foundation/helpers.php(1062): Illuminate\\View\\Factory->make('welcome', Array, Array)
#3 /var/www/routes/web.php(6): view('welcome')
#4 /var/www/vendor/laravel/framework/src/Illuminate/Routing/CallableDispatcher.php(40): Illuminate\\Routing\\RouteFileRegistrar->{closure}()
#5 /var/www/vendor/laravel/framework/src/Illuminate/Routing/Route.php(244): Illuminate\\Routing\\CallableDispatcher->dispatch(Object(Illuminate\\Routing\\Route), Object(Closure))
#6 /var/www/vendor/laravel/framework/src/Illuminate/Routing/Route.php(215): Illuminate\\Routing\\Route->runCallable()
#7 /var/www/vendor/laravel/framework/src/Illuminate/Routing/Router.php(808): Illuminate\\Routing\\Route->run()
#8 /var/www/vendor/laravel/framework/src/Illuminate/Pipeline/Pipeline.php(170): Illuminate\\Routing\\Router->Illuminate\\Routing\\{closure}(Object(Illuminate\\Http\\Request))
#9 /var/www/vendor/laravel/framework/src/Illuminate/Routing/Middleware/SubstituteBindings.php(51): Illuminate\\Pipeline\\Pipeline->Illuminate\\Pipeline\\{closure}(Object(Illuminate\\Http\\Request))
#10 /var/www/vendor/laravel/framework/src/Illuminate/Pipeline/Pipeline.php(209): Illuminate\\Routing\\Middleware\\SubstituteBindings->handle(Object(Illuminate\\Http\\Request), Object(Closure))
#11 /var/www/vendor/laravel/framework/src/Illuminate/Foundation/Http/Middleware/VerifyCsrfToken.php(88): Illuminate\\Pipeline\\Pipeline->Illuminate\\Pipeline\\{closure}(Object(Illuminate\\Http\\Request))
#12 /var/www/vendor/laravel/framework/src/Illuminate/Pipeline/Pipeline.php(209): Illuminate\\Foundation\\Http\\Middleware\\VerifyCsrfToken->handle(Object(Illuminate\\Http\\Request), Object(Closure))
#13 /var/www/vendor/laravel/framework/src/Illuminate/View/Middleware/ShareErrorsFromSession.php(49): Illuminate\\Pipeline\\Pipeline->Illuminate\\Pipeline\\{closure}(Object(Illuminate\\Http\\Request))
#14 /var/www/vendor/laravel/framework/src/Illuminate/Pipeline/Pipeline.php(209): Illuminate\\View\\Middleware\\ShareErrorsFromSession->handle(Object(Illuminate\\Http\\Request), Object(Closure))
#15 /var/www/vendor/laravel/framework/src/Illuminate/Session/Middleware/StartSession.php(121): Illuminate\\Pipeline\\Pipeline->Illuminate\\Pipeline\\{closure}(Object(Illuminate\\Http\\Request))
#16 /var/www/vendor/laravel/framework/src/Illuminate/Session/Middleware/StartSession.php(64): Illuminate\\Session\\Middleware\\StartSession->handleStatefulRequest(Object(Illuminate\\Http\\Request), Object(Illuminate\\Session\\Store), Object(Closure))
#17 /var/www/vendor/laravel/framework/src/Illuminate/Pipeline/Pipeline.php(209): Illuminate\\Session\\Middleware\\StartSession->handle(Object(Illuminate\\Http\\Request), Object(Closure))
#18 /var/www/vendor/laravel/framework/src/Illuminate/Cookie/Middleware/AddQueuedCookiesToResponse.php(37): Illuminate\\Pipeline\\Pipeline->Illuminate\\Pipeline\\{closure}(Object(Illuminate\\Http\\Request))
#19 /var/www/vendor/laravel/framework/src/Illuminate/Pipeline/Pipeline.php(209): Illuminate\\Cookie\\Middleware\\AddQueuedCookiesToResponse->handle(Object(Illuminate\\Http\\Request), Object(Closure))
#20 /var/www/vendor/laravel/framework/src/Illuminate/Cookie/Middleware/EncryptCookies.php(75): Illuminate\\Pipeline\\Pipeline->Illuminate\\Pipeline\\{closure}(Object(Illuminate\\Http\\Request))
#21 /var/www/vendor/laravel/framework/src/Illuminate/Pipeline/Pipeline.php(209): Illuminate\\Cookie\\Middleware\\EncryptCookies->handle(Object(Illuminate\\Http\\Request), Object(Closure))
#22 /var/www/vendor/laravel/framework/src/Illuminate/Pipeline/Pipeline.php(127): Illuminate\\Pipeline\\Pipeline->Illuminate\\Pipeline\\{closure}(Object(Illuminate\\Http\\Request))
#23 /var/www/vendor/laravel/framework/src/Illuminate/Routing/Router.php(807): Illuminate\\Pipeline\\Pipeline->then(Object(Closure))
#24 /var/www/vendor/laravel/framework/src/Illuminate/Routing/Router.php(786): Illuminate\\Routing\\Router->runRouteWithinStack(Object(Illuminate\\Routing\\Route), Object(Illuminate\\Http\\Request))
#25 /var/www/vendor/laravel/framework/src/Illuminate/Routing/Router.php(750): Illuminate\\Routing\\Router->runRoute(Object(Illuminate\\Http\\Request), Object(Illuminate\\Routing\\Route))
#26 /var/www/vendor/laravel/framework/src/Illuminate/Routing/Router.php(739): Illuminate\\Routing\\Router->dispatchToRoute(Object(Illuminate\\Http\\Request))
#27 /var/www/vendor/laravel/framework/src/Illuminate/Foundation/Http/Kernel.php(201): Illuminate\\Routing\\Router->dispatch(Object(Illuminate\\Http\\Request))
#28 /var/www/vendor/laravel/framework/src/Illuminate/Pipeline/Pipeline.php(170): Illuminate\\Foundation\\Http\\Kernel->Illuminate\\Foundation\\Http\\{closure}(Object(Illuminate\\Http\\Request))
#29 /var/www/vendor/laravel/framework/src/Illuminate/Foundation/Http/Middleware/TransformsRequest.php(21): Illuminate\\Pipeline\\Pipeline->Illuminate\\Pipeline\\{closure}(Object(Illuminate\\Http\\Request))
#30 /var/www/vendor/laravel/framework/src/Illuminate/Foundation/Http/Middleware/ConvertEmptyStringsToNull.php(31): Illuminate\\Foundation\\Http\\Middleware\\TransformsRequest->handle(Object(Illuminate\\Http\\Request), Object(Closure))
#31 /var/www/vendor/laravel/framework/src/Illuminate/Pipeline/Pipeline.php(209): Illuminate\\Foundation\\Http\\Middleware\\ConvertEmptyStringsToNull->handle(Object(Illuminate\\Http\\Request), Object(Closure))
#32 /var/www/vendor/laravel/framework/src/Illuminate/Foundation/Http/Middleware/TransformsRequest.php(21): Illuminate\\Pipeline\\Pipeline->Illuminate\\Pipeline\\{closure}(Object(Illuminate\\Http\\Request))
#33 /var/www/vendor/laravel/framework/src/Illuminate/Foundation/Http/Middleware/TrimStrings.php(51): Illuminate\\Foundation\\Http\\Middleware\\TransformsRequest->handle(Object(Illuminate\\Http\\Request), Object(Closure))
#34 /var/www/vendor/laravel/framework/src/Illuminate/Pipeline/Pipeline.php(209): Illuminate\\Foundation\\Http\\Middleware\\TrimStrings->handle(Object(Illuminate\\Http\\Request), Object(Closure))
#35 /var/www/vendor/laravel/framework/src/Illuminate/Http/Middleware/ValidatePostSize.php(27): Illuminate\\Pipeline\\Pipeline->Illuminate\\Pipeline\\{closure}(Object(Illuminate\\Http\\Request))
#36 /var/www/vendor/laravel/framework/src/Illuminate/Pipeline/Pipeline.php(209): Illuminate\\Http\\Middleware\\ValidatePostSize->handle(Object(Illuminate\\Http\\Request), Object(Closure))
#37 /var/www/vendor/laravel/framework/src/Illuminate/Foundation/Http/Middleware/PreventRequestsDuringMaintenance.php(110): Illuminate\\Pipeline\\Pipeline->Illuminate\\Pipeline\\{closure}(Object(Illuminate\\Http\\Request))
#38 /var/www/vendor/laravel/framework/src/Illuminate/Pipeline/Pipeline.php(209): Illuminate\\Foundation\\Http\\Middleware\\PreventRequestsDuringMaintenance->handle(Object(Illuminate\\Http\\Request), Object(Closure))
#39 /var/www/vendor/laravel/framework/src/Illuminate/Http/Middleware/HandleCors.php(49): Illuminate\\Pipeline\\Pipeline->Illuminate\\Pipeline\\{closure}(Object(Illuminate\\Http\\Request))
#40 /var/www/vendor/laravel/framework/src/Illuminate/Pipeline/Pipeline.php(209): Illuminate\\Http\\Middleware\\HandleCors->handle(Object(Illuminate\\Http\\Request), Object(Closure))
#41 /var/www/vendor/laravel/framework/src/Illuminate/Http/Middleware/TrustProxies.php(58): Illuminate\\Pipeline\\Pipeline->Illuminate\\Pipeline\\{closure}(Object(Illuminate\\Http\\Request))
#42 /var/www/vendor/laravel/framework/src/Illuminate/Pipeline/Pipeline.php(209): Illuminate\\Http\\Middleware\\TrustProxies->handle(Object(Illuminate\\Http\\Request), Object(Closure))
#43 /var/www/vendor/laravel/framework/src/Illuminate/Foundation/Http/Middleware/InvokeDeferredCallbacks.php(22): Illuminate\\Pipeline\\Pipeline->Illuminate\\Pipeline\\{closure}(Object(Illuminate\\Http\\Request))
#44 /var/www/vendor/laravel/framework/src/Illuminate/Pipeline/Pipeline.php(209): Illuminate\\Foundation\\Http\\Middleware\\InvokeDeferredCallbacks->handle(Object(Illuminate\\Http\\Request), Object(Closure))
#45 /var/www/vendor/laravel/framework/src/Illuminate/Pipeline/Pipeline.php(127): Illuminate\\Pipeline\\Pipeline->Illuminate\\Pipeline\\{closure}(Object(Illuminate\\Http\\Request))
#46 /var/www/vendor/laravel/framework/src/Illuminate/Foundation/Http/Kernel.php(176): Illuminate\\Pipeline\\Pipeline->then(Object(Closure))
#47 /var/www/vendor/laravel/framework/src/Illuminate/Foundation/Http/Kernel.php(145): Illuminate\\Foundation\\Http\\Kernel->sendRequestThroughRouter(Object(Illuminate\\Http\\Request))
#48 /var/www/public/index.php(11): Illuminate\\Foundation\\Http\\Kernel->handle(Object(Illuminate\\Http\\Request))
#49 /var/www/vendor/laravel/framework/src/Illuminate/Foundation/resources/server.php(23): require_once('/var/www/public...')
#50 {main}
"} 
[2025-08-29 14:52:43] local.ERROR: Target class [App\Http\Controllers\Auth\AuthController] does not exist. {"exception":"[object] (Illuminate\\Contracts\\Container\\BindingResolutionException(code: 0): Target class [App\\Http\\Controllers\\Auth\\AuthController] does not exist. at /var/www/vendor/laravel/framework/src/Illuminate/Container/Container.php:961)
[stacktrace]
#0 /var/www/vendor/laravel/framework/src/Illuminate/Container/Container.php(832): Illuminate\\Container\\Container->build('App\\\\Http\\\\Contro...')
#1 /var/www/vendor/laravel/framework/src/Illuminate/Foundation/Application.php(1078): Illuminate\\Container\\Container->resolve('App\\\\Http\\\\Contro...', Array, true)
#2 /var/www/vendor/laravel/framework/src/Illuminate/Container/Container.php(763): Illuminate\\Foundation\\Application->resolve('App\\\\Http\\\\Contro...', Array)
#3 /var/www/vendor/laravel/framework/src/Illuminate/Foundation/Application.php(1058): Illuminate\\Container\\Container->make('App\\\\Http\\\\Contro...', Array)
#4 /var/www/vendor/laravel/framework/src/Illuminate/Routing/Route.php(285): Illuminate\\Foundation\\Application->make('App\\\\Http\\\\Contro...')
#5 /var/www/vendor/laravel/framework/src/Illuminate/Routing/Route.php(267): Illuminate\\Routing\\Route->getController()
#6 /var/www/vendor/laravel/framework/src/Illuminate/Routing/Route.php(212): Illuminate\\Routing\\Route->runController()
#7 /var/www/vendor/laravel/framework/src/Illuminate/Routing/Router.php(808): Illuminate\\Routing\\Route->run()
#8 /var/www/vendor/laravel/framework/src/Illuminate/Pipeline/Pipeline.php(170): Illuminate\\Routing\\Router->Illuminate\\Routing\\{closure}(Object(Illuminate\\Http\\Request))
#9 /var/www/vendor/laravel/framework/src/Illuminate/Routing/Middleware/SubstituteBindings.php(51): Illuminate\\Pipeline\\Pipeline->Illuminate\\Pipeline\\{closure}(Object(Illuminate\\Http\\Request))
#10 /var/www/vendor/laravel/framework/src/Illuminate/Pipeline/Pipeline.php(209): Illuminate\\Routing\\Middleware\\SubstituteBindings->handle(Object(Illuminate\\Http\\Request), Object(Closure))
#11 /var/www/vendor/laravel/sanctum/src/Http/Middleware/EnsureFrontendRequestsAreStateful.php(26): Illuminate\\Pipeline\\Pipeline->Illuminate\\Pipeline\\{closure}(Object(Illuminate\\Http\\Request))
#12 /var/www/vendor/laravel/framework/src/Illuminate/Pipeline/Pipeline.php(170): Laravel\\Sanctum\\Http\\Middleware\\EnsureFrontendRequestsAreStateful->Laravel\\Sanctum\\Http\\Middleware\\{closure}(Object(Illuminate\\Http\\Request))
#13 /var/www/vendor/laravel/framework/src/Illuminate/Pipeline/Pipeline.php(127): Illuminate\\Pipeline\\Pipeline->Illuminate\\Pipeline\\{closure}(Object(Illuminate\\Http\\Request))
#14 /var/www/vendor/laravel/sanctum/src/Http/Middleware/EnsureFrontendRequestsAreStateful.php(25): Illuminate\\Pipeline\\Pipeline->then(Object(Closure))
#15 /var/www/vendor/laravel/framework/src/Illuminate/Pipeline/Pipeline.php(209): Laravel\\Sanctum\\Http\\Middleware\\EnsureFrontendRequestsAreStateful->handle(Object(Illuminate\\Http\\Request), Object(Closure))
#16 /var/www/vendor/laravel/framework/src/Illuminate/Pipeline/Pipeline.php(127): Illuminate\\Pipeline\\Pipeline->Illuminate\\Pipeline\\{closure}(Object(Illuminate\\Http\\Request))
#17 /var/www/vendor/laravel/framework/src/Illuminate/Routing/Router.php(807): Illuminate\\Pipeline\\Pipeline->then(Object(Closure))
#18 /var/www/vendor/laravel/framework/src/Illuminate/Routing/Router.php(786): Illuminate\\Routing\\Router->runRouteWithinStack(Object(Illuminate\\Routing\\Route), Object(Illuminate\\Http\\Request))
#19 /var/www/vendor/laravel/framework/src/Illuminate/Routing/Router.php(750): Illuminate\\Routing\\Router->runRoute(Object(Illuminate\\Http\\Request), Object(Illuminate\\Routing\\Route))
#20 /var/www/vendor/laravel/framework/src/Illuminate/Routing/Router.php(739): Illuminate\\Routing\\Router->dispatchToRoute(Object(Illuminate\\Http\\Request))
#21 /var/www/vendor/laravel/framework/src/Illuminate/Foundation/Http/Kernel.php(201): Illuminate\\Routing\\Router->dispatch(Object(Illuminate\\Http\\Request))
#22 /var/www/vendor/laravel/framework/src/Illuminate/Pipeline/Pipeline.php(170): Illuminate\\Foundation\\Http\\Kernel->Illuminate\\Foundation\\Http\\{closure}(Object(Illuminate\\Http\\Request))
#23 /var/www/vendor/laravel/framework/src/Illuminate/Foundation/Http/Middleware/TransformsRequest.php(21): Illuminate\\Pipeline\\Pipeline->Illuminate\\Pipeline\\{closure}(Object(Illuminate\\Http\\Request))
#24 /var/www/vendor/laravel/framework/src/Illuminate/Foundation/Http/Middleware/ConvertEmptyStringsToNull.php(31): Illuminate\\Foundation\\Http\\Middleware\\TransformsRequest->handle(Object(Illuminate\\Http\\Request), Object(Closure))
#25 /var/www/vendor/laravel/framework/src/Illuminate/Pipeline/Pipeline.php(209): Illuminate\\Foundation\\Http\\Middleware\\ConvertEmptyStringsToNull->handle(Object(Illuminate\\Http\\Request), Object(Closure))
#26 /var/www/vendor/laravel/framework/src/Illuminate/Foundation/Http/Middleware/TransformsRequest.php(21): Illuminate\\Pipeline\\Pipeline->Illuminate\\Pipeline\\{closure}(Object(Illuminate\\Http\\Request))
#27 /var/www/vendor/laravel/framework/src/Illuminate/Foundation/Http/Middleware/TrimStrings.php(51): Illuminate\\Foundation\\Http\\Middleware\\TransformsRequest->handle(Object(Illuminate\\Http\\Request), Object(Closure))
#28 /var/www/vendor/laravel/framework/src/Illuminate/Pipeline/Pipeline.php(209): Illuminate\\Foundation\\Http\\Middleware\\TrimStrings->handle(Object(Illuminate\\Http\\Request), Object(Closure))
#29 /var/www/vendor/laravel/framework/src/Illuminate/Http/Middleware/ValidatePostSize.php(27): Illuminate\\Pipeline\\Pipeline->Illuminate\\Pipeline\\{closure}(Object(Illuminate\\Http\\Request))
#30 /var/www/vendor/laravel/framework/src/Illuminate/Pipeline/Pipeline.php(209): Illuminate\\Http\\Middleware\\ValidatePostSize->handle(Object(Illuminate\\Http\\Request), Object(Closure))
#31 /var/www/vendor/laravel/framework/src/Illuminate/Foundation/Http/Middleware/PreventRequestsDuringMaintenance.php(110): Illuminate\\Pipeline\\Pipeline->Illuminate\\Pipeline\\{closure}(Object(Illuminate\\Http\\Request))
#32 /var/www/vendor/laravel/framework/src/Illuminate/Pipeline/Pipeline.php(209): Illuminate\\Foundation\\Http\\Middleware\\PreventRequestsDuringMaintenance->handle(Object(Illuminate\\Http\\Request), Object(Closure))
#33 /var/www/vendor/laravel/framework/src/Illuminate/Http/Middleware/HandleCors.php(62): Illuminate\\Pipeline\\Pipeline->Illuminate\\Pipeline\\{closure}(Object(Illuminate\\Http\\Request))
#34 /var/www/vendor/laravel/framework/src/Illuminate/Pipeline/Pipeline.php(209): Illuminate\\Http\\Middleware\\HandleCors->handle(Object(Illuminate\\Http\\Request), Object(Closure))
#35 /var/www/vendor/laravel/framework/src/Illuminate/Http/Middleware/TrustProxies.php(58): Illuminate\\Pipeline\\Pipeline->Illuminate\\Pipeline\\{closure}(Object(Illuminate\\Http\\Request))
#36 /var/www/vendor/laravel/framework/src/Illuminate/Pipeline/Pipeline.php(209): Illuminate\\Http\\Middleware\\TrustProxies->handle(Object(Illuminate\\Http\\Request), Object(Closure))
#37 /var/www/vendor/laravel/framework/src/Illuminate/Foundation/Http/Middleware/InvokeDeferredCallbacks.php(22): Illuminate\\Pipeline\\Pipeline->Illuminate\\Pipeline\\{closure}(Object(Illuminate\\Http\\Request))
#38 /var/www/vendor/laravel/framework/src/Illuminate/Pipeline/Pipeline.php(209): Illuminate\\Foundation\\Http\\Middleware\\InvokeDeferredCallbacks->handle(Object(Illuminate\\Http\\Request), Object(Closure))
#39 /var/www/vendor/laravel/framework/src/Illuminate/Pipeline/Pipeline.php(127): Illuminate\\Pipeline\\Pipeline->Illuminate\\Pipeline\\{closure}(Object(Illuminate\\Http\\Request))
#40 /var/www/vendor/laravel/framework/src/Illuminate/Foundation/Http/Kernel.php(176): Illuminate\\Pipeline\\Pipeline->then(Object(Closure))
#41 /var/www/vendor/laravel/framework/src/Illuminate/Foundation/Http/Kernel.php(145): Illuminate\\Foundation\\Http\\Kernel->sendRequestThroughRouter(Object(Illuminate\\Http\\Request))
#42 /var/www/public/index.php(11): Illuminate\\Foundation\\Http\\Kernel->handle(Object(Illuminate\\Http\\Request))
#43 /var/www/vendor/laravel/framework/src/Illuminate/Foundation/resources/server.php(23): require_once('/var/www/public...')
#44 {main}

[previous exception] [object] (ReflectionException(code: -1): Class \"App\\Http\\Controllers\\Auth\\AuthController\" does not exist at /var/www/vendor/laravel/framework/src/Illuminate/Container/Container.php:959)
[stacktrace]
#0 /var/www/vendor/laravel/framework/src/Illuminate/Container/Container.php(959): ReflectionClass->__construct('App\\\\Http\\\\Contro...')
#1 /var/www/vendor/laravel/framework/src/Illuminate/Container/Container.php(832): Illuminate\\Container\\Container->build('App\\\\Http\\\\Contro...')
#2 /var/www/vendor/laravel/framework/src/Illuminate/Foundation/Application.php(1078): Illuminate\\Container\\Container->resolve('App\\\\Http\\\\Contro...', Array, true)
#3 /var/www/vendor/laravel/framework/src/Illuminate/Container/Container.php(763): Illuminate\\Foundation\\Application->resolve('App\\\\Http\\\\Contro...', Array)
#4 /var/www/vendor/laravel/framework/src/Illuminate/Foundation/Application.php(1058): Illuminate\\Container\\Container->make('App\\\\Http\\\\Contro...', Array)
#5 /var/www/vendor/laravel/framework/src/Illuminate/Routing/Route.php(285): Illuminate\\Foundation\\Application->make('App\\\\Http\\\\Contro...')
#6 /var/www/vendor/laravel/framework/src/Illuminate/Routing/Route.php(267): Illuminate\\Routing\\Route->getController()
#7 /var/www/vendor/laravel/framework/src/Illuminate/Routing/Route.php(212): Illuminate\\Routing\\Route->runController()
#8 /var/www/vendor/laravel/framework/src/Illuminate/Routing/Router.php(808): Illuminate\\Routing\\Route->run()
#9 /var/www/vendor/laravel/framework/src/Illuminate/Pipeline/Pipeline.php(170): Illuminate\\Routing\\Router->Illuminate\\Routing\\{closure}(Object(Illuminate\\Http\\Request))
#10 /var/www/vendor/laravel/framework/src/Illuminate/Routing/Middleware/SubstituteBindings.php(51): Illuminate\\Pipeline\\Pipeline->Illuminate\\Pipeline\\{closure}(Object(Illuminate\\Http\\Request))
#11 /var/www/vendor/laravel/framework/src/Illuminate/Pipeline/Pipeline.php(209): Illuminate\\Routing\\Middleware\\SubstituteBindings->handle(Object(Illuminate\\Http\\Request), Object(Closure))
#12 /var/www/vendor/laravel/sanctum/src/Http/Middleware/EnsureFrontendRequestsAreStateful.php(26): Illuminate\\Pipeline\\Pipeline->Illuminate\\Pipeline\\{closure}(Object(Illuminate\\Http\\Request))
#13 /var/www/vendor/laravel/framework/src/Illuminate/Pipeline/Pipeline.php(170): Laravel\\Sanctum\\Http\\Middleware\\EnsureFrontendRequestsAreStateful->Laravel\\Sanctum\\Http\\Middleware\\{closure}(Object(Illuminate\\Http\\Request))
#14 /var/www/vendor/laravel/framework/src/Illuminate/Pipeline/Pipeline.php(127): Illuminate\\Pipeline\\Pipeline->Illuminate\\Pipeline\\{closure}(Object(Illuminate\\Http\\Request))
#15 /var/www/vendor/laravel/sanctum/src/Http/Middleware/EnsureFrontendRequestsAreStateful.php(25): Illuminate\\Pipeline\\Pipeline->then(Object(Closure))
#16 /var/www/vendor/laravel/framework/src/Illuminate/Pipeline/Pipeline.php(209): Laravel\\Sanctum\\Http\\Middleware\\EnsureFrontendRequestsAreStateful->handle(Object(Illuminate\\Http\\Request), Object(Closure))
#17 /var/www/vendor/laravel/framework/src/Illuminate/Pipeline/Pipeline.php(127): Illuminate\\Pipeline\\Pipeline->Illuminate\\Pipeline\\{closure}(Object(Illuminate\\Http\\Request))
#18 /var/www/vendor/laravel/framework/src/Illuminate/Routing/Router.php(807): Illuminate\\Pipeline\\Pipeline->then(Object(Closure))
#19 /var/www/vendor/laravel/framework/src/Illuminate/Routing/Router.php(786): Illuminate\\Routing\\Router->runRouteWithinStack(Object(Illuminate\\Routing\\Route), Object(Illuminate\\Http\\Request))
#20 /var/www/vendor/laravel/framework/src/Illuminate/Routing/Router.php(750): Illuminate\\Routing\\Router->runRoute(Object(Illuminate\\Http\\Request), Object(Illuminate\\Routing\\Route))
#21 /var/www/vendor/laravel/framework/src/Illuminate/Routing/Router.php(739): Illuminate\\Routing\\Router->dispatchToRoute(Object(Illuminate\\Http\\Request))
#22 /var/www/vendor/laravel/framework/src/Illuminate/Foundation/Http/Kernel.php(201): Illuminate\\Routing\\Router->dispatch(Object(Illuminate\\Http\\Request))
#23 /var/www/vendor/laravel/framework/src/Illuminate/Pipeline/Pipeline.php(170): Illuminate\\Foundation\\Http\\Kernel->Illuminate\\Foundation\\Http\\{closure}(Object(Illuminate\\Http\\Request))
#24 /var/www/vendor/laravel/framework/src/Illuminate/Foundation/Http/Middleware/TransformsRequest.php(21): Illuminate\\Pipeline\\Pipeline->Illuminate\\Pipeline\\{closure}(Object(Illuminate\\Http\\Request))
#25 /var/www/vendor/laravel/framework/src/Illuminate/Foundation/Http/Middleware/ConvertEmptyStringsToNull.php(31): Illuminate\\Foundation\\Http\\Middleware\\TransformsRequest->handle(Object(Illuminate\\Http\\Request), Object(Closure))
#26 /var/www/vendor/laravel/framework/src/Illuminate/Pipeline/Pipeline.php(209): Illuminate\\Foundation\\Http\\Middleware\\ConvertEmptyStringsToNull->handle(Object(Illuminate\\Http\\Request), Object(Closure))
#27 /var/www/vendor/laravel/framework/src/Illuminate/Foundation/Http/Middleware/TransformsRequest.php(21): Illuminate\\Pipeline\\Pipeline->Illuminate\\Pipeline\\{closure}(Object(Illuminate\\Http\\Request))
#28 /var/www/vendor/laravel/framework/src/Illuminate/Foundation/Http/Middleware/TrimStrings.php(51): Illuminate\\Foundation\\Http\\Middleware\\TransformsRequest->handle(Object(Illuminate\\Http\\Request), Object(Closure))
#29 /var/www/vendor/laravel/framework/src/Illuminate/Pipeline/Pipeline.php(209): Illuminate\\Foundation\\Http\\Middleware\\TrimStrings->handle(Object(Illuminate\\Http\\Request), Object(Closure))
#30 /var/www/vendor/laravel/framework/src/Illuminate/Http/Middleware/ValidatePostSize.php(27): Illuminate\\Pipeline\\Pipeline->Illuminate\\Pipeline\\{closure}(Object(Illuminate\\Http\\Request))
#31 /var/www/vendor/laravel/framework/src/Illuminate/Pipeline/Pipeline.php(209): Illuminate\\Http\\Middleware\\ValidatePostSize->handle(Object(Illuminate\\Http\\Request), Object(Closure))
#32 /var/www/vendor/laravel/framework/src/Illuminate/Foundation/Http/Middleware/PreventRequestsDuringMaintenance.php(110): Illuminate\\Pipeline\\Pipeline->Illuminate\\Pipeline\\{closure}(Object(Illuminate\\Http\\Request))
#33 /var/www/vendor/laravel/framework/src/Illuminate/Pipeline/Pipeline.php(209): Illuminate\\Foundation\\Http\\Middleware\\PreventRequestsDuringMaintenance->handle(Object(Illuminate\\Http\\Request), Object(Closure))
#34 /var/www/vendor/laravel/framework/src/Illuminate/Http/Middleware/HandleCors.php(62): Illuminate\\Pipeline\\Pipeline->Illuminate\\Pipeline\\{closure}(Object(Illuminate\\Http\\Request))
#35 /var/www/vendor/laravel/framework/src/Illuminate/Pipeline/Pipeline.php(209): Illuminate\\Http\\Middleware\\HandleCors->handle(Object(Illuminate\\Http\\Request), Object(Closure))
#36 /var/www/vendor/laravel/framework/src/Illuminate/Http/Middleware/TrustProxies.php(58): Illuminate\\Pipeline\\Pipeline->Illuminate\\Pipeline\\{closure}(Object(Illuminate\\Http\\Request))
#37 /var/www/vendor/laravel/framework/src/Illuminate/Pipeline/Pipeline.php(209): Illuminate\\Http\\Middleware\\TrustProxies->handle(Object(Illuminate\\Http\\Request), Object(Closure))
#38 /var/www/vendor/laravel/framework/src/Illuminate/Foundation/Http/Middleware/InvokeDeferredCallbacks.php(22): Illuminate\\Pipeline\\Pipeline->Illuminate\\Pipeline\\{closure}(Object(Illuminate\\Http\\Request))
#39 /var/www/vendor/laravel/framework/src/Illuminate/Pipeline/Pipeline.php(209): Illuminate\\Foundation\\Http\\Middleware\\InvokeDeferredCallbacks->handle(Object(Illuminate\\Http\\Request), Object(Closure))
#40 /var/www/vendor/laravel/framework/src/Illuminate/Pipeline/Pipeline.php(127): Illuminate\\Pipeline\\Pipeline->Illuminate\\Pipeline\\{closure}(Object(Illuminate\\Http\\Request))
#41 /var/www/vendor/laravel/framework/src/Illuminate/Foundation/Http/Kernel.php(176): Illuminate\\Pipeline\\Pipeline->then(Object(Closure))
#42 /var/www/vendor/laravel/framework/src/Illuminate/Foundation/Http/Kernel.php(145): Illuminate\\Foundation\\Http\\Kernel->sendRequestThroughRouter(Object(Illuminate\\Http\\Request))
#43 /var/www/public/index.php(11): Illuminate\\Foundation\\Http\\Kernel->handle(Object(Illuminate\\Http\\Request))
#44 /var/www/vendor/laravel/framework/src/Illuminate/Foundation/resources/server.php(23): require_once('/var/www/public...')
#45 {main}
"} 
[2025-08-29 14:58:21] local.ERROR: Cannot declare class App\Http\Controllers\AuthController, because the name is already in use {"exception":"[object] (Symfony\\Component\\ErrorHandler\\Error\\FatalError(code: 0): Cannot declare class App\\Http\\Controllers\\AuthController, because the name is already in use at /var/www/app/Http/Controllers/Auth/AuthController.php:11)
[stacktrace]
#0 {main}
"} 
[2025-08-30 09:27:03] local.ERROR: include(/var/www/vendor/composer/../../app/Http/Controllers/AuthController.php): Failed to open stream: No such file or directory {"exception":"[object] (ErrorException(code: 0): include(/var/www/vendor/composer/../../app/Http/Controllers/AuthController.php): Failed to open stream: No such file or directory at /var/www/vendor/composer/ClassLoader.php:576)
[stacktrace]
#0 /var/www/vendor/laravel/framework/src/Illuminate/Foundation/Bootstrap/HandleExceptions.php(258): Illuminate\\Foundation\\Bootstrap\\HandleExceptions->handleError(2, 'include(/var/ww...', '/var/www/vendor...', 576)
#1 /var/www/vendor/composer/ClassLoader.php(576): Illuminate\\Foundation\\Bootstrap\\HandleExceptions->Illuminate\\Foundation\\Bootstrap\\{closure}(2, 'include(/var/ww...', '/var/www/vendor...', 576)
#2 /var/www/vendor/composer/ClassLoader.php(576): include('/var/www/vendor...')
#3 /var/www/vendor/composer/ClassLoader.php(427): Composer\\Autoload\\{closure}('/var/www/vendor...')
#4 [internal function]: Composer\\Autoload\\ClassLoader->loadClass('App\\\\Http\\\\Contro...')
#5 /var/www/vendor/laravel/framework/src/Illuminate/Routing/Route.php(1117): is_a('App\\\\Http\\\\Contro...', 'Illuminate\\\\Rout...', true)
#6 /var/www/vendor/laravel/framework/src/Illuminate/Routing/Route.php(1054): Illuminate\\Routing\\Route->controllerMiddleware()
#7 /var/www/vendor/laravel/framework/src/Illuminate/Routing/Router.php(820): Illuminate\\Routing\\Route->gatherMiddleware()
#8 /var/www/vendor/laravel/framework/src/Illuminate/Routing/Router.php(802): Illuminate\\Routing\\Router->gatherRouteMiddleware(Object(Illuminate\\Routing\\Route))
#9 /var/www/vendor/laravel/framework/src/Illuminate/Routing/Router.php(786): Illuminate\\Routing\\Router->runRouteWithinStack(Object(Illuminate\\Routing\\Route), Object(Illuminate\\Http\\Request))
#10 /var/www/vendor/laravel/framework/src/Illuminate/Routing/Router.php(750): Illuminate\\Routing\\Router->runRoute(Object(Illuminate\\Http\\Request), Object(Illuminate\\Routing\\Route))
#11 /var/www/vendor/laravel/framework/src/Illuminate/Routing/Router.php(739): Illuminate\\Routing\\Router->dispatchToRoute(Object(Illuminate\\Http\\Request))
#12 /var/www/vendor/laravel/framework/src/Illuminate/Foundation/Http/Kernel.php(201): Illuminate\\Routing\\Router->dispatch(Object(Illuminate\\Http\\Request))
#13 /var/www/vendor/laravel/framework/src/Illuminate/Pipeline/Pipeline.php(170): Illuminate\\Foundation\\Http\\Kernel->Illuminate\\Foundation\\Http\\{closure}(Object(Illuminate\\Http\\Request))
#14 /var/www/vendor/laravel/framework/src/Illuminate/Foundation/Http/Middleware/TransformsRequest.php(21): Illuminate\\Pipeline\\Pipeline->Illuminate\\Pipeline\\{closure}(Object(Illuminate\\Http\\Request))
#15 /var/www/vendor/laravel/framework/src/Illuminate/Foundation/Http/Middleware/ConvertEmptyStringsToNull.php(31): Illuminate\\Foundation\\Http\\Middleware\\TransformsRequest->handle(Object(Illuminate\\Http\\Request), Object(Closure))
#16 /var/www/vendor/laravel/framework/src/Illuminate/Pipeline/Pipeline.php(209): Illuminate\\Foundation\\Http\\Middleware\\ConvertEmptyStringsToNull->handle(Object(Illuminate\\Http\\Request), Object(Closure))
#17 /var/www/vendor/laravel/framework/src/Illuminate/Foundation/Http/Middleware/TransformsRequest.php(21): Illuminate\\Pipeline\\Pipeline->Illuminate\\Pipeline\\{closure}(Object(Illuminate\\Http\\Request))
#18 /var/www/vendor/laravel/framework/src/Illuminate/Foundation/Http/Middleware/TrimStrings.php(51): Illuminate\\Foundation\\Http\\Middleware\\TransformsRequest->handle(Object(Illuminate\\Http\\Request), Object(Closure))
#19 /var/www/vendor/laravel/framework/src/Illuminate/Pipeline/Pipeline.php(209): Illuminate\\Foundation\\Http\\Middleware\\TrimStrings->handle(Object(Illuminate\\Http\\Request), Object(Closure))
#20 /var/www/vendor/laravel/framework/src/Illuminate/Http/Middleware/ValidatePostSize.php(27): Illuminate\\Pipeline\\Pipeline->Illuminate\\Pipeline\\{closure}(Object(Illuminate\\Http\\Request))
#21 /var/www/vendor/laravel/framework/src/Illuminate/Pipeline/Pipeline.php(209): Illuminate\\Http\\Middleware\\ValidatePostSize->handle(Object(Illuminate\\Http\\Request), Object(Closure))
#22 /var/www/vendor/laravel/framework/src/Illuminate/Foundation/Http/Middleware/PreventRequestsDuringMaintenance.php(110): Illuminate\\Pipeline\\Pipeline->Illuminate\\Pipeline\\{closure}(Object(Illuminate\\Http\\Request))
#23 /var/www/vendor/laravel/framework/src/Illuminate/Pipeline/Pipeline.php(209): Illuminate\\Foundation\\Http\\Middleware\\PreventRequestsDuringMaintenance->handle(Object(Illuminate\\Http\\Request), Object(Closure))
#24 /var/www/vendor/laravel/framework/src/Illuminate/Http/Middleware/HandleCors.php(62): Illuminate\\Pipeline\\Pipeline->Illuminate\\Pipeline\\{closure}(Object(Illuminate\\Http\\Request))
#25 /var/www/vendor/laravel/framework/src/Illuminate/Pipeline/Pipeline.php(209): Illuminate\\Http\\Middleware\\HandleCors->handle(Object(Illuminate\\Http\\Request), Object(Closure))
#26 /var/www/vendor/laravel/framework/src/Illuminate/Http/Middleware/TrustProxies.php(58): Illuminate\\Pipeline\\Pipeline->Illuminate\\Pipeline\\{closure}(Object(Illuminate\\Http\\Request))
#27 /var/www/vendor/laravel/framework/src/Illuminate/Pipeline/Pipeline.php(209): Illuminate\\Http\\Middleware\\TrustProxies->handle(Object(Illuminate\\Http\\Request), Object(Closure))
#28 /var/www/vendor/laravel/framework/src/Illuminate/Foundation/Http/Middleware/InvokeDeferredCallbacks.php(22): Illuminate\\Pipeline\\Pipeline->Illuminate\\Pipeline\\{closure}(Object(Illuminate\\Http\\Request))
#29 /var/www/vendor/laravel/framework/src/Illuminate/Pipeline/Pipeline.php(209): Illuminate\\Foundation\\Http\\Middleware\\InvokeDeferredCallbacks->handle(Object(Illuminate\\Http\\Request), Object(Closure))
#30 /var/www/vendor/laravel/framework/src/Illuminate/Pipeline/Pipeline.php(127): Illuminate\\Pipeline\\Pipeline->Illuminate\\Pipeline\\{closure}(Object(Illuminate\\Http\\Request))
#31 /var/www/vendor/laravel/framework/src/Illuminate/Foundation/Http/Kernel.php(176): Illuminate\\Pipeline\\Pipeline->then(Object(Closure))
#32 /var/www/vendor/laravel/framework/src/Illuminate/Foundation/Http/Kernel.php(145): Illuminate\\Foundation\\Http\\Kernel->sendRequestThroughRouter(Object(Illuminate\\Http\\Request))
#33 /var/www/public/index.php(11): Illuminate\\Foundation\\Http\\Kernel->handle(Object(Illuminate\\Http\\Request))
#34 /var/www/vendor/laravel/framework/src/Illuminate/Foundation/resources/server.php(23): require_once('/var/www/public...')
#35 {main}
"} 
[2025-08-30 09:46:18] local.ERROR: Method Illuminate\Auth\RequestGuard::attempt does not exist. {"exception":"[object] (BadMethodCallException(code: 0): Method Illuminate\\Auth\\RequestGuard::attempt does not exist. at /var/www/vendor/laravel/framework/src/Illuminate/Macroable/Traits/Macroable.php:115)
[stacktrace]
#0 /var/www/vendor/laravel/framework/src/Illuminate/Auth/AuthManager.php(340): Illuminate\\Auth\\RequestGuard->__call('attempt', Array)
#1 /var/www/vendor/laravel/framework/src/Illuminate/Support/Facades/Facade.php(361): Illuminate\\Auth\\AuthManager->__call('attempt', Array)
#2 /var/www/app/Http/Controllers/AuthController.php(44): Illuminate\\Support\\Facades\\Facade::__callStatic('attempt', Array)
#3 /var/www/vendor/laravel/framework/src/Illuminate/Routing/ControllerDispatcher.php(47): App\\Http\\Controllers\\AuthController->login(Object(Illuminate\\Http\\Request))
#4 /var/www/vendor/laravel/framework/src/Illuminate/Routing/Route.php(266): Illuminate\\Routing\\ControllerDispatcher->dispatch(Object(Illuminate\\Routing\\Route), Object(App\\Http\\Controllers\\AuthController), 'login')
#5 /var/www/vendor/laravel/framework/src/Illuminate/Routing/Route.php(212): Illuminate\\Routing\\Route->runController()
#6 /var/www/vendor/laravel/framework/src/Illuminate/Routing/Router.php(808): Illuminate\\Routing\\Route->run()
#7 /var/www/vendor/laravel/framework/src/Illuminate/Pipeline/Pipeline.php(170): Illuminate\\Routing\\Router->Illuminate\\Routing\\{closure}(Object(Illuminate\\Http\\Request))
#8 /var/www/vendor/laravel/framework/src/Illuminate/Routing/Middleware/SubstituteBindings.php(51): Illuminate\\Pipeline\\Pipeline->Illuminate\\Pipeline\\{closure}(Object(Illuminate\\Http\\Request))
#9 /var/www/vendor/laravel/framework/src/Illuminate/Pipeline/Pipeline.php(209): Illuminate\\Routing\\Middleware\\SubstituteBindings->handle(Object(Illuminate\\Http\\Request), Object(Closure))
#10 /var/www/vendor/laravel/sanctum/src/Http/Middleware/EnsureFrontendRequestsAreStateful.php(26): Illuminate\\Pipeline\\Pipeline->Illuminate\\Pipeline\\{closure}(Object(Illuminate\\Http\\Request))
#11 /var/www/vendor/laravel/framework/src/Illuminate/Pipeline/Pipeline.php(170): Laravel\\Sanctum\\Http\\Middleware\\EnsureFrontendRequestsAreStateful->Laravel\\Sanctum\\Http\\Middleware\\{closure}(Object(Illuminate\\Http\\Request))
#12 /var/www/vendor/laravel/framework/src/Illuminate/Pipeline/Pipeline.php(127): Illuminate\\Pipeline\\Pipeline->Illuminate\\Pipeline\\{closure}(Object(Illuminate\\Http\\Request))
#13 /var/www/vendor/laravel/sanctum/src/Http/Middleware/EnsureFrontendRequestsAreStateful.php(25): Illuminate\\Pipeline\\Pipeline->then(Object(Closure))
#14 /var/www/vendor/laravel/framework/src/Illuminate/Pipeline/Pipeline.php(209): Laravel\\Sanctum\\Http\\Middleware\\EnsureFrontendRequestsAreStateful->handle(Object(Illuminate\\Http\\Request), Object(Closure))
#15 /var/www/vendor/laravel/framework/src/Illuminate/Pipeline/Pipeline.php(127): Illuminate\\Pipeline\\Pipeline->Illuminate\\Pipeline\\{closure}(Object(Illuminate\\Http\\Request))
#16 /var/www/vendor/laravel/framework/src/Illuminate/Routing/Router.php(807): Illuminate\\Pipeline\\Pipeline->then(Object(Closure))
#17 /var/www/vendor/laravel/framework/src/Illuminate/Routing/Router.php(786): Illuminate\\Routing\\Router->runRouteWithinStack(Object(Illuminate\\Routing\\Route), Object(Illuminate\\Http\\Request))
#18 /var/www/vendor/laravel/framework/src/Illuminate/Routing/Router.php(750): Illuminate\\Routing\\Router->runRoute(Object(Illuminate\\Http\\Request), Object(Illuminate\\Routing\\Route))
#19 /var/www/vendor/laravel/framework/src/Illuminate/Routing/Router.php(739): Illuminate\\Routing\\Router->dispatchToRoute(Object(Illuminate\\Http\\Request))
#20 /var/www/vendor/laravel/framework/src/Illuminate/Foundation/Http/Kernel.php(201): Illuminate\\Routing\\Router->dispatch(Object(Illuminate\\Http\\Request))
#21 /var/www/vendor/laravel/framework/src/Illuminate/Pipeline/Pipeline.php(170): Illuminate\\Foundation\\Http\\Kernel->Illuminate\\Foundation\\Http\\{closure}(Object(Illuminate\\Http\\Request))
#22 /var/www/vendor/laravel/framework/src/Illuminate/Foundation/Http/Middleware/TransformsRequest.php(21): Illuminate\\Pipeline\\Pipeline->Illuminate\\Pipeline\\{closure}(Object(Illuminate\\Http\\Request))
#23 /var/www/vendor/laravel/framework/src/Illuminate/Foundation/Http/Middleware/ConvertEmptyStringsToNull.php(31): Illuminate\\Foundation\\Http\\Middleware\\TransformsRequest->handle(Object(Illuminate\\Http\\Request), Object(Closure))
#24 /var/www/vendor/laravel/framework/src/Illuminate/Pipeline/Pipeline.php(209): Illuminate\\Foundation\\Http\\Middleware\\ConvertEmptyStringsToNull->handle(Object(Illuminate\\Http\\Request), Object(Closure))
#25 /var/www/vendor/laravel/framework/src/Illuminate/Foundation/Http/Middleware/TransformsRequest.php(21): Illuminate\\Pipeline\\Pipeline->Illuminate\\Pipeline\\{closure}(Object(Illuminate\\Http\\Request))
#26 /var/www/vendor/laravel/framework/src/Illuminate/Foundation/Http/Middleware/TrimStrings.php(51): Illuminate\\Foundation\\Http\\Middleware\\TransformsRequest->handle(Object(Illuminate\\Http\\Request), Object(Closure))
#27 /var/www/vendor/laravel/framework/src/Illuminate/Pipeline/Pipeline.php(209): Illuminate\\Foundation\\Http\\Middleware\\TrimStrings->handle(Object(Illuminate\\Http\\Request), Object(Closure))
#28 /var/www/vendor/laravel/framework/src/Illuminate/Http/Middleware/ValidatePostSize.php(27): Illuminate\\Pipeline\\Pipeline->Illuminate\\Pipeline\\{closure}(Object(Illuminate\\Http\\Request))
#29 /var/www/vendor/laravel/framework/src/Illuminate/Pipeline/Pipeline.php(209): Illuminate\\Http\\Middleware\\ValidatePostSize->handle(Object(Illuminate\\Http\\Request), Object(Closure))
#30 /var/www/vendor/laravel/framework/src/Illuminate/Foundation/Http/Middleware/PreventRequestsDuringMaintenance.php(110): Illuminate\\Pipeline\\Pipeline->Illuminate\\Pipeline\\{closure}(Object(Illuminate\\Http\\Request))
#31 /var/www/vendor/laravel/framework/src/Illuminate/Pipeline/Pipeline.php(209): Illuminate\\Foundation\\Http\\Middleware\\PreventRequestsDuringMaintenance->handle(Object(Illuminate\\Http\\Request), Object(Closure))
#32 /var/www/vendor/laravel/framework/src/Illuminate/Http/Middleware/HandleCors.php(62): Illuminate\\Pipeline\\Pipeline->Illuminate\\Pipeline\\{closure}(Object(Illuminate\\Http\\Request))
#33 /var/www/vendor/laravel/framework/src/Illuminate/Pipeline/Pipeline.php(209): Illuminate\\Http\\Middleware\\HandleCors->handle(Object(Illuminate\\Http\\Request), Object(Closure))
#34 /var/www/vendor/laravel/framework/src/Illuminate/Http/Middleware/TrustProxies.php(58): Illuminate\\Pipeline\\Pipeline->Illuminate\\Pipeline\\{closure}(Object(Illuminate\\Http\\Request))
#35 /var/www/vendor/laravel/framework/src/Illuminate/Pipeline/Pipeline.php(209): Illuminate\\Http\\Middleware\\TrustProxies->handle(Object(Illuminate\\Http\\Request), Object(Closure))
#36 /var/www/vendor/laravel/framework/src/Illuminate/Foundation/Http/Middleware/InvokeDeferredCallbacks.php(22): Illuminate\\Pipeline\\Pipeline->Illuminate\\Pipeline\\{closure}(Object(Illuminate\\Http\\Request))
#37 /var/www/vendor/laravel/framework/src/Illuminate/Pipeline/Pipeline.php(209): Illuminate\\Foundation\\Http\\Middleware\\InvokeDeferredCallbacks->handle(Object(Illuminate\\Http\\Request), Object(Closure))
#38 /var/www/vendor/laravel/framework/src/Illuminate/Pipeline/Pipeline.php(127): Illuminate\\Pipeline\\Pipeline->Illuminate\\Pipeline\\{closure}(Object(Illuminate\\Http\\Request))
#39 /var/www/vendor/laravel/framework/src/Illuminate/Foundation/Http/Kernel.php(176): Illuminate\\Pipeline\\Pipeline->then(Object(Closure))
#40 /var/www/vendor/laravel/framework/src/Illuminate/Foundation/Http/Kernel.php(145): Illuminate\\Foundation\\Http\\Kernel->sendRequestThroughRouter(Object(Illuminate\\Http\\Request))
#41 /var/www/public/index.php(11): Illuminate\\Foundation\\Http\\Kernel->handle(Object(Illuminate\\Http\\Request))
#42 /var/www/vendor/laravel/framework/src/Illuminate/Foundation/resources/server.php(23): require_once('/var/www/public...')
#43 {main}
"} 
[2025-08-30 09:48:50] local.ERROR: Method Illuminate\Auth\RequestGuard::attempt does not exist. {"exception":"[object] (BadMethodCallException(code: 0): Method Illuminate\\Auth\\RequestGuard::attempt does not exist. at /var/www/vendor/laravel/framework/src/Illuminate/Macroable/Traits/Macroable.php:115)
[stacktrace]
#0 /var/www/vendor/laravel/framework/src/Illuminate/Auth/AuthManager.php(340): Illuminate\\Auth\\RequestGuard->__call('attempt', Array)
#1 /var/www/vendor/laravel/framework/src/Illuminate/Support/Facades/Facade.php(361): Illuminate\\Auth\\AuthManager->__call('attempt', Array)
#2 /var/www/app/Http/Controllers/AuthController.php(44): Illuminate\\Support\\Facades\\Facade::__callStatic('attempt', Array)
#3 /var/www/vendor/laravel/framework/src/Illuminate/Routing/ControllerDispatcher.php(47): App\\Http\\Controllers\\AuthController->login(Object(Illuminate\\Http\\Request))
#4 /var/www/vendor/laravel/framework/src/Illuminate/Routing/Route.php(266): Illuminate\\Routing\\ControllerDispatcher->dispatch(Object(Illuminate\\Routing\\Route), Object(App\\Http\\Controllers\\AuthController), 'login')
#5 /var/www/vendor/laravel/framework/src/Illuminate/Routing/Route.php(212): Illuminate\\Routing\\Route->runController()
#6 /var/www/vendor/laravel/framework/src/Illuminate/Routing/Router.php(808): Illuminate\\Routing\\Route->run()
#7 /var/www/vendor/laravel/framework/src/Illuminate/Pipeline/Pipeline.php(170): Illuminate\\Routing\\Router->Illuminate\\Routing\\{closure}(Object(Illuminate\\Http\\Request))
#8 /var/www/vendor/laravel/framework/src/Illuminate/Routing/Middleware/SubstituteBindings.php(51): Illuminate\\Pipeline\\Pipeline->Illuminate\\Pipeline\\{closure}(Object(Illuminate\\Http\\Request))
#9 /var/www/vendor/laravel/framework/src/Illuminate/Pipeline/Pipeline.php(209): Illuminate\\Routing\\Middleware\\SubstituteBindings->handle(Object(Illuminate\\Http\\Request), Object(Closure))
#10 /var/www/vendor/laravel/sanctum/src/Http/Middleware/EnsureFrontendRequestsAreStateful.php(26): Illuminate\\Pipeline\\Pipeline->Illuminate\\Pipeline\\{closure}(Object(Illuminate\\Http\\Request))
#11 /var/www/vendor/laravel/framework/src/Illuminate/Pipeline/Pipeline.php(170): Laravel\\Sanctum\\Http\\Middleware\\EnsureFrontendRequestsAreStateful->Laravel\\Sanctum\\Http\\Middleware\\{closure}(Object(Illuminate\\Http\\Request))
#12 /var/www/vendor/laravel/framework/src/Illuminate/Pipeline/Pipeline.php(127): Illuminate\\Pipeline\\Pipeline->Illuminate\\Pipeline\\{closure}(Object(Illuminate\\Http\\Request))
#13 /var/www/vendor/laravel/sanctum/src/Http/Middleware/EnsureFrontendRequestsAreStateful.php(25): Illuminate\\Pipeline\\Pipeline->then(Object(Closure))
#14 /var/www/vendor/laravel/framework/src/Illuminate/Pipeline/Pipeline.php(209): Laravel\\Sanctum\\Http\\Middleware\\EnsureFrontendRequestsAreStateful->handle(Object(Illuminate\\Http\\Request), Object(Closure))
#15 /var/www/vendor/laravel/framework/src/Illuminate/Pipeline/Pipeline.php(127): Illuminate\\Pipeline\\Pipeline->Illuminate\\Pipeline\\{closure}(Object(Illuminate\\Http\\Request))
#16 /var/www/vendor/laravel/framework/src/Illuminate/Routing/Router.php(807): Illuminate\\Pipeline\\Pipeline->then(Object(Closure))
#17 /var/www/vendor/laravel/framework/src/Illuminate/Routing/Router.php(786): Illuminate\\Routing\\Router->runRouteWithinStack(Object(Illuminate\\Routing\\Route), Object(Illuminate\\Http\\Request))
#18 /var/www/vendor/laravel/framework/src/Illuminate/Routing/Router.php(750): Illuminate\\Routing\\Router->runRoute(Object(Illuminate\\Http\\Request), Object(Illuminate\\Routing\\Route))
#19 /var/www/vendor/laravel/framework/src/Illuminate/Routing/Router.php(739): Illuminate\\Routing\\Router->dispatchToRoute(Object(Illuminate\\Http\\Request))
#20 /var/www/vendor/laravel/framework/src/Illuminate/Foundation/Http/Kernel.php(201): Illuminate\\Routing\\Router->dispatch(Object(Illuminate\\Http\\Request))
#21 /var/www/vendor/laravel/framework/src/Illuminate/Pipeline/Pipeline.php(170): Illuminate\\Foundation\\Http\\Kernel->Illuminate\\Foundation\\Http\\{closure}(Object(Illuminate\\Http\\Request))
#22 /var/www/vendor/laravel/framework/src/Illuminate/Foundation/Http/Middleware/TransformsRequest.php(21): Illuminate\\Pipeline\\Pipeline->Illuminate\\Pipeline\\{closure}(Object(Illuminate\\Http\\Request))
#23 /var/www/vendor/laravel/framework/src/Illuminate/Foundation/Http/Middleware/ConvertEmptyStringsToNull.php(31): Illuminate\\Foundation\\Http\\Middleware\\TransformsRequest->handle(Object(Illuminate\\Http\\Request), Object(Closure))
#24 /var/www/vendor/laravel/framework/src/Illuminate/Pipeline/Pipeline.php(209): Illuminate\\Foundation\\Http\\Middleware\\ConvertEmptyStringsToNull->handle(Object(Illuminate\\Http\\Request), Object(Closure))
#25 /var/www/vendor/laravel/framework/src/Illuminate/Foundation/Http/Middleware/TransformsRequest.php(21): Illuminate\\Pipeline\\Pipeline->Illuminate\\Pipeline\\{closure}(Object(Illuminate\\Http\\Request))
#26 /var/www/vendor/laravel/framework/src/Illuminate/Foundation/Http/Middleware/TrimStrings.php(51): Illuminate\\Foundation\\Http\\Middleware\\TransformsRequest->handle(Object(Illuminate\\Http\\Request), Object(Closure))
#27 /var/www/vendor/laravel/framework/src/Illuminate/Pipeline/Pipeline.php(209): Illuminate\\Foundation\\Http\\Middleware\\TrimStrings->handle(Object(Illuminate\\Http\\Request), Object(Closure))
#28 /var/www/vendor/laravel/framework/src/Illuminate/Http/Middleware/ValidatePostSize.php(27): Illuminate\\Pipeline\\Pipeline->Illuminate\\Pipeline\\{closure}(Object(Illuminate\\Http\\Request))
#29 /var/www/vendor/laravel/framework/src/Illuminate/Pipeline/Pipeline.php(209): Illuminate\\Http\\Middleware\\ValidatePostSize->handle(Object(Illuminate\\Http\\Request), Object(Closure))
#30 /var/www/vendor/laravel/framework/src/Illuminate/Foundation/Http/Middleware/PreventRequestsDuringMaintenance.php(110): Illuminate\\Pipeline\\Pipeline->Illuminate\\Pipeline\\{closure}(Object(Illuminate\\Http\\Request))
#31 /var/www/vendor/laravel/framework/src/Illuminate/Pipeline/Pipeline.php(209): Illuminate\\Foundation\\Http\\Middleware\\PreventRequestsDuringMaintenance->handle(Object(Illuminate\\Http\\Request), Object(Closure))
#32 /var/www/vendor/laravel/framework/src/Illuminate/Http/Middleware/HandleCors.php(62): Illuminate\\Pipeline\\Pipeline->Illuminate\\Pipeline\\{closure}(Object(Illuminate\\Http\\Request))
#33 /var/www/vendor/laravel/framework/src/Illuminate/Pipeline/Pipeline.php(209): Illuminate\\Http\\Middleware\\HandleCors->handle(Object(Illuminate\\Http\\Request), Object(Closure))
#34 /var/www/vendor/laravel/framework/src/Illuminate/Http/Middleware/TrustProxies.php(58): Illuminate\\Pipeline\\Pipeline->Illuminate\\Pipeline\\{closure}(Object(Illuminate\\Http\\Request))
#35 /var/www/vendor/laravel/framework/src/Illuminate/Pipeline/Pipeline.php(209): Illuminate\\Http\\Middleware\\TrustProxies->handle(Object(Illuminate\\Http\\Request), Object(Closure))
#36 /var/www/vendor/laravel/framework/src/Illuminate/Foundation/Http/Middleware/InvokeDeferredCallbacks.php(22): Illuminate\\Pipeline\\Pipeline->Illuminate\\Pipeline\\{closure}(Object(Illuminate\\Http\\Request))
#37 /var/www/vendor/laravel/framework/src/Illuminate/Pipeline/Pipeline.php(209): Illuminate\\Foundation\\Http\\Middleware\\InvokeDeferredCallbacks->handle(Object(Illuminate\\Http\\Request), Object(Closure))
#38 /var/www/vendor/laravel/framework/src/Illuminate/Pipeline/Pipeline.php(127): Illuminate\\Pipeline\\Pipeline->Illuminate\\Pipeline\\{closure}(Object(Illuminate\\Http\\Request))
#39 /var/www/vendor/laravel/framework/src/Illuminate/Foundation/Http/Kernel.php(176): Illuminate\\Pipeline\\Pipeline->then(Object(Closure))
#40 /var/www/vendor/laravel/framework/src/Illuminate/Foundation/Http/Kernel.php(145): Illuminate\\Foundation\\Http\\Kernel->sendRequestThroughRouter(Object(Illuminate\\Http\\Request))
#41 /var/www/public/index.php(11): Illuminate\\Foundation\\Http\\Kernel->handle(Object(Illuminate\\Http\\Request))
#42 /var/www/vendor/laravel/framework/src/Illuminate/Foundation/resources/server.php(23): require_once('/var/www/public...')
#43 {main}
"} 
[2025-08-30 10:11:18] local.ERROR: Route [login] not defined. {"exception":"[object] (Symfony\\Component\\Routing\\Exception\\RouteNotFoundException(code: 0): Route [login] not defined. at /var/www/vendor/laravel/framework/src/Illuminate/Routing/UrlGenerator.php:517)
[stacktrace]
#0 /var/www/vendor/laravel/framework/src/Illuminate/Foundation/helpers.php(853): Illuminate\\Routing\\UrlGenerator->route('login', Array, true)
#1 /var/www/vendor/laravel/framework/src/Illuminate/Foundation/Configuration/ApplicationBuilder.php(278): route('login')
#2 [internal function]: Illuminate\\Foundation\\Configuration\\ApplicationBuilder->Illuminate\\Foundation\\Configuration\\{closure}(Object(Illuminate\\Http\\Request))
#3 /var/www/vendor/laravel/framework/src/Illuminate/Auth/Middleware/Authenticate.php(118): call_user_func(Object(Closure), Object(Illuminate\\Http\\Request))
#4 /var/www/vendor/laravel/framework/src/Illuminate/Auth/Middleware/Authenticate.php(105): Illuminate\\Auth\\Middleware\\Authenticate->redirectTo(Object(Illuminate\\Http\\Request))
#5 /var/www/vendor/laravel/framework/src/Illuminate/Auth/Middleware/Authenticate.php(88): Illuminate\\Auth\\Middleware\\Authenticate->unauthenticated(Object(Illuminate\\Http\\Request), Array)
#6 /var/www/vendor/laravel/framework/src/Illuminate/Auth/Middleware/Authenticate.php(62): Illuminate\\Auth\\Middleware\\Authenticate->authenticate(Object(Illuminate\\Http\\Request), Array)
#7 /var/www/vendor/laravel/framework/src/Illuminate/Pipeline/Pipeline.php(209): Illuminate\\Auth\\Middleware\\Authenticate->handle(Object(Illuminate\\Http\\Request), Object(Closure), 'sanctum')
#8 /var/www/vendor/laravel/sanctum/src/Http/Middleware/EnsureFrontendRequestsAreStateful.php(26): Illuminate\\Pipeline\\Pipeline->Illuminate\\Pipeline\\{closure}(Object(Illuminate\\Http\\Request))
#9 /var/www/vendor/laravel/framework/src/Illuminate/Pipeline/Pipeline.php(170): Laravel\\Sanctum\\Http\\Middleware\\EnsureFrontendRequestsAreStateful->Laravel\\Sanctum\\Http\\Middleware\\{closure}(Object(Illuminate\\Http\\Request))
#10 /var/www/vendor/laravel/framework/src/Illuminate/Pipeline/Pipeline.php(127): Illuminate\\Pipeline\\Pipeline->Illuminate\\Pipeline\\{closure}(Object(Illuminate\\Http\\Request))
#11 /var/www/vendor/laravel/sanctum/src/Http/Middleware/EnsureFrontendRequestsAreStateful.php(25): Illuminate\\Pipeline\\Pipeline->then(Object(Closure))
#12 /var/www/vendor/laravel/framework/src/Illuminate/Pipeline/Pipeline.php(209): Laravel\\Sanctum\\Http\\Middleware\\EnsureFrontendRequestsAreStateful->handle(Object(Illuminate\\Http\\Request), Object(Closure))
#13 /var/www/vendor/laravel/framework/src/Illuminate/Pipeline/Pipeline.php(127): Illuminate\\Pipeline\\Pipeline->Illuminate\\Pipeline\\{closure}(Object(Illuminate\\Http\\Request))
#14 /var/www/vendor/laravel/framework/src/Illuminate/Routing/Router.php(807): Illuminate\\Pipeline\\Pipeline->then(Object(Closure))
#15 /var/www/vendor/laravel/framework/src/Illuminate/Routing/Router.php(786): Illuminate\\Routing\\Router->runRouteWithinStack(Object(Illuminate\\Routing\\Route), Object(Illuminate\\Http\\Request))
#16 /var/www/vendor/laravel/framework/src/Illuminate/Routing/Router.php(750): Illuminate\\Routing\\Router->runRoute(Object(Illuminate\\Http\\Request), Object(Illuminate\\Routing\\Route))
#17 /var/www/vendor/laravel/framework/src/Illuminate/Routing/Router.php(739): Illuminate\\Routing\\Router->dispatchToRoute(Object(Illuminate\\Http\\Request))
#18 /var/www/vendor/laravel/framework/src/Illuminate/Foundation/Http/Kernel.php(201): Illuminate\\Routing\\Router->dispatch(Object(Illuminate\\Http\\Request))
#19 /var/www/vendor/laravel/framework/src/Illuminate/Pipeline/Pipeline.php(170): Illuminate\\Foundation\\Http\\Kernel->Illuminate\\Foundation\\Http\\{closure}(Object(Illuminate\\Http\\Request))
#20 /var/www/vendor/laravel/framework/src/Illuminate/Foundation/Http/Middleware/TransformsRequest.php(21): Illuminate\\Pipeline\\Pipeline->Illuminate\\Pipeline\\{closure}(Object(Illuminate\\Http\\Request))
#21 /var/www/vendor/laravel/framework/src/Illuminate/Foundation/Http/Middleware/ConvertEmptyStringsToNull.php(31): Illuminate\\Foundation\\Http\\Middleware\\TransformsRequest->handle(Object(Illuminate\\Http\\Request), Object(Closure))
#22 /var/www/vendor/laravel/framework/src/Illuminate/Pipeline/Pipeline.php(209): Illuminate\\Foundation\\Http\\Middleware\\ConvertEmptyStringsToNull->handle(Object(Illuminate\\Http\\Request), Object(Closure))
#23 /var/www/vendor/laravel/framework/src/Illuminate/Foundation/Http/Middleware/TransformsRequest.php(21): Illuminate\\Pipeline\\Pipeline->Illuminate\\Pipeline\\{closure}(Object(Illuminate\\Http\\Request))
#24 /var/www/vendor/laravel/framework/src/Illuminate/Foundation/Http/Middleware/TrimStrings.php(51): Illuminate\\Foundation\\Http\\Middleware\\TransformsRequest->handle(Object(Illuminate\\Http\\Request), Object(Closure))
#25 /var/www/vendor/laravel/framework/src/Illuminate/Pipeline/Pipeline.php(209): Illuminate\\Foundation\\Http\\Middleware\\TrimStrings->handle(Object(Illuminate\\Http\\Request), Object(Closure))
#26 /var/www/vendor/laravel/framework/src/Illuminate/Http/Middleware/ValidatePostSize.php(27): Illuminate\\Pipeline\\Pipeline->Illuminate\\Pipeline\\{closure}(Object(Illuminate\\Http\\Request))
#27 /var/www/vendor/laravel/framework/src/Illuminate/Pipeline/Pipeline.php(209): Illuminate\\Http\\Middleware\\ValidatePostSize->handle(Object(Illuminate\\Http\\Request), Object(Closure))
#28 /var/www/vendor/laravel/framework/src/Illuminate/Foundation/Http/Middleware/PreventRequestsDuringMaintenance.php(110): Illuminate\\Pipeline\\Pipeline->Illuminate\\Pipeline\\{closure}(Object(Illuminate\\Http\\Request))
#29 /var/www/vendor/laravel/framework/src/Illuminate/Pipeline/Pipeline.php(209): Illuminate\\Foundation\\Http\\Middleware\\PreventRequestsDuringMaintenance->handle(Object(Illuminate\\Http\\Request), Object(Closure))
#30 /var/www/vendor/laravel/framework/src/Illuminate/Http/Middleware/HandleCors.php(62): Illuminate\\Pipeline\\Pipeline->Illuminate\\Pipeline\\{closure}(Object(Illuminate\\Http\\Request))
#31 /var/www/vendor/laravel/framework/src/Illuminate/Pipeline/Pipeline.php(209): Illuminate\\Http\\Middleware\\HandleCors->handle(Object(Illuminate\\Http\\Request), Object(Closure))
#32 /var/www/vendor/laravel/framework/src/Illuminate/Http/Middleware/TrustProxies.php(58): Illuminate\\Pipeline\\Pipeline->Illuminate\\Pipeline\\{closure}(Object(Illuminate\\Http\\Request))
#33 /var/www/vendor/laravel/framework/src/Illuminate/Pipeline/Pipeline.php(209): Illuminate\\Http\\Middleware\\TrustProxies->handle(Object(Illuminate\\Http\\Request), Object(Closure))
#34 /var/www/vendor/laravel/framework/src/Illuminate/Foundation/Http/Middleware/InvokeDeferredCallbacks.php(22): Illuminate\\Pipeline\\Pipeline->Illuminate\\Pipeline\\{closure}(Object(Illuminate\\Http\\Request))
#35 /var/www/vendor/laravel/framework/src/Illuminate/Pipeline/Pipeline.php(209): Illuminate\\Foundation\\Http\\Middleware\\InvokeDeferredCallbacks->handle(Object(Illuminate\\Http\\Request), Object(Closure))
#36 /var/www/vendor/laravel/framework/src/Illuminate/Pipeline/Pipeline.php(127): Illuminate\\Pipeline\\Pipeline->Illuminate\\Pipeline\\{closure}(Object(Illuminate\\Http\\Request))
#37 /var/www/vendor/laravel/framework/src/Illuminate/Foundation/Http/Kernel.php(176): Illuminate\\Pipeline\\Pipeline->then(Object(Closure))
#38 /var/www/vendor/laravel/framework/src/Illuminate/Foundation/Http/Kernel.php(145): Illuminate\\Foundation\\Http\\Kernel->sendRequestThroughRouter(Object(Illuminate\\Http\\Request))
#39 /var/www/public/index.php(11): Illuminate\\Foundation\\Http\\Kernel->handle(Object(Illuminate\\Http\\Request))
#40 /var/www/vendor/laravel/framework/src/Illuminate/Foundation/resources/server.php(23): require_once('/var/www/public...')
#41 {main}
"} 
[2025-08-30 10:11:25] local.ERROR: Route [login] not defined. {"exception":"[object] (Symfony\\Component\\Routing\\Exception\\RouteNotFoundException(code: 0): Route [login] not defined. at /var/www/vendor/laravel/framework/src/Illuminate/Routing/UrlGenerator.php:517)
[stacktrace]
#0 /var/www/vendor/laravel/framework/src/Illuminate/Foundation/helpers.php(853): Illuminate\\Routing\\UrlGenerator->route('login', Array, true)
#1 /var/www/vendor/laravel/framework/src/Illuminate/Foundation/Configuration/ApplicationBuilder.php(278): route('login')
#2 [internal function]: Illuminate\\Foundation\\Configuration\\ApplicationBuilder->Illuminate\\Foundation\\Configuration\\{closure}(Object(Illuminate\\Http\\Request))
#3 /var/www/vendor/laravel/framework/src/Illuminate/Auth/Middleware/Authenticate.php(118): call_user_func(Object(Closure), Object(Illuminate\\Http\\Request))
#4 /var/www/vendor/laravel/framework/src/Illuminate/Auth/Middleware/Authenticate.php(105): Illuminate\\Auth\\Middleware\\Authenticate->redirectTo(Object(Illuminate\\Http\\Request))
#5 /var/www/vendor/laravel/framework/src/Illuminate/Auth/Middleware/Authenticate.php(88): Illuminate\\Auth\\Middleware\\Authenticate->unauthenticated(Object(Illuminate\\Http\\Request), Array)
#6 /var/www/vendor/laravel/framework/src/Illuminate/Auth/Middleware/Authenticate.php(62): Illuminate\\Auth\\Middleware\\Authenticate->authenticate(Object(Illuminate\\Http\\Request), Array)
#7 /var/www/vendor/laravel/framework/src/Illuminate/Pipeline/Pipeline.php(209): Illuminate\\Auth\\Middleware\\Authenticate->handle(Object(Illuminate\\Http\\Request), Object(Closure), 'sanctum')
#8 /var/www/vendor/laravel/sanctum/src/Http/Middleware/EnsureFrontendRequestsAreStateful.php(26): Illuminate\\Pipeline\\Pipeline->Illuminate\\Pipeline\\{closure}(Object(Illuminate\\Http\\Request))
#9 /var/www/vendor/laravel/framework/src/Illuminate/Pipeline/Pipeline.php(170): Laravel\\Sanctum\\Http\\Middleware\\EnsureFrontendRequestsAreStateful->Laravel\\Sanctum\\Http\\Middleware\\{closure}(Object(Illuminate\\Http\\Request))
#10 /var/www/vendor/laravel/framework/src/Illuminate/Pipeline/Pipeline.php(127): Illuminate\\Pipeline\\Pipeline->Illuminate\\Pipeline\\{closure}(Object(Illuminate\\Http\\Request))
#11 /var/www/vendor/laravel/sanctum/src/Http/Middleware/EnsureFrontendRequestsAreStateful.php(25): Illuminate\\Pipeline\\Pipeline->then(Object(Closure))
#12 /var/www/vendor/laravel/framework/src/Illuminate/Pipeline/Pipeline.php(209): Laravel\\Sanctum\\Http\\Middleware\\EnsureFrontendRequestsAreStateful->handle(Object(Illuminate\\Http\\Request), Object(Closure))
#13 /var/www/vendor/laravel/framework/src/Illuminate/Pipeline/Pipeline.php(127): Illuminate\\Pipeline\\Pipeline->Illuminate\\Pipeline\\{closure}(Object(Illuminate\\Http\\Request))
#14 /var/www/vendor/laravel/framework/src/Illuminate/Routing/Router.php(807): Illuminate\\Pipeline\\Pipeline->then(Object(Closure))
#15 /var/www/vendor/laravel/framework/src/Illuminate/Routing/Router.php(786): Illuminate\\Routing\\Router->runRouteWithinStack(Object(Illuminate\\Routing\\Route), Object(Illuminate\\Http\\Request))
#16 /var/www/vendor/laravel/framework/src/Illuminate/Routing/Router.php(750): Illuminate\\Routing\\Router->runRoute(Object(Illuminate\\Http\\Request), Object(Illuminate\\Routing\\Route))
#17 /var/www/vendor/laravel/framework/src/Illuminate/Routing/Router.php(739): Illuminate\\Routing\\Router->dispatchToRoute(Object(Illuminate\\Http\\Request))
#18 /var/www/vendor/laravel/framework/src/Illuminate/Foundation/Http/Kernel.php(201): Illuminate\\Routing\\Router->dispatch(Object(Illuminate\\Http\\Request))
#19 /var/www/vendor/laravel/framework/src/Illuminate/Pipeline/Pipeline.php(170): Illuminate\\Foundation\\Http\\Kernel->Illuminate\\Foundation\\Http\\{closure}(Object(Illuminate\\Http\\Request))
#20 /var/www/vendor/laravel/framework/src/Illuminate/Foundation/Http/Middleware/TransformsRequest.php(21): Illuminate\\Pipeline\\Pipeline->Illuminate\\Pipeline\\{closure}(Object(Illuminate\\Http\\Request))
#21 /var/www/vendor/laravel/framework/src/Illuminate/Foundation/Http/Middleware/ConvertEmptyStringsToNull.php(31): Illuminate\\Foundation\\Http\\Middleware\\TransformsRequest->handle(Object(Illuminate\\Http\\Request), Object(Closure))
#22 /var/www/vendor/laravel/framework/src/Illuminate/Pipeline/Pipeline.php(209): Illuminate\\Foundation\\Http\\Middleware\\ConvertEmptyStringsToNull->handle(Object(Illuminate\\Http\\Request), Object(Closure))
#23 /var/www/vendor/laravel/framework/src/Illuminate/Foundation/Http/Middleware/TransformsRequest.php(21): Illuminate\\Pipeline\\Pipeline->Illuminate\\Pipeline\\{closure}(Object(Illuminate\\Http\\Request))
#24 /var/www/vendor/laravel/framework/src/Illuminate/Foundation/Http/Middleware/TrimStrings.php(51): Illuminate\\Foundation\\Http\\Middleware\\TransformsRequest->handle(Object(Illuminate\\Http\\Request), Object(Closure))
#25 /var/www/vendor/laravel/framework/src/Illuminate/Pipeline/Pipeline.php(209): Illuminate\\Foundation\\Http\\Middleware\\TrimStrings->handle(Object(Illuminate\\Http\\Request), Object(Closure))
#26 /var/www/vendor/laravel/framework/src/Illuminate/Http/Middleware/ValidatePostSize.php(27): Illuminate\\Pipeline\\Pipeline->Illuminate\\Pipeline\\{closure}(Object(Illuminate\\Http\\Request))
#27 /var/www/vendor/laravel/framework/src/Illuminate/Pipeline/Pipeline.php(209): Illuminate\\Http\\Middleware\\ValidatePostSize->handle(Object(Illuminate\\Http\\Request), Object(Closure))
#28 /var/www/vendor/laravel/framework/src/Illuminate/Foundation/Http/Middleware/PreventRequestsDuringMaintenance.php(110): Illuminate\\Pipeline\\Pipeline->Illuminate\\Pipeline\\{closure}(Object(Illuminate\\Http\\Request))
#29 /var/www/vendor/laravel/framework/src/Illuminate/Pipeline/Pipeline.php(209): Illuminate\\Foundation\\Http\\Middleware\\PreventRequestsDuringMaintenance->handle(Object(Illuminate\\Http\\Request), Object(Closure))
#30 /var/www/vendor/laravel/framework/src/Illuminate/Http/Middleware/HandleCors.php(62): Illuminate\\Pipeline\\Pipeline->Illuminate\\Pipeline\\{closure}(Object(Illuminate\\Http\\Request))
#31 /var/www/vendor/laravel/framework/src/Illuminate/Pipeline/Pipeline.php(209): Illuminate\\Http\\Middleware\\HandleCors->handle(Object(Illuminate\\Http\\Request), Object(Closure))
#32 /var/www/vendor/laravel/framework/src/Illuminate/Http/Middleware/TrustProxies.php(58): Illuminate\\Pipeline\\Pipeline->Illuminate\\Pipeline\\{closure}(Object(Illuminate\\Http\\Request))
#33 /var/www/vendor/laravel/framework/src/Illuminate/Pipeline/Pipeline.php(209): Illuminate\\Http\\Middleware\\TrustProxies->handle(Object(Illuminate\\Http\\Request), Object(Closure))
#34 /var/www/vendor/laravel/framework/src/Illuminate/Foundation/Http/Middleware/InvokeDeferredCallbacks.php(22): Illuminate\\Pipeline\\Pipeline->Illuminate\\Pipeline\\{closure}(Object(Illuminate\\Http\\Request))
#35 /var/www/vendor/laravel/framework/src/Illuminate/Pipeline/Pipeline.php(209): Illuminate\\Foundation\\Http\\Middleware\\InvokeDeferredCallbacks->handle(Object(Illuminate\\Http\\Request), Object(Closure))
#36 /var/www/vendor/laravel/framework/src/Illuminate/Pipeline/Pipeline.php(127): Illuminate\\Pipeline\\Pipeline->Illuminate\\Pipeline\\{closure}(Object(Illuminate\\Http\\Request))
#37 /var/www/vendor/laravel/framework/src/Illuminate/Foundation/Http/Kernel.php(176): Illuminate\\Pipeline\\Pipeline->then(Object(Closure))
#38 /var/www/vendor/laravel/framework/src/Illuminate/Foundation/Http/Kernel.php(145): Illuminate\\Foundation\\Http\\Kernel->sendRequestThroughRouter(Object(Illuminate\\Http\\Request))
#39 /var/www/public/index.php(11): Illuminate\\Foundation\\Http\\Kernel->handle(Object(Illuminate\\Http\\Request))
#40 /var/www/vendor/laravel/framework/src/Illuminate/Foundation/resources/server.php(23): require_once('/var/www/public...')
#41 {main}
"} 
[2025-08-30 10:15:06] local.ERROR: There are no commands defined in the "log" namespace. {"exception":"[object] (Symfony\\Component\\Console\\Exception\\NamespaceNotFoundException(code: 0): There are no commands defined in the \"log\" namespace. at /var/www/vendor/symfony/console/Application.php:659)
[stacktrace]
#0 /var/www/vendor/symfony/console/Application.php(708): Symfony\\Component\\Console\\Application->findNamespace('log')
#1 /var/www/vendor/symfony/console/Application.php(283): Symfony\\Component\\Console\\Application->find('log:clear')
#2 /var/www/vendor/symfony/console/Application.php(192): Symfony\\Component\\Console\\Application->doRun(Object(Symfony\\Component\\Console\\Input\\ArgvInput), Object(Symfony\\Component\\Console\\Output\\ConsoleOutput))
#3 /var/www/vendor/laravel/framework/src/Illuminate/Foundation/Console/Kernel.php(198): Symfony\\Component\\Console\\Application->run(Object(Symfony\\Component\\Console\\Input\\ArgvInput), Object(Symfony\\Component\\Console\\Output\\ConsoleOutput))
#4 /var/www/vendor/laravel/framework/src/Illuminate/Foundation/Application.php(1235): Illuminate\\Foundation\\Console\\Kernel->handle(Object(Symfony\\Component\\Console\\Input\\ArgvInput), Object(Symfony\\Component\\Console\\Output\\ConsoleOutput))
#5 /var/www/artisan(13): Illuminate\\Foundation\\Application->handleCommand(Object(Symfony\\Component\\Console\\Input\\ArgvInput))
#6 {main}
"} 
[2025-08-30 10:21:00] local.ERROR: Route [login] not defined. {"exception":"[object] (Symfony\\Component\\Routing\\Exception\\RouteNotFoundException(code: 0): Route [login] not defined. at /var/www/vendor/laravel/framework/src/Illuminate/Routing/UrlGenerator.php:517)
[stacktrace]
#0 /var/www/vendor/laravel/framework/src/Illuminate/Foundation/helpers.php(853): Illuminate\\Routing\\UrlGenerator->route('login', Array, true)
#1 /var/www/vendor/laravel/framework/src/Illuminate/Foundation/Configuration/ApplicationBuilder.php(278): route('login')
#2 [internal function]: Illuminate\\Foundation\\Configuration\\ApplicationBuilder->Illuminate\\Foundation\\Configuration\\{closure}(Object(Illuminate\\Http\\Request))
#3 /var/www/vendor/laravel/framework/src/Illuminate/Auth/Middleware/Authenticate.php(118): call_user_func(Object(Closure), Object(Illuminate\\Http\\Request))
#4 /var/www/vendor/laravel/framework/src/Illuminate/Auth/Middleware/Authenticate.php(105): Illuminate\\Auth\\Middleware\\Authenticate->redirectTo(Object(Illuminate\\Http\\Request))
#5 /var/www/vendor/laravel/framework/src/Illuminate/Auth/Middleware/Authenticate.php(88): Illuminate\\Auth\\Middleware\\Authenticate->unauthenticated(Object(Illuminate\\Http\\Request), Array)
#6 /var/www/vendor/laravel/framework/src/Illuminate/Auth/Middleware/Authenticate.php(62): Illuminate\\Auth\\Middleware\\Authenticate->authenticate(Object(Illuminate\\Http\\Request), Array)
#7 /var/www/vendor/laravel/framework/src/Illuminate/Pipeline/Pipeline.php(209): Illuminate\\Auth\\Middleware\\Authenticate->handle(Object(Illuminate\\Http\\Request), Object(Closure), 'sanctum')
#8 /var/www/vendor/laravel/sanctum/src/Http/Middleware/EnsureFrontendRequestsAreStateful.php(26): Illuminate\\Pipeline\\Pipeline->Illuminate\\Pipeline\\{closure}(Object(Illuminate\\Http\\Request))
#9 /var/www/vendor/laravel/framework/src/Illuminate/Pipeline/Pipeline.php(170): Laravel\\Sanctum\\Http\\Middleware\\EnsureFrontendRequestsAreStateful->Laravel\\Sanctum\\Http\\Middleware\\{closure}(Object(Illuminate\\Http\\Request))
#10 /var/www/vendor/laravel/framework/src/Illuminate/Pipeline/Pipeline.php(127): Illuminate\\Pipeline\\Pipeline->Illuminate\\Pipeline\\{closure}(Object(Illuminate\\Http\\Request))
#11 /var/www/vendor/laravel/sanctum/src/Http/Middleware/EnsureFrontendRequestsAreStateful.php(25): Illuminate\\Pipeline\\Pipeline->then(Object(Closure))
#12 /var/www/vendor/laravel/framework/src/Illuminate/Pipeline/Pipeline.php(209): Laravel\\Sanctum\\Http\\Middleware\\EnsureFrontendRequestsAreStateful->handle(Object(Illuminate\\Http\\Request), Object(Closure))
#13 /var/www/vendor/laravel/framework/src/Illuminate/Pipeline/Pipeline.php(127): Illuminate\\Pipeline\\Pipeline->Illuminate\\Pipeline\\{closure}(Object(Illuminate\\Http\\Request))
#14 /var/www/vendor/laravel/framework/src/Illuminate/Routing/Router.php(807): Illuminate\\Pipeline\\Pipeline->then(Object(Closure))
#15 /var/www/vendor/laravel/framework/src/Illuminate/Routing/Router.php(786): Illuminate\\Routing\\Router->runRouteWithinStack(Object(Illuminate\\Routing\\Route), Object(Illuminate\\Http\\Request))
#16 /var/www/vendor/laravel/framework/src/Illuminate/Routing/Router.php(750): Illuminate\\Routing\\Router->runRoute(Object(Illuminate\\Http\\Request), Object(Illuminate\\Routing\\Route))
#17 /var/www/vendor/laravel/framework/src/Illuminate/Routing/Router.php(739): Illuminate\\Routing\\Router->dispatchToRoute(Object(Illuminate\\Http\\Request))
#18 /var/www/vendor/laravel/framework/src/Illuminate/Foundation/Http/Kernel.php(201): Illuminate\\Routing\\Router->dispatch(Object(Illuminate\\Http\\Request))
#19 /var/www/vendor/laravel/framework/src/Illuminate/Pipeline/Pipeline.php(170): Illuminate\\Foundation\\Http\\Kernel->Illuminate\\Foundation\\Http\\{closure}(Object(Illuminate\\Http\\Request))
#20 /var/www/vendor/laravel/framework/src/Illuminate/Foundation/Http/Middleware/TransformsRequest.php(21): Illuminate\\Pipeline\\Pipeline->Illuminate\\Pipeline\\{closure}(Object(Illuminate\\Http\\Request))
#21 /var/www/vendor/laravel/framework/src/Illuminate/Foundation/Http/Middleware/ConvertEmptyStringsToNull.php(31): Illuminate\\Foundation\\Http\\Middleware\\TransformsRequest->handle(Object(Illuminate\\Http\\Request), Object(Closure))
#22 /var/www/vendor/laravel/framework/src/Illuminate/Pipeline/Pipeline.php(209): Illuminate\\Foundation\\Http\\Middleware\\ConvertEmptyStringsToNull->handle(Object(Illuminate\\Http\\Request), Object(Closure))
#23 /var/www/vendor/laravel/framework/src/Illuminate/Foundation/Http/Middleware/TransformsRequest.php(21): Illuminate\\Pipeline\\Pipeline->Illuminate\\Pipeline\\{closure}(Object(Illuminate\\Http\\Request))
#24 /var/www/vendor/laravel/framework/src/Illuminate/Foundation/Http/Middleware/TrimStrings.php(51): Illuminate\\Foundation\\Http\\Middleware\\TransformsRequest->handle(Object(Illuminate\\Http\\Request), Object(Closure))
#25 /var/www/vendor/laravel/framework/src/Illuminate/Pipeline/Pipeline.php(209): Illuminate\\Foundation\\Http\\Middleware\\TrimStrings->handle(Object(Illuminate\\Http\\Request), Object(Closure))
#26 /var/www/vendor/laravel/framework/src/Illuminate/Http/Middleware/ValidatePostSize.php(27): Illuminate\\Pipeline\\Pipeline->Illuminate\\Pipeline\\{closure}(Object(Illuminate\\Http\\Request))
#27 /var/www/vendor/laravel/framework/src/Illuminate/Pipeline/Pipeline.php(209): Illuminate\\Http\\Middleware\\ValidatePostSize->handle(Object(Illuminate\\Http\\Request), Object(Closure))
#28 /var/www/vendor/laravel/framework/src/Illuminate/Foundation/Http/Middleware/PreventRequestsDuringMaintenance.php(110): Illuminate\\Pipeline\\Pipeline->Illuminate\\Pipeline\\{closure}(Object(Illuminate\\Http\\Request))
#29 /var/www/vendor/laravel/framework/src/Illuminate/Pipeline/Pipeline.php(209): Illuminate\\Foundation\\Http\\Middleware\\PreventRequestsDuringMaintenance->handle(Object(Illuminate\\Http\\Request), Object(Closure))
#30 /var/www/vendor/laravel/framework/src/Illuminate/Http/Middleware/HandleCors.php(62): Illuminate\\Pipeline\\Pipeline->Illuminate\\Pipeline\\{closure}(Object(Illuminate\\Http\\Request))
#31 /var/www/vendor/laravel/framework/src/Illuminate/Pipeline/Pipeline.php(209): Illuminate\\Http\\Middleware\\HandleCors->handle(Object(Illuminate\\Http\\Request), Object(Closure))
#32 /var/www/vendor/laravel/framework/src/Illuminate/Http/Middleware/TrustProxies.php(58): Illuminate\\Pipeline\\Pipeline->Illuminate\\Pipeline\\{closure}(Object(Illuminate\\Http\\Request))
#33 /var/www/vendor/laravel/framework/src/Illuminate/Pipeline/Pipeline.php(209): Illuminate\\Http\\Middleware\\TrustProxies->handle(Object(Illuminate\\Http\\Request), Object(Closure))
#34 /var/www/vendor/laravel/framework/src/Illuminate/Foundation/Http/Middleware/InvokeDeferredCallbacks.php(22): Illuminate\\Pipeline\\Pipeline->Illuminate\\Pipeline\\{closure}(Object(Illuminate\\Http\\Request))
#35 /var/www/vendor/laravel/framework/src/Illuminate/Pipeline/Pipeline.php(209): Illuminate\\Foundation\\Http\\Middleware\\InvokeDeferredCallbacks->handle(Object(Illuminate\\Http\\Request), Object(Closure))
#36 /var/www/vendor/laravel/framework/src/Illuminate/Pipeline/Pipeline.php(127): Illuminate\\Pipeline\\Pipeline->Illuminate\\Pipeline\\{closure}(Object(Illuminate\\Http\\Request))
#37 /var/www/vendor/laravel/framework/src/Illuminate/Foundation/Http/Kernel.php(176): Illuminate\\Pipeline\\Pipeline->then(Object(Closure))
#38 /var/www/vendor/laravel/framework/src/Illuminate/Foundation/Http/Kernel.php(145): Illuminate\\Foundation\\Http\\Kernel->sendRequestThroughRouter(Object(Illuminate\\Http\\Request))
#39 /var/www/public/index.php(11): Illuminate\\Foundation\\Http\\Kernel->handle(Object(Illuminate\\Http\\Request))
#40 /var/www/vendor/laravel/framework/src/Illuminate/Foundation/resources/server.php(23): require_once('/var/www/public...')
#41 {main}
"} 
[2025-08-30 10:21:11] local.ERROR: Route [login] not defined. {"exception":"[object] (Symfony\\Component\\Routing\\Exception\\RouteNotFoundException(code: 0): Route [login] not defined. at /var/www/vendor/laravel/framework/src/Illuminate/Routing/UrlGenerator.php:517)
[stacktrace]
#0 /var/www/vendor/laravel/framework/src/Illuminate/Foundation/helpers.php(853): Illuminate\\Routing\\UrlGenerator->route('login', Array, true)
#1 /var/www/vendor/laravel/framework/src/Illuminate/Foundation/Configuration/ApplicationBuilder.php(278): route('login')
#2 [internal function]: Illuminate\\Foundation\\Configuration\\ApplicationBuilder->Illuminate\\Foundation\\Configuration\\{closure}(Object(Illuminate\\Http\\Request))
#3 /var/www/vendor/laravel/framework/src/Illuminate/Auth/Middleware/Authenticate.php(118): call_user_func(Object(Closure), Object(Illuminate\\Http\\Request))
#4 /var/www/vendor/laravel/framework/src/Illuminate/Auth/Middleware/Authenticate.php(105): Illuminate\\Auth\\Middleware\\Authenticate->redirectTo(Object(Illuminate\\Http\\Request))
#5 /var/www/vendor/laravel/framework/src/Illuminate/Auth/Middleware/Authenticate.php(88): Illuminate\\Auth\\Middleware\\Authenticate->unauthenticated(Object(Illuminate\\Http\\Request), Array)
#6 /var/www/vendor/laravel/framework/src/Illuminate/Auth/Middleware/Authenticate.php(62): Illuminate\\Auth\\Middleware\\Authenticate->authenticate(Object(Illuminate\\Http\\Request), Array)
#7 /var/www/vendor/laravel/framework/src/Illuminate/Pipeline/Pipeline.php(209): Illuminate\\Auth\\Middleware\\Authenticate->handle(Object(Illuminate\\Http\\Request), Object(Closure), 'sanctum')
#8 /var/www/vendor/laravel/sanctum/src/Http/Middleware/EnsureFrontendRequestsAreStateful.php(26): Illuminate\\Pipeline\\Pipeline->Illuminate\\Pipeline\\{closure}(Object(Illuminate\\Http\\Request))
#9 /var/www/vendor/laravel/framework/src/Illuminate/Pipeline/Pipeline.php(170): Laravel\\Sanctum\\Http\\Middleware\\EnsureFrontendRequestsAreStateful->Laravel\\Sanctum\\Http\\Middleware\\{closure}(Object(Illuminate\\Http\\Request))
#10 /var/www/vendor/laravel/framework/src/Illuminate/Pipeline/Pipeline.php(127): Illuminate\\Pipeline\\Pipeline->Illuminate\\Pipeline\\{closure}(Object(Illuminate\\Http\\Request))
#11 /var/www/vendor/laravel/sanctum/src/Http/Middleware/EnsureFrontendRequestsAreStateful.php(25): Illuminate\\Pipeline\\Pipeline->then(Object(Closure))
#12 /var/www/vendor/laravel/framework/src/Illuminate/Pipeline/Pipeline.php(209): Laravel\\Sanctum\\Http\\Middleware\\EnsureFrontendRequestsAreStateful->handle(Object(Illuminate\\Http\\Request), Object(Closure))
#13 /var/www/vendor/laravel/framework/src/Illuminate/Pipeline/Pipeline.php(127): Illuminate\\Pipeline\\Pipeline->Illuminate\\Pipeline\\{closure}(Object(Illuminate\\Http\\Request))
#14 /var/www/vendor/laravel/framework/src/Illuminate/Routing/Router.php(807): Illuminate\\Pipeline\\Pipeline->then(Object(Closure))
#15 /var/www/vendor/laravel/framework/src/Illuminate/Routing/Router.php(786): Illuminate\\Routing\\Router->runRouteWithinStack(Object(Illuminate\\Routing\\Route), Object(Illuminate\\Http\\Request))
#16 /var/www/vendor/laravel/framework/src/Illuminate/Routing/Router.php(750): Illuminate\\Routing\\Router->runRoute(Object(Illuminate\\Http\\Request), Object(Illuminate\\Routing\\Route))
#17 /var/www/vendor/laravel/framework/src/Illuminate/Routing/Router.php(739): Illuminate\\Routing\\Router->dispatchToRoute(Object(Illuminate\\Http\\Request))
#18 /var/www/vendor/laravel/framework/src/Illuminate/Foundation/Http/Kernel.php(201): Illuminate\\Routing\\Router->dispatch(Object(Illuminate\\Http\\Request))
#19 /var/www/vendor/laravel/framework/src/Illuminate/Pipeline/Pipeline.php(170): Illuminate\\Foundation\\Http\\Kernel->Illuminate\\Foundation\\Http\\{closure}(Object(Illuminate\\Http\\Request))
#20 /var/www/vendor/laravel/framework/src/Illuminate/Foundation/Http/Middleware/TransformsRequest.php(21): Illuminate\\Pipeline\\Pipeline->Illuminate\\Pipeline\\{closure}(Object(Illuminate\\Http\\Request))
#21 /var/www/vendor/laravel/framework/src/Illuminate/Foundation/Http/Middleware/ConvertEmptyStringsToNull.php(31): Illuminate\\Foundation\\Http\\Middleware\\TransformsRequest->handle(Object(Illuminate\\Http\\Request), Object(Closure))
#22 /var/www/vendor/laravel/framework/src/Illuminate/Pipeline/Pipeline.php(209): Illuminate\\Foundation\\Http\\Middleware\\ConvertEmptyStringsToNull->handle(Object(Illuminate\\Http\\Request), Object(Closure))
#23 /var/www/vendor/laravel/framework/src/Illuminate/Foundation/Http/Middleware/TransformsRequest.php(21): Illuminate\\Pipeline\\Pipeline->Illuminate\\Pipeline\\{closure}(Object(Illuminate\\Http\\Request))
#24 /var/www/vendor/laravel/framework/src/Illuminate/Foundation/Http/Middleware/TrimStrings.php(51): Illuminate\\Foundation\\Http\\Middleware\\TransformsRequest->handle(Object(Illuminate\\Http\\Request), Object(Closure))
#25 /var/www/vendor/laravel/framework/src/Illuminate/Pipeline/Pipeline.php(209): Illuminate\\Foundation\\Http\\Middleware\\TrimStrings->handle(Object(Illuminate\\Http\\Request), Object(Closure))
#26 /var/www/vendor/laravel/framework/src/Illuminate/Http/Middleware/ValidatePostSize.php(27): Illuminate\\Pipeline\\Pipeline->Illuminate\\Pipeline\\{closure}(Object(Illuminate\\Http\\Request))
#27 /var/www/vendor/laravel/framework/src/Illuminate/Pipeline/Pipeline.php(209): Illuminate\\Http\\Middleware\\ValidatePostSize->handle(Object(Illuminate\\Http\\Request), Object(Closure))
#28 /var/www/vendor/laravel/framework/src/Illuminate/Foundation/Http/Middleware/PreventRequestsDuringMaintenance.php(110): Illuminate\\Pipeline\\Pipeline->Illuminate\\Pipeline\\{closure}(Object(Illuminate\\Http\\Request))
#29 /var/www/vendor/laravel/framework/src/Illuminate/Pipeline/Pipeline.php(209): Illuminate\\Foundation\\Http\\Middleware\\PreventRequestsDuringMaintenance->handle(Object(Illuminate\\Http\\Request), Object(Closure))
#30 /var/www/vendor/laravel/framework/src/Illuminate/Http/Middleware/HandleCors.php(62): Illuminate\\Pipeline\\Pipeline->Illuminate\\Pipeline\\{closure}(Object(Illuminate\\Http\\Request))
#31 /var/www/vendor/laravel/framework/src/Illuminate/Pipeline/Pipeline.php(209): Illuminate\\Http\\Middleware\\HandleCors->handle(Object(Illuminate\\Http\\Request), Object(Closure))
#32 /var/www/vendor/laravel/framework/src/Illuminate/Http/Middleware/TrustProxies.php(58): Illuminate\\Pipeline\\Pipeline->Illuminate\\Pipeline\\{closure}(Object(Illuminate\\Http\\Request))
#33 /var/www/vendor/laravel/framework/src/Illuminate/Pipeline/Pipeline.php(209): Illuminate\\Http\\Middleware\\TrustProxies->handle(Object(Illuminate\\Http\\Request), Object(Closure))
#34 /var/www/vendor/laravel/framework/src/Illuminate/Foundation/Http/Middleware/InvokeDeferredCallbacks.php(22): Illuminate\\Pipeline\\Pipeline->Illuminate\\Pipeline\\{closure}(Object(Illuminate\\Http\\Request))
#35 /var/www/vendor/laravel/framework/src/Illuminate/Pipeline/Pipeline.php(209): Illuminate\\Foundation\\Http\\Middleware\\InvokeDeferredCallbacks->handle(Object(Illuminate\\Http\\Request), Object(Closure))
#36 /var/www/vendor/laravel/framework/src/Illuminate/Pipeline/Pipeline.php(127): Illuminate\\Pipeline\\Pipeline->Illuminate\\Pipeline\\{closure}(Object(Illuminate\\Http\\Request))
#37 /var/www/vendor/laravel/framework/src/Illuminate/Foundation/Http/Kernel.php(176): Illuminate\\Pipeline\\Pipeline->then(Object(Closure))
#38 /var/www/vendor/laravel/framework/src/Illuminate/Foundation/Http/Kernel.php(145): Illuminate\\Foundation\\Http\\Kernel->sendRequestThroughRouter(Object(Illuminate\\Http\\Request))
#39 /var/www/public/index.php(11): Illuminate\\Foundation\\Http\\Kernel->handle(Object(Illuminate\\Http\\Request))
#40 /var/www/vendor/laravel/framework/src/Illuminate/Foundation/resources/server.php(23): require_once('/var/www/public...')
#41 {main}
"} 
[2025-08-30 10:36:11] local.ERROR: Route [login] not defined. {"exception":"[object] (Symfony\\Component\\Routing\\Exception\\RouteNotFoundException(code: 0): Route [login] not defined. at /var/www/vendor/laravel/framework/src/Illuminate/Routing/UrlGenerator.php:517)
[stacktrace]
#0 /var/www/vendor/laravel/framework/src/Illuminate/Foundation/helpers.php(853): Illuminate\\Routing\\UrlGenerator->route('login', Array, true)
#1 /var/www/vendor/laravel/framework/src/Illuminate/Foundation/Configuration/ApplicationBuilder.php(278): route('login')
#2 [internal function]: Illuminate\\Foundation\\Configuration\\ApplicationBuilder->Illuminate\\Foundation\\Configuration\\{closure}(Object(Illuminate\\Http\\Request))
#3 /var/www/vendor/laravel/framework/src/Illuminate/Auth/Middleware/Authenticate.php(118): call_user_func(Object(Closure), Object(Illuminate\\Http\\Request))
#4 /var/www/vendor/laravel/framework/src/Illuminate/Auth/Middleware/Authenticate.php(105): Illuminate\\Auth\\Middleware\\Authenticate->redirectTo(Object(Illuminate\\Http\\Request))
#5 /var/www/vendor/laravel/framework/src/Illuminate/Auth/Middleware/Authenticate.php(88): Illuminate\\Auth\\Middleware\\Authenticate->unauthenticated(Object(Illuminate\\Http\\Request), Array)
#6 /var/www/vendor/laravel/framework/src/Illuminate/Auth/Middleware/Authenticate.php(62): Illuminate\\Auth\\Middleware\\Authenticate->authenticate(Object(Illuminate\\Http\\Request), Array)
#7 /var/www/vendor/laravel/framework/src/Illuminate/Pipeline/Pipeline.php(209): Illuminate\\Auth\\Middleware\\Authenticate->handle(Object(Illuminate\\Http\\Request), Object(Closure), 'sanctum')
#8 /var/www/vendor/laravel/sanctum/src/Http/Middleware/EnsureFrontendRequestsAreStateful.php(26): Illuminate\\Pipeline\\Pipeline->Illuminate\\Pipeline\\{closure}(Object(Illuminate\\Http\\Request))
#9 /var/www/vendor/laravel/framework/src/Illuminate/Pipeline/Pipeline.php(170): Laravel\\Sanctum\\Http\\Middleware\\EnsureFrontendRequestsAreStateful->Laravel\\Sanctum\\Http\\Middleware\\{closure}(Object(Illuminate\\Http\\Request))
#10 /var/www/vendor/laravel/framework/src/Illuminate/Pipeline/Pipeline.php(127): Illuminate\\Pipeline\\Pipeline->Illuminate\\Pipeline\\{closure}(Object(Illuminate\\Http\\Request))
#11 /var/www/vendor/laravel/sanctum/src/Http/Middleware/EnsureFrontendRequestsAreStateful.php(25): Illuminate\\Pipeline\\Pipeline->then(Object(Closure))
#12 /var/www/vendor/laravel/framework/src/Illuminate/Pipeline/Pipeline.php(209): Laravel\\Sanctum\\Http\\Middleware\\EnsureFrontendRequestsAreStateful->handle(Object(Illuminate\\Http\\Request), Object(Closure))
#13 /var/www/vendor/laravel/framework/src/Illuminate/Pipeline/Pipeline.php(127): Illuminate\\Pipeline\\Pipeline->Illuminate\\Pipeline\\{closure}(Object(Illuminate\\Http\\Request))
#14 /var/www/vendor/laravel/framework/src/Illuminate/Routing/Router.php(807): Illuminate\\Pipeline\\Pipeline->then(Object(Closure))
#15 /var/www/vendor/laravel/framework/src/Illuminate/Routing/Router.php(786): Illuminate\\Routing\\Router->runRouteWithinStack(Object(Illuminate\\Routing\\Route), Object(Illuminate\\Http\\Request))
#16 /var/www/vendor/laravel/framework/src/Illuminate/Routing/Router.php(750): Illuminate\\Routing\\Router->runRoute(Object(Illuminate\\Http\\Request), Object(Illuminate\\Routing\\Route))
#17 /var/www/vendor/laravel/framework/src/Illuminate/Routing/Router.php(739): Illuminate\\Routing\\Router->dispatchToRoute(Object(Illuminate\\Http\\Request))
#18 /var/www/vendor/laravel/framework/src/Illuminate/Foundation/Http/Kernel.php(201): Illuminate\\Routing\\Router->dispatch(Object(Illuminate\\Http\\Request))
#19 /var/www/vendor/laravel/framework/src/Illuminate/Pipeline/Pipeline.php(170): Illuminate\\Foundation\\Http\\Kernel->Illuminate\\Foundation\\Http\\{closure}(Object(Illuminate\\Http\\Request))
#20 /var/www/vendor/laravel/framework/src/Illuminate/Foundation/Http/Middleware/TransformsRequest.php(21): Illuminate\\Pipeline\\Pipeline->Illuminate\\Pipeline\\{closure}(Object(Illuminate\\Http\\Request))
#21 /var/www/vendor/laravel/framework/src/Illuminate/Foundation/Http/Middleware/ConvertEmptyStringsToNull.php(31): Illuminate\\Foundation\\Http\\Middleware\\TransformsRequest->handle(Object(Illuminate\\Http\\Request), Object(Closure))
#22 /var/www/vendor/laravel/framework/src/Illuminate/Pipeline/Pipeline.php(209): Illuminate\\Foundation\\Http\\Middleware\\ConvertEmptyStringsToNull->handle(Object(Illuminate\\Http\\Request), Object(Closure))
#23 /var/www/vendor/laravel/framework/src/Illuminate/Foundation/Http/Middleware/TransformsRequest.php(21): Illuminate\\Pipeline\\Pipeline->Illuminate\\Pipeline\\{closure}(Object(Illuminate\\Http\\Request))
#24 /var/www/vendor/laravel/framework/src/Illuminate/Foundation/Http/Middleware/TrimStrings.php(51): Illuminate\\Foundation\\Http\\Middleware\\TransformsRequest->handle(Object(Illuminate\\Http\\Request), Object(Closure))
#25 /var/www/vendor/laravel/framework/src/Illuminate/Pipeline/Pipeline.php(209): Illuminate\\Foundation\\Http\\Middleware\\TrimStrings->handle(Object(Illuminate\\Http\\Request), Object(Closure))
#26 /var/www/vendor/laravel/framework/src/Illuminate/Http/Middleware/ValidatePostSize.php(27): Illuminate\\Pipeline\\Pipeline->Illuminate\\Pipeline\\{closure}(Object(Illuminate\\Http\\Request))
#27 /var/www/vendor/laravel/framework/src/Illuminate/Pipeline/Pipeline.php(209): Illuminate\\Http\\Middleware\\ValidatePostSize->handle(Object(Illuminate\\Http\\Request), Object(Closure))
#28 /var/www/vendor/laravel/framework/src/Illuminate/Foundation/Http/Middleware/PreventRequestsDuringMaintenance.php(110): Illuminate\\Pipeline\\Pipeline->Illuminate\\Pipeline\\{closure}(Object(Illuminate\\Http\\Request))
#29 /var/www/vendor/laravel/framework/src/Illuminate/Pipeline/Pipeline.php(209): Illuminate\\Foundation\\Http\\Middleware\\PreventRequestsDuringMaintenance->handle(Object(Illuminate\\Http\\Request), Object(Closure))
#30 /var/www/vendor/laravel/framework/src/Illuminate/Http/Middleware/HandleCors.php(62): Illuminate\\Pipeline\\Pipeline->Illuminate\\Pipeline\\{closure}(Object(Illuminate\\Http\\Request))
#31 /var/www/vendor/laravel/framework/src/Illuminate/Pipeline/Pipeline.php(209): Illuminate\\Http\\Middleware\\HandleCors->handle(Object(Illuminate\\Http\\Request), Object(Closure))
#32 /var/www/vendor/laravel/framework/src/Illuminate/Http/Middleware/TrustProxies.php(58): Illuminate\\Pipeline\\Pipeline->Illuminate\\Pipeline\\{closure}(Object(Illuminate\\Http\\Request))
#33 /var/www/vendor/laravel/framework/src/Illuminate/Pipeline/Pipeline.php(209): Illuminate\\Http\\Middleware\\TrustProxies->handle(Object(Illuminate\\Http\\Request), Object(Closure))
#34 /var/www/vendor/laravel/framework/src/Illuminate/Foundation/Http/Middleware/InvokeDeferredCallbacks.php(22): Illuminate\\Pipeline\\Pipeline->Illuminate\\Pipeline\\{closure}(Object(Illuminate\\Http\\Request))
#35 /var/www/vendor/laravel/framework/src/Illuminate/Pipeline/Pipeline.php(209): Illuminate\\Foundation\\Http\\Middleware\\InvokeDeferredCallbacks->handle(Object(Illuminate\\Http\\Request), Object(Closure))
#36 /var/www/vendor/laravel/framework/src/Illuminate/Pipeline/Pipeline.php(127): Illuminate\\Pipeline\\Pipeline->Illuminate\\Pipeline\\{closure}(Object(Illuminate\\Http\\Request))
#37 /var/www/vendor/laravel/framework/src/Illuminate/Foundation/Http/Kernel.php(176): Illuminate\\Pipeline\\Pipeline->then(Object(Closure))
#38 /var/www/vendor/laravel/framework/src/Illuminate/Foundation/Http/Kernel.php(145): Illuminate\\Foundation\\Http\\Kernel->sendRequestThroughRouter(Object(Illuminate\\Http\\Request))
#39 /var/www/public/index.php(11): Illuminate\\Foundation\\Http\\Kernel->handle(Object(Illuminate\\Http\\Request))
#40 /var/www/vendor/laravel/framework/src/Illuminate/Foundation/resources/server.php(23): require_once('/var/www/public...')
#41 {main}
"} 
[2025-08-30 10:36:30] local.ERROR: Route [login] not defined. {"exception":"[object] (Symfony\\Component\\Routing\\Exception\\RouteNotFoundException(code: 0): Route [login] not defined. at /var/www/vendor/laravel/framework/src/Illuminate/Routing/UrlGenerator.php:517)
[stacktrace]
#0 /var/www/vendor/laravel/framework/src/Illuminate/Foundation/helpers.php(853): Illuminate\\Routing\\UrlGenerator->route('login', Array, true)
#1 /var/www/vendor/laravel/framework/src/Illuminate/Foundation/Configuration/ApplicationBuilder.php(278): route('login')
#2 [internal function]: Illuminate\\Foundation\\Configuration\\ApplicationBuilder->Illuminate\\Foundation\\Configuration\\{closure}(Object(Illuminate\\Http\\Request))
#3 /var/www/vendor/laravel/framework/src/Illuminate/Auth/Middleware/Authenticate.php(118): call_user_func(Object(Closure), Object(Illuminate\\Http\\Request))
#4 /var/www/vendor/laravel/framework/src/Illuminate/Auth/Middleware/Authenticate.php(105): Illuminate\\Auth\\Middleware\\Authenticate->redirectTo(Object(Illuminate\\Http\\Request))
#5 /var/www/vendor/laravel/framework/src/Illuminate/Auth/Middleware/Authenticate.php(88): Illuminate\\Auth\\Middleware\\Authenticate->unauthenticated(Object(Illuminate\\Http\\Request), Array)
#6 /var/www/vendor/laravel/framework/src/Illuminate/Auth/Middleware/Authenticate.php(62): Illuminate\\Auth\\Middleware\\Authenticate->authenticate(Object(Illuminate\\Http\\Request), Array)
#7 /var/www/vendor/laravel/framework/src/Illuminate/Pipeline/Pipeline.php(209): Illuminate\\Auth\\Middleware\\Authenticate->handle(Object(Illuminate\\Http\\Request), Object(Closure), 'sanctum')
#8 /var/www/vendor/laravel/sanctum/src/Http/Middleware/EnsureFrontendRequestsAreStateful.php(26): Illuminate\\Pipeline\\Pipeline->Illuminate\\Pipeline\\{closure}(Object(Illuminate\\Http\\Request))
#9 /var/www/vendor/laravel/framework/src/Illuminate/Pipeline/Pipeline.php(170): Laravel\\Sanctum\\Http\\Middleware\\EnsureFrontendRequestsAreStateful->Laravel\\Sanctum\\Http\\Middleware\\{closure}(Object(Illuminate\\Http\\Request))
#10 /var/www/vendor/laravel/framework/src/Illuminate/Pipeline/Pipeline.php(127): Illuminate\\Pipeline\\Pipeline->Illuminate\\Pipeline\\{closure}(Object(Illuminate\\Http\\Request))
#11 /var/www/vendor/laravel/sanctum/src/Http/Middleware/EnsureFrontendRequestsAreStateful.php(25): Illuminate\\Pipeline\\Pipeline->then(Object(Closure))
#12 /var/www/vendor/laravel/framework/src/Illuminate/Pipeline/Pipeline.php(209): Laravel\\Sanctum\\Http\\Middleware\\EnsureFrontendRequestsAreStateful->handle(Object(Illuminate\\Http\\Request), Object(Closure))
#13 /var/www/vendor/laravel/framework/src/Illuminate/Pipeline/Pipeline.php(127): Illuminate\\Pipeline\\Pipeline->Illuminate\\Pipeline\\{closure}(Object(Illuminate\\Http\\Request))
#14 /var/www/vendor/laravel/framework/src/Illuminate/Routing/Router.php(807): Illuminate\\Pipeline\\Pipeline->then(Object(Closure))
#15 /var/www/vendor/laravel/framework/src/Illuminate/Routing/Router.php(786): Illuminate\\Routing\\Router->runRouteWithinStack(Object(Illuminate\\Routing\\Route), Object(Illuminate\\Http\\Request))
#16 /var/www/vendor/laravel/framework/src/Illuminate/Routing/Router.php(750): Illuminate\\Routing\\Router->runRoute(Object(Illuminate\\Http\\Request), Object(Illuminate\\Routing\\Route))
#17 /var/www/vendor/laravel/framework/src/Illuminate/Routing/Router.php(739): Illuminate\\Routing\\Router->dispatchToRoute(Object(Illuminate\\Http\\Request))
#18 /var/www/vendor/laravel/framework/src/Illuminate/Foundation/Http/Kernel.php(201): Illuminate\\Routing\\Router->dispatch(Object(Illuminate\\Http\\Request))
#19 /var/www/vendor/laravel/framework/src/Illuminate/Pipeline/Pipeline.php(170): Illuminate\\Foundation\\Http\\Kernel->Illuminate\\Foundation\\Http\\{closure}(Object(Illuminate\\Http\\Request))
#20 /var/www/vendor/laravel/framework/src/Illuminate/Foundation/Http/Middleware/TransformsRequest.php(21): Illuminate\\Pipeline\\Pipeline->Illuminate\\Pipeline\\{closure}(Object(Illuminate\\Http\\Request))
#21 /var/www/vendor/laravel/framework/src/Illuminate/Foundation/Http/Middleware/ConvertEmptyStringsToNull.php(31): Illuminate\\Foundation\\Http\\Middleware\\TransformsRequest->handle(Object(Illuminate\\Http\\Request), Object(Closure))
#22 /var/www/vendor/laravel/framework/src/Illuminate/Pipeline/Pipeline.php(209): Illuminate\\Foundation\\Http\\Middleware\\ConvertEmptyStringsToNull->handle(Object(Illuminate\\Http\\Request), Object(Closure))
#23 /var/www/vendor/laravel/framework/src/Illuminate/Foundation/Http/Middleware/TransformsRequest.php(21): Illuminate\\Pipeline\\Pipeline->Illuminate\\Pipeline\\{closure}(Object(Illuminate\\Http\\Request))
#24 /var/www/vendor/laravel/framework/src/Illuminate/Foundation/Http/Middleware/TrimStrings.php(51): Illuminate\\Foundation\\Http\\Middleware\\TransformsRequest->handle(Object(Illuminate\\Http\\Request), Object(Closure))
#25 /var/www/vendor/laravel/framework/src/Illuminate/Pipeline/Pipeline.php(209): Illuminate\\Foundation\\Http\\Middleware\\TrimStrings->handle(Object(Illuminate\\Http\\Request), Object(Closure))
#26 /var/www/vendor/laravel/framework/src/Illuminate/Http/Middleware/ValidatePostSize.php(27): Illuminate\\Pipeline\\Pipeline->Illuminate\\Pipeline\\{closure}(Object(Illuminate\\Http\\Request))
#27 /var/www/vendor/laravel/framework/src/Illuminate/Pipeline/Pipeline.php(209): Illuminate\\Http\\Middleware\\ValidatePostSize->handle(Object(Illuminate\\Http\\Request), Object(Closure))
#28 /var/www/vendor/laravel/framework/src/Illuminate/Foundation/Http/Middleware/PreventRequestsDuringMaintenance.php(110): Illuminate\\Pipeline\\Pipeline->Illuminate\\Pipeline\\{closure}(Object(Illuminate\\Http\\Request))
#29 /var/www/vendor/laravel/framework/src/Illuminate/Pipeline/Pipeline.php(209): Illuminate\\Foundation\\Http\\Middleware\\PreventRequestsDuringMaintenance->handle(Object(Illuminate\\Http\\Request), Object(Closure))
#30 /var/www/vendor/laravel/framework/src/Illuminate/Http/Middleware/HandleCors.php(62): Illuminate\\Pipeline\\Pipeline->Illuminate\\Pipeline\\{closure}(Object(Illuminate\\Http\\Request))
#31 /var/www/vendor/laravel/framework/src/Illuminate/Pipeline/Pipeline.php(209): Illuminate\\Http\\Middleware\\HandleCors->handle(Object(Illuminate\\Http\\Request), Object(Closure))
#32 /var/www/vendor/laravel/framework/src/Illuminate/Http/Middleware/TrustProxies.php(58): Illuminate\\Pipeline\\Pipeline->Illuminate\\Pipeline\\{closure}(Object(Illuminate\\Http\\Request))
#33 /var/www/vendor/laravel/framework/src/Illuminate/Pipeline/Pipeline.php(209): Illuminate\\Http\\Middleware\\TrustProxies->handle(Object(Illuminate\\Http\\Request), Object(Closure))
#34 /var/www/vendor/laravel/framework/src/Illuminate/Foundation/Http/Middleware/InvokeDeferredCallbacks.php(22): Illuminate\\Pipeline\\Pipeline->Illuminate\\Pipeline\\{closure}(Object(Illuminate\\Http\\Request))
#35 /var/www/vendor/laravel/framework/src/Illuminate/Pipeline/Pipeline.php(209): Illuminate\\Foundation\\Http\\Middleware\\InvokeDeferredCallbacks->handle(Object(Illuminate\\Http\\Request), Object(Closure))
#36 /var/www/vendor/laravel/framework/src/Illuminate/Pipeline/Pipeline.php(127): Illuminate\\Pipeline\\Pipeline->Illuminate\\Pipeline\\{closure}(Object(Illuminate\\Http\\Request))
#37 /var/www/vendor/laravel/framework/src/Illuminate/Foundation/Http/Kernel.php(176): Illuminate\\Pipeline\\Pipeline->then(Object(Closure))
#38 /var/www/vendor/laravel/framework/src/Illuminate/Foundation/Http/Kernel.php(145): Illuminate\\Foundation\\Http\\Kernel->sendRequestThroughRouter(Object(Illuminate\\Http\\Request))
#39 /var/www/public/index.php(11): Illuminate\\Foundation\\Http\\Kernel->handle(Object(Illuminate\\Http\\Request))
#40 /var/www/vendor/laravel/framework/src/Illuminate/Foundation/resources/server.php(23): require_once('/var/www/public...')
#41 {main}
"} 
[2025-08-30 10:36:47] local.ERROR: Route [login] not defined. {"exception":"[object] (Symfony\\Component\\Routing\\Exception\\RouteNotFoundException(code: 0): Route [login] not defined. at /var/www/vendor/laravel/framework/src/Illuminate/Routing/UrlGenerator.php:517)
[stacktrace]
#0 /var/www/vendor/laravel/framework/src/Illuminate/Foundation/helpers.php(853): Illuminate\\Routing\\UrlGenerator->route('login', Array, true)
#1 /var/www/vendor/laravel/framework/src/Illuminate/Foundation/Configuration/ApplicationBuilder.php(278): route('login')
#2 [internal function]: Illuminate\\Foundation\\Configuration\\ApplicationBuilder->Illuminate\\Foundation\\Configuration\\{closure}(Object(Illuminate\\Http\\Request))
#3 /var/www/vendor/laravel/framework/src/Illuminate/Auth/Middleware/Authenticate.php(118): call_user_func(Object(Closure), Object(Illuminate\\Http\\Request))
#4 /var/www/vendor/laravel/framework/src/Illuminate/Auth/Middleware/Authenticate.php(105): Illuminate\\Auth\\Middleware\\Authenticate->redirectTo(Object(Illuminate\\Http\\Request))
#5 /var/www/vendor/laravel/framework/src/Illuminate/Auth/Middleware/Authenticate.php(88): Illuminate\\Auth\\Middleware\\Authenticate->unauthenticated(Object(Illuminate\\Http\\Request), Array)
#6 /var/www/vendor/laravel/framework/src/Illuminate/Auth/Middleware/Authenticate.php(62): Illuminate\\Auth\\Middleware\\Authenticate->authenticate(Object(Illuminate\\Http\\Request), Array)
#7 /var/www/vendor/laravel/framework/src/Illuminate/Pipeline/Pipeline.php(209): Illuminate\\Auth\\Middleware\\Authenticate->handle(Object(Illuminate\\Http\\Request), Object(Closure), 'sanctum')
#8 /var/www/vendor/laravel/sanctum/src/Http/Middleware/EnsureFrontendRequestsAreStateful.php(26): Illuminate\\Pipeline\\Pipeline->Illuminate\\Pipeline\\{closure}(Object(Illuminate\\Http\\Request))
#9 /var/www/vendor/laravel/framework/src/Illuminate/Pipeline/Pipeline.php(170): Laravel\\Sanctum\\Http\\Middleware\\EnsureFrontendRequestsAreStateful->Laravel\\Sanctum\\Http\\Middleware\\{closure}(Object(Illuminate\\Http\\Request))
#10 /var/www/vendor/laravel/framework/src/Illuminate/Pipeline/Pipeline.php(127): Illuminate\\Pipeline\\Pipeline->Illuminate\\Pipeline\\{closure}(Object(Illuminate\\Http\\Request))
#11 /var/www/vendor/laravel/sanctum/src/Http/Middleware/EnsureFrontendRequestsAreStateful.php(25): Illuminate\\Pipeline\\Pipeline->then(Object(Closure))
#12 /var/www/vendor/laravel/framework/src/Illuminate/Pipeline/Pipeline.php(209): Laravel\\Sanctum\\Http\\Middleware\\EnsureFrontendRequestsAreStateful->handle(Object(Illuminate\\Http\\Request), Object(Closure))
#13 /var/www/vendor/laravel/framework/src/Illuminate/Pipeline/Pipeline.php(127): Illuminate\\Pipeline\\Pipeline->Illuminate\\Pipeline\\{closure}(Object(Illuminate\\Http\\Request))
#14 /var/www/vendor/laravel/framework/src/Illuminate/Routing/Router.php(807): Illuminate\\Pipeline\\Pipeline->then(Object(Closure))
#15 /var/www/vendor/laravel/framework/src/Illuminate/Routing/Router.php(786): Illuminate\\Routing\\Router->runRouteWithinStack(Object(Illuminate\\Routing\\Route), Object(Illuminate\\Http\\Request))
#16 /var/www/vendor/laravel/framework/src/Illuminate/Routing/Router.php(750): Illuminate\\Routing\\Router->runRoute(Object(Illuminate\\Http\\Request), Object(Illuminate\\Routing\\Route))
#17 /var/www/vendor/laravel/framework/src/Illuminate/Routing/Router.php(739): Illuminate\\Routing\\Router->dispatchToRoute(Object(Illuminate\\Http\\Request))
#18 /var/www/vendor/laravel/framework/src/Illuminate/Foundation/Http/Kernel.php(201): Illuminate\\Routing\\Router->dispatch(Object(Illuminate\\Http\\Request))
#19 /var/www/vendor/laravel/framework/src/Illuminate/Pipeline/Pipeline.php(170): Illuminate\\Foundation\\Http\\Kernel->Illuminate\\Foundation\\Http\\{closure}(Object(Illuminate\\Http\\Request))
#20 /var/www/vendor/laravel/framework/src/Illuminate/Foundation/Http/Middleware/TransformsRequest.php(21): Illuminate\\Pipeline\\Pipeline->Illuminate\\Pipeline\\{closure}(Object(Illuminate\\Http\\Request))
#21 /var/www/vendor/laravel/framework/src/Illuminate/Foundation/Http/Middleware/ConvertEmptyStringsToNull.php(31): Illuminate\\Foundation\\Http\\Middleware\\TransformsRequest->handle(Object(Illuminate\\Http\\Request), Object(Closure))
#22 /var/www/vendor/laravel/framework/src/Illuminate/Pipeline/Pipeline.php(209): Illuminate\\Foundation\\Http\\Middleware\\ConvertEmptyStringsToNull->handle(Object(Illuminate\\Http\\Request), Object(Closure))
#23 /var/www/vendor/laravel/framework/src/Illuminate/Foundation/Http/Middleware/TransformsRequest.php(21): Illuminate\\Pipeline\\Pipeline->Illuminate\\Pipeline\\{closure}(Object(Illuminate\\Http\\Request))
#24 /var/www/vendor/laravel/framework/src/Illuminate/Foundation/Http/Middleware/TrimStrings.php(51): Illuminate\\Foundation\\Http\\Middleware\\TransformsRequest->handle(Object(Illuminate\\Http\\Request), Object(Closure))
#25 /var/www/vendor/laravel/framework/src/Illuminate/Pipeline/Pipeline.php(209): Illuminate\\Foundation\\Http\\Middleware\\TrimStrings->handle(Object(Illuminate\\Http\\Request), Object(Closure))
#26 /var/www/vendor/laravel/framework/src/Illuminate/Http/Middleware/ValidatePostSize.php(27): Illuminate\\Pipeline\\Pipeline->Illuminate\\Pipeline\\{closure}(Object(Illuminate\\Http\\Request))
#27 /var/www/vendor/laravel/framework/src/Illuminate/Pipeline/Pipeline.php(209): Illuminate\\Http\\Middleware\\ValidatePostSize->handle(Object(Illuminate\\Http\\Request), Object(Closure))
#28 /var/www/vendor/laravel/framework/src/Illuminate/Foundation/Http/Middleware/PreventRequestsDuringMaintenance.php(110): Illuminate\\Pipeline\\Pipeline->Illuminate\\Pipeline\\{closure}(Object(Illuminate\\Http\\Request))
#29 /var/www/vendor/laravel/framework/src/Illuminate/Pipeline/Pipeline.php(209): Illuminate\\Foundation\\Http\\Middleware\\PreventRequestsDuringMaintenance->handle(Object(Illuminate\\Http\\Request), Object(Closure))
#30 /var/www/vendor/laravel/framework/src/Illuminate/Http/Middleware/HandleCors.php(62): Illuminate\\Pipeline\\Pipeline->Illuminate\\Pipeline\\{closure}(Object(Illuminate\\Http\\Request))
#31 /var/www/vendor/laravel/framework/src/Illuminate/Pipeline/Pipeline.php(209): Illuminate\\Http\\Middleware\\HandleCors->handle(Object(Illuminate\\Http\\Request), Object(Closure))
#32 /var/www/vendor/laravel/framework/src/Illuminate/Http/Middleware/TrustProxies.php(58): Illuminate\\Pipeline\\Pipeline->Illuminate\\Pipeline\\{closure}(Object(Illuminate\\Http\\Request))
#33 /var/www/vendor/laravel/framework/src/Illuminate/Pipeline/Pipeline.php(209): Illuminate\\Http\\Middleware\\TrustProxies->handle(Object(Illuminate\\Http\\Request), Object(Closure))
#34 /var/www/vendor/laravel/framework/src/Illuminate/Foundation/Http/Middleware/InvokeDeferredCallbacks.php(22): Illuminate\\Pipeline\\Pipeline->Illuminate\\Pipeline\\{closure}(Object(Illuminate\\Http\\Request))
#35 /var/www/vendor/laravel/framework/src/Illuminate/Pipeline/Pipeline.php(209): Illuminate\\Foundation\\Http\\Middleware\\InvokeDeferredCallbacks->handle(Object(Illuminate\\Http\\Request), Object(Closure))
#36 /var/www/vendor/laravel/framework/src/Illuminate/Pipeline/Pipeline.php(127): Illuminate\\Pipeline\\Pipeline->Illuminate\\Pipeline\\{closure}(Object(Illuminate\\Http\\Request))
#37 /var/www/vendor/laravel/framework/src/Illuminate/Foundation/Http/Kernel.php(176): Illuminate\\Pipeline\\Pipeline->then(Object(Closure))
#38 /var/www/vendor/laravel/framework/src/Illuminate/Foundation/Http/Kernel.php(145): Illuminate\\Foundation\\Http\\Kernel->sendRequestThroughRouter(Object(Illuminate\\Http\\Request))
#39 /var/www/public/index.php(11): Illuminate\\Foundation\\Http\\Kernel->handle(Object(Illuminate\\Http\\Request))
#40 /var/www/vendor/laravel/framework/src/Illuminate/Foundation/resources/server.php(23): require_once('/var/www/public...')
#41 {main}
"} 
[2025-08-30 10:57:41] local.ERROR: Route [login] not defined. {"exception":"[object] (Symfony\\Component\\Routing\\Exception\\RouteNotFoundException(code: 0): Route [login] not defined. at /var/www/vendor/laravel/framework/src/Illuminate/Routing/UrlGenerator.php:517)
[stacktrace]
#0 /var/www/vendor/laravel/framework/src/Illuminate/Foundation/helpers.php(853): Illuminate\\Routing\\UrlGenerator->route('login', Array, true)
#1 /var/www/vendor/laravel/framework/src/Illuminate/Foundation/Configuration/ApplicationBuilder.php(278): route('login')
#2 [internal function]: Illuminate\\Foundation\\Configuration\\ApplicationBuilder->Illuminate\\Foundation\\Configuration\\{closure}(Object(Illuminate\\Http\\Request))
#3 /var/www/vendor/laravel/framework/src/Illuminate/Auth/Middleware/Authenticate.php(118): call_user_func(Object(Closure), Object(Illuminate\\Http\\Request))
#4 /var/www/vendor/laravel/framework/src/Illuminate/Auth/Middleware/Authenticate.php(105): Illuminate\\Auth\\Middleware\\Authenticate->redirectTo(Object(Illuminate\\Http\\Request))
#5 /var/www/vendor/laravel/framework/src/Illuminate/Auth/Middleware/Authenticate.php(88): Illuminate\\Auth\\Middleware\\Authenticate->unauthenticated(Object(Illuminate\\Http\\Request), Array)
#6 /var/www/vendor/laravel/framework/src/Illuminate/Auth/Middleware/Authenticate.php(62): Illuminate\\Auth\\Middleware\\Authenticate->authenticate(Object(Illuminate\\Http\\Request), Array)
#7 /var/www/vendor/laravel/framework/src/Illuminate/Pipeline/Pipeline.php(209): Illuminate\\Auth\\Middleware\\Authenticate->handle(Object(Illuminate\\Http\\Request), Object(Closure), 'sanctum')
#8 /var/www/vendor/laravel/sanctum/src/Http/Middleware/EnsureFrontendRequestsAreStateful.php(26): Illuminate\\Pipeline\\Pipeline->Illuminate\\Pipeline\\{closure}(Object(Illuminate\\Http\\Request))
#9 /var/www/vendor/laravel/framework/src/Illuminate/Pipeline/Pipeline.php(170): Laravel\\Sanctum\\Http\\Middleware\\EnsureFrontendRequestsAreStateful->Laravel\\Sanctum\\Http\\Middleware\\{closure}(Object(Illuminate\\Http\\Request))
#10 /var/www/vendor/laravel/framework/src/Illuminate/Pipeline/Pipeline.php(127): Illuminate\\Pipeline\\Pipeline->Illuminate\\Pipeline\\{closure}(Object(Illuminate\\Http\\Request))
#11 /var/www/vendor/laravel/sanctum/src/Http/Middleware/EnsureFrontendRequestsAreStateful.php(25): Illuminate\\Pipeline\\Pipeline->then(Object(Closure))
#12 /var/www/vendor/laravel/framework/src/Illuminate/Pipeline/Pipeline.php(209): Laravel\\Sanctum\\Http\\Middleware\\EnsureFrontendRequestsAreStateful->handle(Object(Illuminate\\Http\\Request), Object(Closure))
#13 /var/www/vendor/laravel/framework/src/Illuminate/Pipeline/Pipeline.php(127): Illuminate\\Pipeline\\Pipeline->Illuminate\\Pipeline\\{closure}(Object(Illuminate\\Http\\Request))
#14 /var/www/vendor/laravel/framework/src/Illuminate/Routing/Router.php(807): Illuminate\\Pipeline\\Pipeline->then(Object(Closure))
#15 /var/www/vendor/laravel/framework/src/Illuminate/Routing/Router.php(786): Illuminate\\Routing\\Router->runRouteWithinStack(Object(Illuminate\\Routing\\Route), Object(Illuminate\\Http\\Request))
#16 /var/www/vendor/laravel/framework/src/Illuminate/Routing/Router.php(750): Illuminate\\Routing\\Router->runRoute(Object(Illuminate\\Http\\Request), Object(Illuminate\\Routing\\Route))
#17 /var/www/vendor/laravel/framework/src/Illuminate/Routing/Router.php(739): Illuminate\\Routing\\Router->dispatchToRoute(Object(Illuminate\\Http\\Request))
#18 /var/www/vendor/laravel/framework/src/Illuminate/Foundation/Http/Kernel.php(201): Illuminate\\Routing\\Router->dispatch(Object(Illuminate\\Http\\Request))
#19 /var/www/vendor/laravel/framework/src/Illuminate/Pipeline/Pipeline.php(170): Illuminate\\Foundation\\Http\\Kernel->Illuminate\\Foundation\\Http\\{closure}(Object(Illuminate\\Http\\Request))
#20 /var/www/vendor/laravel/framework/src/Illuminate/Foundation/Http/Middleware/TransformsRequest.php(21): Illuminate\\Pipeline\\Pipeline->Illuminate\\Pipeline\\{closure}(Object(Illuminate\\Http\\Request))
#21 /var/www/vendor/laravel/framework/src/Illuminate/Foundation/Http/Middleware/ConvertEmptyStringsToNull.php(31): Illuminate\\Foundation\\Http\\Middleware\\TransformsRequest->handle(Object(Illuminate\\Http\\Request), Object(Closure))
#22 /var/www/vendor/laravel/framework/src/Illuminate/Pipeline/Pipeline.php(209): Illuminate\\Foundation\\Http\\Middleware\\ConvertEmptyStringsToNull->handle(Object(Illuminate\\Http\\Request), Object(Closure))
#23 /var/www/vendor/laravel/framework/src/Illuminate/Foundation/Http/Middleware/TransformsRequest.php(21): Illuminate\\Pipeline\\Pipeline->Illuminate\\Pipeline\\{closure}(Object(Illuminate\\Http\\Request))
#24 /var/www/vendor/laravel/framework/src/Illuminate/Foundation/Http/Middleware/TrimStrings.php(51): Illuminate\\Foundation\\Http\\Middleware\\TransformsRequest->handle(Object(Illuminate\\Http\\Request), Object(Closure))
#25 /var/www/vendor/laravel/framework/src/Illuminate/Pipeline/Pipeline.php(209): Illuminate\\Foundation\\Http\\Middleware\\TrimStrings->handle(Object(Illuminate\\Http\\Request), Object(Closure))
#26 /var/www/vendor/laravel/framework/src/Illuminate/Http/Middleware/ValidatePostSize.php(27): Illuminate\\Pipeline\\Pipeline->Illuminate\\Pipeline\\{closure}(Object(Illuminate\\Http\\Request))
#27 /var/www/vendor/laravel/framework/src/Illuminate/Pipeline/Pipeline.php(209): Illuminate\\Http\\Middleware\\ValidatePostSize->handle(Object(Illuminate\\Http\\Request), Object(Closure))
#28 /var/www/vendor/laravel/framework/src/Illuminate/Foundation/Http/Middleware/PreventRequestsDuringMaintenance.php(110): Illuminate\\Pipeline\\Pipeline->Illuminate\\Pipeline\\{closure}(Object(Illuminate\\Http\\Request))
#29 /var/www/vendor/laravel/framework/src/Illuminate/Pipeline/Pipeline.php(209): Illuminate\\Foundation\\Http\\Middleware\\PreventRequestsDuringMaintenance->handle(Object(Illuminate\\Http\\Request), Object(Closure))
#30 /var/www/vendor/laravel/framework/src/Illuminate/Http/Middleware/HandleCors.php(62): Illuminate\\Pipeline\\Pipeline->Illuminate\\Pipeline\\{closure}(Object(Illuminate\\Http\\Request))
#31 /var/www/vendor/laravel/framework/src/Illuminate/Pipeline/Pipeline.php(209): Illuminate\\Http\\Middleware\\HandleCors->handle(Object(Illuminate\\Http\\Request), Object(Closure))
#32 /var/www/vendor/laravel/framework/src/Illuminate/Http/Middleware/TrustProxies.php(58): Illuminate\\Pipeline\\Pipeline->Illuminate\\Pipeline\\{closure}(Object(Illuminate\\Http\\Request))
#33 /var/www/vendor/laravel/framework/src/Illuminate/Pipeline/Pipeline.php(209): Illuminate\\Http\\Middleware\\TrustProxies->handle(Object(Illuminate\\Http\\Request), Object(Closure))
#34 /var/www/vendor/laravel/framework/src/Illuminate/Foundation/Http/Middleware/InvokeDeferredCallbacks.php(22): Illuminate\\Pipeline\\Pipeline->Illuminate\\Pipeline\\{closure}(Object(Illuminate\\Http\\Request))
#35 /var/www/vendor/laravel/framework/src/Illuminate/Pipeline/Pipeline.php(209): Illuminate\\Foundation\\Http\\Middleware\\InvokeDeferredCallbacks->handle(Object(Illuminate\\Http\\Request), Object(Closure))
#36 /var/www/vendor/laravel/framework/src/Illuminate/Pipeline/Pipeline.php(127): Illuminate\\Pipeline\\Pipeline->Illuminate\\Pipeline\\{closure}(Object(Illuminate\\Http\\Request))
#37 /var/www/vendor/laravel/framework/src/Illuminate/Foundation/Http/Kernel.php(176): Illuminate\\Pipeline\\Pipeline->then(Object(Closure))
#38 /var/www/vendor/laravel/framework/src/Illuminate/Foundation/Http/Kernel.php(145): Illuminate\\Foundation\\Http\\Kernel->sendRequestThroughRouter(Object(Illuminate\\Http\\Request))
#39 /var/www/public/index.php(11): Illuminate\\Foundation\\Http\\Kernel->handle(Object(Illuminate\\Http\\Request))
#40 /var/www/vendor/laravel/framework/src/Illuminate/Foundation/resources/server.php(23): require_once('/var/www/public...')
#41 {main}
"} 
[2025-08-30 11:39:59] local.ERROR: View [welcome] not found. {"exception":"[object] (InvalidArgumentException(code: 0): View [welcome] not found. at /var/www/vendor/laravel/framework/src/Illuminate/View/FileViewFinder.php:139)
[stacktrace]
#0 /var/www/vendor/laravel/framework/src/Illuminate/View/FileViewFinder.php(79): Illuminate\\View\\FileViewFinder->findInPaths('welcome', Array)
#1 /var/www/vendor/laravel/framework/src/Illuminate/View/Factory.php(151): Illuminate\\View\\FileViewFinder->find('welcome')
#2 /var/www/vendor/laravel/framework/src/Illuminate/Foundation/helpers.php(1062): Illuminate\\View\\Factory->make('welcome', Array, Array)
#3 /var/www/routes/web.php(6): view('welcome')
#4 /var/www/vendor/laravel/framework/src/Illuminate/Routing/CallableDispatcher.php(40): Illuminate\\Routing\\RouteFileRegistrar->{closure}()
#5 /var/www/vendor/laravel/framework/src/Illuminate/Routing/Route.php(244): Illuminate\\Routing\\CallableDispatcher->dispatch(Object(Illuminate\\Routing\\Route), Object(Closure))
#6 /var/www/vendor/laravel/framework/src/Illuminate/Routing/Route.php(215): Illuminate\\Routing\\Route->runCallable()
#7 /var/www/vendor/laravel/framework/src/Illuminate/Routing/Router.php(808): Illuminate\\Routing\\Route->run()
#8 /var/www/vendor/laravel/framework/src/Illuminate/Pipeline/Pipeline.php(170): Illuminate\\Routing\\Router->Illuminate\\Routing\\{closure}(Object(Illuminate\\Http\\Request))
#9 /var/www/vendor/laravel/framework/src/Illuminate/Routing/Middleware/SubstituteBindings.php(51): Illuminate\\Pipeline\\Pipeline->Illuminate\\Pipeline\\{closure}(Object(Illuminate\\Http\\Request))
#10 /var/www/vendor/laravel/framework/src/Illuminate/Pipeline/Pipeline.php(209): Illuminate\\Routing\\Middleware\\SubstituteBindings->handle(Object(Illuminate\\Http\\Request), Object(Closure))
#11 /var/www/vendor/laravel/framework/src/Illuminate/Foundation/Http/Middleware/VerifyCsrfToken.php(88): Illuminate\\Pipeline\\Pipeline->Illuminate\\Pipeline\\{closure}(Object(Illuminate\\Http\\Request))
#12 /var/www/vendor/laravel/framework/src/Illuminate/Pipeline/Pipeline.php(209): Illuminate\\Foundation\\Http\\Middleware\\VerifyCsrfToken->handle(Object(Illuminate\\Http\\Request), Object(Closure))
#13 /var/www/vendor/laravel/framework/src/Illuminate/View/Middleware/ShareErrorsFromSession.php(49): Illuminate\\Pipeline\\Pipeline->Illuminate\\Pipeline\\{closure}(Object(Illuminate\\Http\\Request))
#14 /var/www/vendor/laravel/framework/src/Illuminate/Pipeline/Pipeline.php(209): Illuminate\\View\\Middleware\\ShareErrorsFromSession->handle(Object(Illuminate\\Http\\Request), Object(Closure))
#15 /var/www/vendor/laravel/framework/src/Illuminate/Session/Middleware/StartSession.php(121): Illuminate\\Pipeline\\Pipeline->Illuminate\\Pipeline\\{closure}(Object(Illuminate\\Http\\Request))
#16 /var/www/vendor/laravel/framework/src/Illuminate/Session/Middleware/StartSession.php(64): Illuminate\\Session\\Middleware\\StartSession->handleStatefulRequest(Object(Illuminate\\Http\\Request), Object(Illuminate\\Session\\Store), Object(Closure))
#17 /var/www/vendor/laravel/framework/src/Illuminate/Pipeline/Pipeline.php(209): Illuminate\\Session\\Middleware\\StartSession->handle(Object(Illuminate\\Http\\Request), Object(Closure))
#18 /var/www/vendor/laravel/framework/src/Illuminate/Cookie/Middleware/AddQueuedCookiesToResponse.php(37): Illuminate\\Pipeline\\Pipeline->Illuminate\\Pipeline\\{closure}(Object(Illuminate\\Http\\Request))
#19 /var/www/vendor/laravel/framework/src/Illuminate/Pipeline/Pipeline.php(209): Illuminate\\Cookie\\Middleware\\AddQueuedCookiesToResponse->handle(Object(Illuminate\\Http\\Request), Object(Closure))
#20 /var/www/vendor/laravel/framework/src/Illuminate/Cookie/Middleware/EncryptCookies.php(75): Illuminate\\Pipeline\\Pipeline->Illuminate\\Pipeline\\{closure}(Object(Illuminate\\Http\\Request))
#21 /var/www/vendor/laravel/framework/src/Illuminate/Pipeline/Pipeline.php(209): Illuminate\\Cookie\\Middleware\\EncryptCookies->handle(Object(Illuminate\\Http\\Request), Object(Closure))
#22 /var/www/vendor/laravel/framework/src/Illuminate/Pipeline/Pipeline.php(127): Illuminate\\Pipeline\\Pipeline->Illuminate\\Pipeline\\{closure}(Object(Illuminate\\Http\\Request))
#23 /var/www/vendor/laravel/framework/src/Illuminate/Routing/Router.php(807): Illuminate\\Pipeline\\Pipeline->then(Object(Closure))
#24 /var/www/vendor/laravel/framework/src/Illuminate/Routing/Router.php(786): Illuminate\\Routing\\Router->runRouteWithinStack(Object(Illuminate\\Routing\\Route), Object(Illuminate\\Http\\Request))
#25 /var/www/vendor/laravel/framework/src/Illuminate/Routing/Router.php(750): Illuminate\\Routing\\Router->runRoute(Object(Illuminate\\Http\\Request), Object(Illuminate\\Routing\\Route))
#26 /var/www/vendor/laravel/framework/src/Illuminate/Routing/Router.php(739): Illuminate\\Routing\\Router->dispatchToRoute(Object(Illuminate\\Http\\Request))
#27 /var/www/vendor/laravel/framework/src/Illuminate/Foundation/Http/Kernel.php(201): Illuminate\\Routing\\Router->dispatch(Object(Illuminate\\Http\\Request))
#28 /var/www/vendor/laravel/framework/src/Illuminate/Pipeline/Pipeline.php(170): Illuminate\\Foundation\\Http\\Kernel->Illuminate\\Foundation\\Http\\{closure}(Object(Illuminate\\Http\\Request))
#29 /var/www/vendor/laravel/framework/src/Illuminate/Foundation/Http/Middleware/TransformsRequest.php(21): Illuminate\\Pipeline\\Pipeline->Illuminate\\Pipeline\\{closure}(Object(Illuminate\\Http\\Request))
#30 /var/www/vendor/laravel/framework/src/Illuminate/Foundation/Http/Middleware/ConvertEmptyStringsToNull.php(31): Illuminate\\Foundation\\Http\\Middleware\\TransformsRequest->handle(Object(Illuminate\\Http\\Request), Object(Closure))
#31 /var/www/vendor/laravel/framework/src/Illuminate/Pipeline/Pipeline.php(209): Illuminate\\Foundation\\Http\\Middleware\\ConvertEmptyStringsToNull->handle(Object(Illuminate\\Http\\Request), Object(Closure))
#32 /var/www/vendor/laravel/framework/src/Illuminate/Foundation/Http/Middleware/TransformsRequest.php(21): Illuminate\\Pipeline\\Pipeline->Illuminate\\Pipeline\\{closure}(Object(Illuminate\\Http\\Request))
#33 /var/www/vendor/laravel/framework/src/Illuminate/Foundation/Http/Middleware/TrimStrings.php(51): Illuminate\\Foundation\\Http\\Middleware\\TransformsRequest->handle(Object(Illuminate\\Http\\Request), Object(Closure))
#34 /var/www/vendor/laravel/framework/src/Illuminate/Pipeline/Pipeline.php(209): Illuminate\\Foundation\\Http\\Middleware\\TrimStrings->handle(Object(Illuminate\\Http\\Request), Object(Closure))
#35 /var/www/vendor/laravel/framework/src/Illuminate/Http/Middleware/ValidatePostSize.php(27): Illuminate\\Pipeline\\Pipeline->Illuminate\\Pipeline\\{closure}(Object(Illuminate\\Http\\Request))
#36 /var/www/vendor/laravel/framework/src/Illuminate/Pipeline/Pipeline.php(209): Illuminate\\Http\\Middleware\\ValidatePostSize->handle(Object(Illuminate\\Http\\Request), Object(Closure))
#37 /var/www/vendor/laravel/framework/src/Illuminate/Foundation/Http/Middleware/PreventRequestsDuringMaintenance.php(110): Illuminate\\Pipeline\\Pipeline->Illuminate\\Pipeline\\{closure}(Object(Illuminate\\Http\\Request))
#38 /var/www/vendor/laravel/framework/src/Illuminate/Pipeline/Pipeline.php(209): Illuminate\\Foundation\\Http\\Middleware\\PreventRequestsDuringMaintenance->handle(Object(Illuminate\\Http\\Request), Object(Closure))
#39 /var/www/vendor/laravel/framework/src/Illuminate/Http/Middleware/HandleCors.php(49): Illuminate\\Pipeline\\Pipeline->Illuminate\\Pipeline\\{closure}(Object(Illuminate\\Http\\Request))
#40 /var/www/vendor/laravel/framework/src/Illuminate/Pipeline/Pipeline.php(209): Illuminate\\Http\\Middleware\\HandleCors->handle(Object(Illuminate\\Http\\Request), Object(Closure))
#41 /var/www/vendor/laravel/framework/src/Illuminate/Http/Middleware/TrustProxies.php(58): Illuminate\\Pipeline\\Pipeline->Illuminate\\Pipeline\\{closure}(Object(Illuminate\\Http\\Request))
#42 /var/www/vendor/laravel/framework/src/Illuminate/Pipeline/Pipeline.php(209): Illuminate\\Http\\Middleware\\TrustProxies->handle(Object(Illuminate\\Http\\Request), Object(Closure))
#43 /var/www/vendor/laravel/framework/src/Illuminate/Foundation/Http/Middleware/InvokeDeferredCallbacks.php(22): Illuminate\\Pipeline\\Pipeline->Illuminate\\Pipeline\\{closure}(Object(Illuminate\\Http\\Request))
#44 /var/www/vendor/laravel/framework/src/Illuminate/Pipeline/Pipeline.php(209): Illuminate\\Foundation\\Http\\Middleware\\InvokeDeferredCallbacks->handle(Object(Illuminate\\Http\\Request), Object(Closure))
#45 /var/www/vendor/laravel/framework/src/Illuminate/Pipeline/Pipeline.php(127): Illuminate\\Pipeline\\Pipeline->Illuminate\\Pipeline\\{closure}(Object(Illuminate\\Http\\Request))
#46 /var/www/vendor/laravel/framework/src/Illuminate/Foundation/Http/Kernel.php(176): Illuminate\\Pipeline\\Pipeline->then(Object(Closure))
#47 /var/www/vendor/laravel/framework/src/Illuminate/Foundation/Http/Kernel.php(145): Illuminate\\Foundation\\Http\\Kernel->sendRequestThroughRouter(Object(Illuminate\\Http\\Request))
#48 /var/www/public/index.php(11): Illuminate\\Foundation\\Http\\Kernel->handle(Object(Illuminate\\Http\\Request))
#49 /var/www/vendor/laravel/framework/src/Illuminate/Foundation/resources/server.php(23): require_once('/var/www/public...')
#50 {main}
"} 
[2025-08-30 11:40:12] local.ERROR: View [welcome] not found. {"exception":"[object] (InvalidArgumentException(code: 0): View [welcome] not found. at /var/www/vendor/laravel/framework/src/Illuminate/View/FileViewFinder.php:139)
[stacktrace]
#0 /var/www/vendor/laravel/framework/src/Illuminate/View/FileViewFinder.php(79): Illuminate\\View\\FileViewFinder->findInPaths('welcome', Array)
#1 /var/www/vendor/laravel/framework/src/Illuminate/View/Factory.php(151): Illuminate\\View\\FileViewFinder->find('welcome')
#2 /var/www/vendor/laravel/framework/src/Illuminate/Foundation/helpers.php(1062): Illuminate\\View\\Factory->make('welcome', Array, Array)
#3 /var/www/routes/web.php(6): view('welcome')
#4 /var/www/vendor/laravel/framework/src/Illuminate/Routing/CallableDispatcher.php(40): Illuminate\\Routing\\RouteFileRegistrar->{closure}()
#5 /var/www/vendor/laravel/framework/src/Illuminate/Routing/Route.php(244): Illuminate\\Routing\\CallableDispatcher->dispatch(Object(Illuminate\\Routing\\Route), Object(Closure))
#6 /var/www/vendor/laravel/framework/src/Illuminate/Routing/Route.php(215): Illuminate\\Routing\\Route->runCallable()
#7 /var/www/vendor/laravel/framework/src/Illuminate/Routing/Router.php(808): Illuminate\\Routing\\Route->run()
#8 /var/www/vendor/laravel/framework/src/Illuminate/Pipeline/Pipeline.php(170): Illuminate\\Routing\\Router->Illuminate\\Routing\\{closure}(Object(Illuminate\\Http\\Request))
#9 /var/www/vendor/laravel/framework/src/Illuminate/Routing/Middleware/SubstituteBindings.php(51): Illuminate\\Pipeline\\Pipeline->Illuminate\\Pipeline\\{closure}(Object(Illuminate\\Http\\Request))
#10 /var/www/vendor/laravel/framework/src/Illuminate/Pipeline/Pipeline.php(209): Illuminate\\Routing\\Middleware\\SubstituteBindings->handle(Object(Illuminate\\Http\\Request), Object(Closure))
#11 /var/www/vendor/laravel/framework/src/Illuminate/Foundation/Http/Middleware/VerifyCsrfToken.php(88): Illuminate\\Pipeline\\Pipeline->Illuminate\\Pipeline\\{closure}(Object(Illuminate\\Http\\Request))
#12 /var/www/vendor/laravel/framework/src/Illuminate/Pipeline/Pipeline.php(209): Illuminate\\Foundation\\Http\\Middleware\\VerifyCsrfToken->handle(Object(Illuminate\\Http\\Request), Object(Closure))
#13 /var/www/vendor/laravel/framework/src/Illuminate/View/Middleware/ShareErrorsFromSession.php(49): Illuminate\\Pipeline\\Pipeline->Illuminate\\Pipeline\\{closure}(Object(Illuminate\\Http\\Request))
#14 /var/www/vendor/laravel/framework/src/Illuminate/Pipeline/Pipeline.php(209): Illuminate\\View\\Middleware\\ShareErrorsFromSession->handle(Object(Illuminate\\Http\\Request), Object(Closure))
#15 /var/www/vendor/laravel/framework/src/Illuminate/Session/Middleware/StartSession.php(121): Illuminate\\Pipeline\\Pipeline->Illuminate\\Pipeline\\{closure}(Object(Illuminate\\Http\\Request))
#16 /var/www/vendor/laravel/framework/src/Illuminate/Session/Middleware/StartSession.php(64): Illuminate\\Session\\Middleware\\StartSession->handleStatefulRequest(Object(Illuminate\\Http\\Request), Object(Illuminate\\Session\\Store), Object(Closure))
#17 /var/www/vendor/laravel/framework/src/Illuminate/Pipeline/Pipeline.php(209): Illuminate\\Session\\Middleware\\StartSession->handle(Object(Illuminate\\Http\\Request), Object(Closure))
#18 /var/www/vendor/laravel/framework/src/Illuminate/Cookie/Middleware/AddQueuedCookiesToResponse.php(37): Illuminate\\Pipeline\\Pipeline->Illuminate\\Pipeline\\{closure}(Object(Illuminate\\Http\\Request))
#19 /var/www/vendor/laravel/framework/src/Illuminate/Pipeline/Pipeline.php(209): Illuminate\\Cookie\\Middleware\\AddQueuedCookiesToResponse->handle(Object(Illuminate\\Http\\Request), Object(Closure))
#20 /var/www/vendor/laravel/framework/src/Illuminate/Cookie/Middleware/EncryptCookies.php(75): Illuminate\\Pipeline\\Pipeline->Illuminate\\Pipeline\\{closure}(Object(Illuminate\\Http\\Request))
#21 /var/www/vendor/laravel/framework/src/Illuminate/Pipeline/Pipeline.php(209): Illuminate\\Cookie\\Middleware\\EncryptCookies->handle(Object(Illuminate\\Http\\Request), Object(Closure))
#22 /var/www/vendor/laravel/framework/src/Illuminate/Pipeline/Pipeline.php(127): Illuminate\\Pipeline\\Pipeline->Illuminate\\Pipeline\\{closure}(Object(Illuminate\\Http\\Request))
#23 /var/www/vendor/laravel/framework/src/Illuminate/Routing/Router.php(807): Illuminate\\Pipeline\\Pipeline->then(Object(Closure))
#24 /var/www/vendor/laravel/framework/src/Illuminate/Routing/Router.php(786): Illuminate\\Routing\\Router->runRouteWithinStack(Object(Illuminate\\Routing\\Route), Object(Illuminate\\Http\\Request))
#25 /var/www/vendor/laravel/framework/src/Illuminate/Routing/Router.php(750): Illuminate\\Routing\\Router->runRoute(Object(Illuminate\\Http\\Request), Object(Illuminate\\Routing\\Route))
#26 /var/www/vendor/laravel/framework/src/Illuminate/Routing/Router.php(739): Illuminate\\Routing\\Router->dispatchToRoute(Object(Illuminate\\Http\\Request))
#27 /var/www/vendor/laravel/framework/src/Illuminate/Foundation/Http/Kernel.php(201): Illuminate\\Routing\\Router->dispatch(Object(Illuminate\\Http\\Request))
#28 /var/www/vendor/laravel/framework/src/Illuminate/Pipeline/Pipeline.php(170): Illuminate\\Foundation\\Http\\Kernel->Illuminate\\Foundation\\Http\\{closure}(Object(Illuminate\\Http\\Request))
#29 /var/www/vendor/laravel/framework/src/Illuminate/Foundation/Http/Middleware/TransformsRequest.php(21): Illuminate\\Pipeline\\Pipeline->Illuminate\\Pipeline\\{closure}(Object(Illuminate\\Http\\Request))
#30 /var/www/vendor/laravel/framework/src/Illuminate/Foundation/Http/Middleware/ConvertEmptyStringsToNull.php(31): Illuminate\\Foundation\\Http\\Middleware\\TransformsRequest->handle(Object(Illuminate\\Http\\Request), Object(Closure))
#31 /var/www/vendor/laravel/framework/src/Illuminate/Pipeline/Pipeline.php(209): Illuminate\\Foundation\\Http\\Middleware\\ConvertEmptyStringsToNull->handle(Object(Illuminate\\Http\\Request), Object(Closure))
#32 /var/www/vendor/laravel/framework/src/Illuminate/Foundation/Http/Middleware/TransformsRequest.php(21): Illuminate\\Pipeline\\Pipeline->Illuminate\\Pipeline\\{closure}(Object(Illuminate\\Http\\Request))
#33 /var/www/vendor/laravel/framework/src/Illuminate/Foundation/Http/Middleware/TrimStrings.php(51): Illuminate\\Foundation\\Http\\Middleware\\TransformsRequest->handle(Object(Illuminate\\Http\\Request), Object(Closure))
#34 /var/www/vendor/laravel/framework/src/Illuminate/Pipeline/Pipeline.php(209): Illuminate\\Foundation\\Http\\Middleware\\TrimStrings->handle(Object(Illuminate\\Http\\Request), Object(Closure))
#35 /var/www/vendor/laravel/framework/src/Illuminate/Http/Middleware/ValidatePostSize.php(27): Illuminate\\Pipeline\\Pipeline->Illuminate\\Pipeline\\{closure}(Object(Illuminate\\Http\\Request))
#36 /var/www/vendor/laravel/framework/src/Illuminate/Pipeline/Pipeline.php(209): Illuminate\\Http\\Middleware\\ValidatePostSize->handle(Object(Illuminate\\Http\\Request), Object(Closure))
#37 /var/www/vendor/laravel/framework/src/Illuminate/Foundation/Http/Middleware/PreventRequestsDuringMaintenance.php(110): Illuminate\\Pipeline\\Pipeline->Illuminate\\Pipeline\\{closure}(Object(Illuminate\\Http\\Request))
#38 /var/www/vendor/laravel/framework/src/Illuminate/Pipeline/Pipeline.php(209): Illuminate\\Foundation\\Http\\Middleware\\PreventRequestsDuringMaintenance->handle(Object(Illuminate\\Http\\Request), Object(Closure))
#39 /var/www/vendor/laravel/framework/src/Illuminate/Http/Middleware/HandleCors.php(49): Illuminate\\Pipeline\\Pipeline->Illuminate\\Pipeline\\{closure}(Object(Illuminate\\Http\\Request))
#40 /var/www/vendor/laravel/framework/src/Illuminate/Pipeline/Pipeline.php(209): Illuminate\\Http\\Middleware\\HandleCors->handle(Object(Illuminate\\Http\\Request), Object(Closure))
#41 /var/www/vendor/laravel/framework/src/Illuminate/Http/Middleware/TrustProxies.php(58): Illuminate\\Pipeline\\Pipeline->Illuminate\\Pipeline\\{closure}(Object(Illuminate\\Http\\Request))
#42 /var/www/vendor/laravel/framework/src/Illuminate/Pipeline/Pipeline.php(209): Illuminate\\Http\\Middleware\\TrustProxies->handle(Object(Illuminate\\Http\\Request), Object(Closure))
#43 /var/www/vendor/laravel/framework/src/Illuminate/Foundation/Http/Middleware/InvokeDeferredCallbacks.php(22): Illuminate\\Pipeline\\Pipeline->Illuminate\\Pipeline\\{closure}(Object(Illuminate\\Http\\Request))
#44 /var/www/vendor/laravel/framework/src/Illuminate/Pipeline/Pipeline.php(209): Illuminate\\Foundation\\Http\\Middleware\\InvokeDeferredCallbacks->handle(Object(Illuminate\\Http\\Request), Object(Closure))
#45 /var/www/vendor/laravel/framework/src/Illuminate/Pipeline/Pipeline.php(127): Illuminate\\Pipeline\\Pipeline->Illuminate\\Pipeline\\{closure}(Object(Illuminate\\Http\\Request))
#46 /var/www/vendor/laravel/framework/src/Illuminate/Foundation/Http/Kernel.php(176): Illuminate\\Pipeline\\Pipeline->then(Object(Closure))
#47 /var/www/vendor/laravel/framework/src/Illuminate/Foundation/Http/Kernel.php(145): Illuminate\\Foundation\\Http\\Kernel->sendRequestThroughRouter(Object(Illuminate\\Http\\Request))
#48 /var/www/public/index.php(11): Illuminate\\Foundation\\Http\\Kernel->handle(Object(Illuminate\\Http\\Request))
#49 /var/www/vendor/laravel/framework/src/Illuminate/Foundation/resources/server.php(23): require_once('/var/www/public...')
#50 {main}
"} 
[2025-08-30 12:19:31] local.ERROR: Target class [App\Http\Controllers\ClientController] does not exist. {"exception":"[object] (Illuminate\\Contracts\\Container\\BindingResolutionException(code: 0): Target class [App\\Http\\Controllers\\ClientController] does not exist. at /var/www/vendor/laravel/framework/src/Illuminate/Container/Container.php:961)
[stacktrace]
#0 /var/www/vendor/laravel/framework/src/Illuminate/Container/Container.php(832): Illuminate\\Container\\Container->build('App\\\\Http\\\\Contro...')
#1 /var/www/vendor/laravel/framework/src/Illuminate/Foundation/Application.php(1078): Illuminate\\Container\\Container->resolve('App\\\\Http\\\\Contro...', Array, true)
#2 /var/www/vendor/laravel/framework/src/Illuminate/Container/Container.php(763): Illuminate\\Foundation\\Application->resolve('App\\\\Http\\\\Contro...', Array)
#3 /var/www/vendor/laravel/framework/src/Illuminate/Foundation/Application.php(1058): Illuminate\\Container\\Container->make('App\\\\Http\\\\Contro...', Array)
#4 /var/www/vendor/laravel/framework/src/Illuminate/Routing/Route.php(285): Illuminate\\Foundation\\Application->make('App\\\\Http\\\\Contro...')
#5 /var/www/vendor/laravel/framework/src/Illuminate/Routing/Route.php(267): Illuminate\\Routing\\Route->getController()
#6 /var/www/vendor/laravel/framework/src/Illuminate/Routing/Route.php(212): Illuminate\\Routing\\Route->runController()
#7 /var/www/vendor/laravel/framework/src/Illuminate/Routing/Router.php(808): Illuminate\\Routing\\Route->run()
#8 /var/www/vendor/laravel/framework/src/Illuminate/Pipeline/Pipeline.php(170): Illuminate\\Routing\\Router->Illuminate\\Routing\\{closure}(Object(Illuminate\\Http\\Request))
#9 /var/www/vendor/laravel/framework/src/Illuminate/Routing/Middleware/SubstituteBindings.php(51): Illuminate\\Pipeline\\Pipeline->Illuminate\\Pipeline\\{closure}(Object(Illuminate\\Http\\Request))
#10 /var/www/vendor/laravel/framework/src/Illuminate/Pipeline/Pipeline.php(209): Illuminate\\Routing\\Middleware\\SubstituteBindings->handle(Object(Illuminate\\Http\\Request), Object(Closure))
#11 /var/www/vendor/laravel/sanctum/src/Http/Middleware/EnsureFrontendRequestsAreStateful.php(26): Illuminate\\Pipeline\\Pipeline->Illuminate\\Pipeline\\{closure}(Object(Illuminate\\Http\\Request))
#12 /var/www/vendor/laravel/framework/src/Illuminate/Pipeline/Pipeline.php(170): Laravel\\Sanctum\\Http\\Middleware\\EnsureFrontendRequestsAreStateful->Laravel\\Sanctum\\Http\\Middleware\\{closure}(Object(Illuminate\\Http\\Request))
#13 /var/www/vendor/laravel/framework/src/Illuminate/Pipeline/Pipeline.php(127): Illuminate\\Pipeline\\Pipeline->Illuminate\\Pipeline\\{closure}(Object(Illuminate\\Http\\Request))
#14 /var/www/vendor/laravel/sanctum/src/Http/Middleware/EnsureFrontendRequestsAreStateful.php(25): Illuminate\\Pipeline\\Pipeline->then(Object(Closure))
#15 /var/www/vendor/laravel/framework/src/Illuminate/Pipeline/Pipeline.php(209): Laravel\\Sanctum\\Http\\Middleware\\EnsureFrontendRequestsAreStateful->handle(Object(Illuminate\\Http\\Request), Object(Closure))
#16 /var/www/vendor/laravel/framework/src/Illuminate/Pipeline/Pipeline.php(127): Illuminate\\Pipeline\\Pipeline->Illuminate\\Pipeline\\{closure}(Object(Illuminate\\Http\\Request))
#17 /var/www/vendor/laravel/framework/src/Illuminate/Routing/Router.php(807): Illuminate\\Pipeline\\Pipeline->then(Object(Closure))
#18 /var/www/vendor/laravel/framework/src/Illuminate/Routing/Router.php(786): Illuminate\\Routing\\Router->runRouteWithinStack(Object(Illuminate\\Routing\\Route), Object(Illuminate\\Http\\Request))
#19 /var/www/vendor/laravel/framework/src/Illuminate/Routing/Router.php(750): Illuminate\\Routing\\Router->runRoute(Object(Illuminate\\Http\\Request), Object(Illuminate\\Routing\\Route))
#20 /var/www/vendor/laravel/framework/src/Illuminate/Routing/Router.php(739): Illuminate\\Routing\\Router->dispatchToRoute(Object(Illuminate\\Http\\Request))
#21 /var/www/vendor/laravel/framework/src/Illuminate/Foundation/Http/Kernel.php(201): Illuminate\\Routing\\Router->dispatch(Object(Illuminate\\Http\\Request))
#22 /var/www/vendor/laravel/framework/src/Illuminate/Pipeline/Pipeline.php(170): Illuminate\\Foundation\\Http\\Kernel->Illuminate\\Foundation\\Http\\{closure}(Object(Illuminate\\Http\\Request))
#23 /var/www/vendor/laravel/framework/src/Illuminate/Foundation/Http/Middleware/TransformsRequest.php(21): Illuminate\\Pipeline\\Pipeline->Illuminate\\Pipeline\\{closure}(Object(Illuminate\\Http\\Request))
#24 /var/www/vendor/laravel/framework/src/Illuminate/Foundation/Http/Middleware/ConvertEmptyStringsToNull.php(31): Illuminate\\Foundation\\Http\\Middleware\\TransformsRequest->handle(Object(Illuminate\\Http\\Request), Object(Closure))
#25 /var/www/vendor/laravel/framework/src/Illuminate/Pipeline/Pipeline.php(209): Illuminate\\Foundation\\Http\\Middleware\\ConvertEmptyStringsToNull->handle(Object(Illuminate\\Http\\Request), Object(Closure))
#26 /var/www/vendor/laravel/framework/src/Illuminate/Foundation/Http/Middleware/TransformsRequest.php(21): Illuminate\\Pipeline\\Pipeline->Illuminate\\Pipeline\\{closure}(Object(Illuminate\\Http\\Request))
#27 /var/www/vendor/laravel/framework/src/Illuminate/Foundation/Http/Middleware/TrimStrings.php(51): Illuminate\\Foundation\\Http\\Middleware\\TransformsRequest->handle(Object(Illuminate\\Http\\Request), Object(Closure))
#28 /var/www/vendor/laravel/framework/src/Illuminate/Pipeline/Pipeline.php(209): Illuminate\\Foundation\\Http\\Middleware\\TrimStrings->handle(Object(Illuminate\\Http\\Request), Object(Closure))
#29 /var/www/vendor/laravel/framework/src/Illuminate/Http/Middleware/ValidatePostSize.php(27): Illuminate\\Pipeline\\Pipeline->Illuminate\\Pipeline\\{closure}(Object(Illuminate\\Http\\Request))
#30 /var/www/vendor/laravel/framework/src/Illuminate/Pipeline/Pipeline.php(209): Illuminate\\Http\\Middleware\\ValidatePostSize->handle(Object(Illuminate\\Http\\Request), Object(Closure))
#31 /var/www/vendor/laravel/framework/src/Illuminate/Foundation/Http/Middleware/PreventRequestsDuringMaintenance.php(110): Illuminate\\Pipeline\\Pipeline->Illuminate\\Pipeline\\{closure}(Object(Illuminate\\Http\\Request))
#32 /var/www/vendor/laravel/framework/src/Illuminate/Pipeline/Pipeline.php(209): Illuminate\\Foundation\\Http\\Middleware\\PreventRequestsDuringMaintenance->handle(Object(Illuminate\\Http\\Request), Object(Closure))
#33 /var/www/vendor/laravel/framework/src/Illuminate/Http/Middleware/HandleCors.php(62): Illuminate\\Pipeline\\Pipeline->Illuminate\\Pipeline\\{closure}(Object(Illuminate\\Http\\Request))
#34 /var/www/vendor/laravel/framework/src/Illuminate/Pipeline/Pipeline.php(209): Illuminate\\Http\\Middleware\\HandleCors->handle(Object(Illuminate\\Http\\Request), Object(Closure))
#35 /var/www/vendor/laravel/framework/src/Illuminate/Http/Middleware/TrustProxies.php(58): Illuminate\\Pipeline\\Pipeline->Illuminate\\Pipeline\\{closure}(Object(Illuminate\\Http\\Request))
#36 /var/www/vendor/laravel/framework/src/Illuminate/Pipeline/Pipeline.php(209): Illuminate\\Http\\Middleware\\TrustProxies->handle(Object(Illuminate\\Http\\Request), Object(Closure))
#37 /var/www/vendor/laravel/framework/src/Illuminate/Foundation/Http/Middleware/InvokeDeferredCallbacks.php(22): Illuminate\\Pipeline\\Pipeline->Illuminate\\Pipeline\\{closure}(Object(Illuminate\\Http\\Request))
#38 /var/www/vendor/laravel/framework/src/Illuminate/Pipeline/Pipeline.php(209): Illuminate\\Foundation\\Http\\Middleware\\InvokeDeferredCallbacks->handle(Object(Illuminate\\Http\\Request), Object(Closure))
#39 /var/www/vendor/laravel/framework/src/Illuminate/Pipeline/Pipeline.php(127): Illuminate\\Pipeline\\Pipeline->Illuminate\\Pipeline\\{closure}(Object(Illuminate\\Http\\Request))
#40 /var/www/vendor/laravel/framework/src/Illuminate/Foundation/Http/Kernel.php(176): Illuminate\\Pipeline\\Pipeline->then(Object(Closure))
#41 /var/www/vendor/laravel/framework/src/Illuminate/Foundation/Http/Kernel.php(145): Illuminate\\Foundation\\Http\\Kernel->sendRequestThroughRouter(Object(Illuminate\\Http\\Request))
#42 /var/www/public/index.php(11): Illuminate\\Foundation\\Http\\Kernel->handle(Object(Illuminate\\Http\\Request))
#43 /var/www/vendor/laravel/framework/src/Illuminate/Foundation/resources/server.php(23): require_once('/var/www/public...')
#44 {main}

[previous exception] [object] (ReflectionException(code: -1): Class \"App\\Http\\Controllers\\ClientController\" does not exist at /var/www/vendor/laravel/framework/src/Illuminate/Container/Container.php:959)
[stacktrace]
#0 /var/www/vendor/laravel/framework/src/Illuminate/Container/Container.php(959): ReflectionClass->__construct('App\\\\Http\\\\Contro...')
#1 /var/www/vendor/laravel/framework/src/Illuminate/Container/Container.php(832): Illuminate\\Container\\Container->build('App\\\\Http\\\\Contro...')
#2 /var/www/vendor/laravel/framework/src/Illuminate/Foundation/Application.php(1078): Illuminate\\Container\\Container->resolve('App\\\\Http\\\\Contro...', Array, true)
#3 /var/www/vendor/laravel/framework/src/Illuminate/Container/Container.php(763): Illuminate\\Foundation\\Application->resolve('App\\\\Http\\\\Contro...', Array)
#4 /var/www/vendor/laravel/framework/src/Illuminate/Foundation/Application.php(1058): Illuminate\\Container\\Container->make('App\\\\Http\\\\Contro...', Array)
#5 /var/www/vendor/laravel/framework/src/Illuminate/Routing/Route.php(285): Illuminate\\Foundation\\Application->make('App\\\\Http\\\\Contro...')
#6 /var/www/vendor/laravel/framework/src/Illuminate/Routing/Route.php(267): Illuminate\\Routing\\Route->getController()
#7 /var/www/vendor/laravel/framework/src/Illuminate/Routing/Route.php(212): Illuminate\\Routing\\Route->runController()
#8 /var/www/vendor/laravel/framework/src/Illuminate/Routing/Router.php(808): Illuminate\\Routing\\Route->run()
#9 /var/www/vendor/laravel/framework/src/Illuminate/Pipeline/Pipeline.php(170): Illuminate\\Routing\\Router->Illuminate\\Routing\\{closure}(Object(Illuminate\\Http\\Request))
#10 /var/www/vendor/laravel/framework/src/Illuminate/Routing/Middleware/SubstituteBindings.php(51): Illuminate\\Pipeline\\Pipeline->Illuminate\\Pipeline\\{closure}(Object(Illuminate\\Http\\Request))
#11 /var/www/vendor/laravel/framework/src/Illuminate/Pipeline/Pipeline.php(209): Illuminate\\Routing\\Middleware\\SubstituteBindings->handle(Object(Illuminate\\Http\\Request), Object(Closure))
#12 /var/www/vendor/laravel/sanctum/src/Http/Middleware/EnsureFrontendRequestsAreStateful.php(26): Illuminate\\Pipeline\\Pipeline->Illuminate\\Pipeline\\{closure}(Object(Illuminate\\Http\\Request))
#13 /var/www/vendor/laravel/framework/src/Illuminate/Pipeline/Pipeline.php(170): Laravel\\Sanctum\\Http\\Middleware\\EnsureFrontendRequestsAreStateful->Laravel\\Sanctum\\Http\\Middleware\\{closure}(Object(Illuminate\\Http\\Request))
#14 /var/www/vendor/laravel/framework/src/Illuminate/Pipeline/Pipeline.php(127): Illuminate\\Pipeline\\Pipeline->Illuminate\\Pipeline\\{closure}(Object(Illuminate\\Http\\Request))
#15 /var/www/vendor/laravel/sanctum/src/Http/Middleware/EnsureFrontendRequestsAreStateful.php(25): Illuminate\\Pipeline\\Pipeline->then(Object(Closure))
#16 /var/www/vendor/laravel/framework/src/Illuminate/Pipeline/Pipeline.php(209): Laravel\\Sanctum\\Http\\Middleware\\EnsureFrontendRequestsAreStateful->handle(Object(Illuminate\\Http\\Request), Object(Closure))
#17 /var/www/vendor/laravel/framework/src/Illuminate/Pipeline/Pipeline.php(127): Illuminate\\Pipeline\\Pipeline->Illuminate\\Pipeline\\{closure}(Object(Illuminate\\Http\\Request))
#18 /var/www/vendor/laravel/framework/src/Illuminate/Routing/Router.php(807): Illuminate\\Pipeline\\Pipeline->then(Object(Closure))
#19 /var/www/vendor/laravel/framework/src/Illuminate/Routing/Router.php(786): Illuminate\\Routing\\Router->runRouteWithinStack(Object(Illuminate\\Routing\\Route), Object(Illuminate\\Http\\Request))
#20 /var/www/vendor/laravel/framework/src/Illuminate/Routing/Router.php(750): Illuminate\\Routing\\Router->runRoute(Object(Illuminate\\Http\\Request), Object(Illuminate\\Routing\\Route))
#21 /var/www/vendor/laravel/framework/src/Illuminate/Routing/Router.php(739): Illuminate\\Routing\\Router->dispatchToRoute(Object(Illuminate\\Http\\Request))
#22 /var/www/vendor/laravel/framework/src/Illuminate/Foundation/Http/Kernel.php(201): Illuminate\\Routing\\Router->dispatch(Object(Illuminate\\Http\\Request))
#23 /var/www/vendor/laravel/framework/src/Illuminate/Pipeline/Pipeline.php(170): Illuminate\\Foundation\\Http\\Kernel->Illuminate\\Foundation\\Http\\{closure}(Object(Illuminate\\Http\\Request))
#24 /var/www/vendor/laravel/framework/src/Illuminate/Foundation/Http/Middleware/TransformsRequest.php(21): Illuminate\\Pipeline\\Pipeline->Illuminate\\Pipeline\\{closure}(Object(Illuminate\\Http\\Request))
#25 /var/www/vendor/laravel/framework/src/Illuminate/Foundation/Http/Middleware/ConvertEmptyStringsToNull.php(31): Illuminate\\Foundation\\Http\\Middleware\\TransformsRequest->handle(Object(Illuminate\\Http\\Request), Object(Closure))
#26 /var/www/vendor/laravel/framework/src/Illuminate/Pipeline/Pipeline.php(209): Illuminate\\Foundation\\Http\\Middleware\\ConvertEmptyStringsToNull->handle(Object(Illuminate\\Http\\Request), Object(Closure))
#27 /var/www/vendor/laravel/framework/src/Illuminate/Foundation/Http/Middleware/TransformsRequest.php(21): Illuminate\\Pipeline\\Pipeline->Illuminate\\Pipeline\\{closure}(Object(Illuminate\\Http\\Request))
#28 /var/www/vendor/laravel/framework/src/Illuminate/Foundation/Http/Middleware/TrimStrings.php(51): Illuminate\\Foundation\\Http\\Middleware\\TransformsRequest->handle(Object(Illuminate\\Http\\Request), Object(Closure))
#29 /var/www/vendor/laravel/framework/src/Illuminate/Pipeline/Pipeline.php(209): Illuminate\\Foundation\\Http\\Middleware\\TrimStrings->handle(Object(Illuminate\\Http\\Request), Object(Closure))
#30 /var/www/vendor/laravel/framework/src/Illuminate/Http/Middleware/ValidatePostSize.php(27): Illuminate\\Pipeline\\Pipeline->Illuminate\\Pipeline\\{closure}(Object(Illuminate\\Http\\Request))
#31 /var/www/vendor/laravel/framework/src/Illuminate/Pipeline/Pipeline.php(209): Illuminate\\Http\\Middleware\\ValidatePostSize->handle(Object(Illuminate\\Http\\Request), Object(Closure))
#32 /var/www/vendor/laravel/framework/src/Illuminate/Foundation/Http/Middleware/PreventRequestsDuringMaintenance.php(110): Illuminate\\Pipeline\\Pipeline->Illuminate\\Pipeline\\{closure}(Object(Illuminate\\Http\\Request))
#33 /var/www/vendor/laravel/framework/src/Illuminate/Pipeline/Pipeline.php(209): Illuminate\\Foundation\\Http\\Middleware\\PreventRequestsDuringMaintenance->handle(Object(Illuminate\\Http\\Request), Object(Closure))
#34 /var/www/vendor/laravel/framework/src/Illuminate/Http/Middleware/HandleCors.php(62): Illuminate\\Pipeline\\Pipeline->Illuminate\\Pipeline\\{closure}(Object(Illuminate\\Http\\Request))
#35 /var/www/vendor/laravel/framework/src/Illuminate/Pipeline/Pipeline.php(209): Illuminate\\Http\\Middleware\\HandleCors->handle(Object(Illuminate\\Http\\Request), Object(Closure))
#36 /var/www/vendor/laravel/framework/src/Illuminate/Http/Middleware/TrustProxies.php(58): Illuminate\\Pipeline\\Pipeline->Illuminate\\Pipeline\\{closure}(Object(Illuminate\\Http\\Request))
#37 /var/www/vendor/laravel/framework/src/Illuminate/Pipeline/Pipeline.php(209): Illuminate\\Http\\Middleware\\TrustProxies->handle(Object(Illuminate\\Http\\Request), Object(Closure))
#38 /var/www/vendor/laravel/framework/src/Illuminate/Foundation/Http/Middleware/InvokeDeferredCallbacks.php(22): Illuminate\\Pipeline\\Pipeline->Illuminate\\Pipeline\\{closure}(Object(Illuminate\\Http\\Request))
#39 /var/www/vendor/laravel/framework/src/Illuminate/Pipeline/Pipeline.php(209): Illuminate\\Foundation\\Http\\Middleware\\InvokeDeferredCallbacks->handle(Object(Illuminate\\Http\\Request), Object(Closure))
#40 /var/www/vendor/laravel/framework/src/Illuminate/Pipeline/Pipeline.php(127): Illuminate\\Pipeline\\Pipeline->Illuminate\\Pipeline\\{closure}(Object(Illuminate\\Http\\Request))
#41 /var/www/vendor/laravel/framework/src/Illuminate/Foundation/Http/Kernel.php(176): Illuminate\\Pipeline\\Pipeline->then(Object(Closure))
#42 /var/www/vendor/laravel/framework/src/Illuminate/Foundation/Http/Kernel.php(145): Illuminate\\Foundation\\Http\\Kernel->sendRequestThroughRouter(Object(Illuminate\\Http\\Request))
#43 /var/www/public/index.php(11): Illuminate\\Foundation\\Http\\Kernel->handle(Object(Illuminate\\Http\\Request))
#44 /var/www/vendor/laravel/framework/src/Illuminate/Foundation/resources/server.php(23): require_once('/var/www/public...')
#45 {main}
"} 
[2025-08-30 13:02:56] local.ERROR: Route [login] not defined. {"exception":"[object] (Symfony\\Component\\Routing\\Exception\\RouteNotFoundException(code: 0): Route [login] not defined. at /var/www/vendor/laravel/framework/src/Illuminate/Routing/UrlGenerator.php:517)
[stacktrace]
#0 /var/www/vendor/laravel/framework/src/Illuminate/Foundation/helpers.php(853): Illuminate\\Routing\\UrlGenerator->route('login', Array, true)
#1 /var/www/vendor/laravel/framework/src/Illuminate/Foundation/Configuration/ApplicationBuilder.php(278): route('login')
#2 [internal function]: Illuminate\\Foundation\\Configuration\\ApplicationBuilder->Illuminate\\Foundation\\Configuration\\{closure}(Object(Illuminate\\Http\\Request))
#3 /var/www/vendor/laravel/framework/src/Illuminate/Auth/Middleware/Authenticate.php(118): call_user_func(Object(Closure), Object(Illuminate\\Http\\Request))
#4 /var/www/vendor/laravel/framework/src/Illuminate/Auth/Middleware/Authenticate.php(105): Illuminate\\Auth\\Middleware\\Authenticate->redirectTo(Object(Illuminate\\Http\\Request))
#5 /var/www/vendor/laravel/framework/src/Illuminate/Auth/Middleware/Authenticate.php(88): Illuminate\\Auth\\Middleware\\Authenticate->unauthenticated(Object(Illuminate\\Http\\Request), Array)
#6 /var/www/vendor/laravel/framework/src/Illuminate/Auth/Middleware/Authenticate.php(62): Illuminate\\Auth\\Middleware\\Authenticate->authenticate(Object(Illuminate\\Http\\Request), Array)
#7 /var/www/vendor/laravel/framework/src/Illuminate/Pipeline/Pipeline.php(209): Illuminate\\Auth\\Middleware\\Authenticate->handle(Object(Illuminate\\Http\\Request), Object(Closure), 'sanctum')
#8 /var/www/vendor/laravel/sanctum/src/Http/Middleware/EnsureFrontendRequestsAreStateful.php(26): Illuminate\\Pipeline\\Pipeline->Illuminate\\Pipeline\\{closure}(Object(Illuminate\\Http\\Request))
#9 /var/www/vendor/laravel/framework/src/Illuminate/Pipeline/Pipeline.php(170): Laravel\\Sanctum\\Http\\Middleware\\EnsureFrontendRequestsAreStateful->Laravel\\Sanctum\\Http\\Middleware\\{closure}(Object(Illuminate\\Http\\Request))
#10 /var/www/vendor/laravel/framework/src/Illuminate/Pipeline/Pipeline.php(127): Illuminate\\Pipeline\\Pipeline->Illuminate\\Pipeline\\{closure}(Object(Illuminate\\Http\\Request))
#11 /var/www/vendor/laravel/sanctum/src/Http/Middleware/EnsureFrontendRequestsAreStateful.php(25): Illuminate\\Pipeline\\Pipeline->then(Object(Closure))
#12 /var/www/vendor/laravel/framework/src/Illuminate/Pipeline/Pipeline.php(209): Laravel\\Sanctum\\Http\\Middleware\\EnsureFrontendRequestsAreStateful->handle(Object(Illuminate\\Http\\Request), Object(Closure))
#13 /var/www/vendor/laravel/framework/src/Illuminate/Pipeline/Pipeline.php(127): Illuminate\\Pipeline\\Pipeline->Illuminate\\Pipeline\\{closure}(Object(Illuminate\\Http\\Request))
#14 /var/www/vendor/laravel/framework/src/Illuminate/Routing/Router.php(807): Illuminate\\Pipeline\\Pipeline->then(Object(Closure))
#15 /var/www/vendor/laravel/framework/src/Illuminate/Routing/Router.php(786): Illuminate\\Routing\\Router->runRouteWithinStack(Object(Illuminate\\Routing\\Route), Object(Illuminate\\Http\\Request))
#16 /var/www/vendor/laravel/framework/src/Illuminate/Routing/Router.php(750): Illuminate\\Routing\\Router->runRoute(Object(Illuminate\\Http\\Request), Object(Illuminate\\Routing\\Route))
#17 /var/www/vendor/laravel/framework/src/Illuminate/Routing/Router.php(739): Illuminate\\Routing\\Router->dispatchToRoute(Object(Illuminate\\Http\\Request))
#18 /var/www/vendor/laravel/framework/src/Illuminate/Foundation/Http/Kernel.php(201): Illuminate\\Routing\\Router->dispatch(Object(Illuminate\\Http\\Request))
#19 /var/www/vendor/laravel/framework/src/Illuminate/Pipeline/Pipeline.php(170): Illuminate\\Foundation\\Http\\Kernel->Illuminate\\Foundation\\Http\\{closure}(Object(Illuminate\\Http\\Request))
#20 /var/www/vendor/laravel/framework/src/Illuminate/Foundation/Http/Middleware/TransformsRequest.php(21): Illuminate\\Pipeline\\Pipeline->Illuminate\\Pipeline\\{closure}(Object(Illuminate\\Http\\Request))
#21 /var/www/vendor/laravel/framework/src/Illuminate/Foundation/Http/Middleware/ConvertEmptyStringsToNull.php(31): Illuminate\\Foundation\\Http\\Middleware\\TransformsRequest->handle(Object(Illuminate\\Http\\Request), Object(Closure))
#22 /var/www/vendor/laravel/framework/src/Illuminate/Pipeline/Pipeline.php(209): Illuminate\\Foundation\\Http\\Middleware\\ConvertEmptyStringsToNull->handle(Object(Illuminate\\Http\\Request), Object(Closure))
#23 /var/www/vendor/laravel/framework/src/Illuminate/Foundation/Http/Middleware/TransformsRequest.php(21): Illuminate\\Pipeline\\Pipeline->Illuminate\\Pipeline\\{closure}(Object(Illuminate\\Http\\Request))
#24 /var/www/vendor/laravel/framework/src/Illuminate/Foundation/Http/Middleware/TrimStrings.php(51): Illuminate\\Foundation\\Http\\Middleware\\TransformsRequest->handle(Object(Illuminate\\Http\\Request), Object(Closure))
#25 /var/www/vendor/laravel/framework/src/Illuminate/Pipeline/Pipeline.php(209): Illuminate\\Foundation\\Http\\Middleware\\TrimStrings->handle(Object(Illuminate\\Http\\Request), Object(Closure))
#26 /var/www/vendor/laravel/framework/src/Illuminate/Http/Middleware/ValidatePostSize.php(27): Illuminate\\Pipeline\\Pipeline->Illuminate\\Pipeline\\{closure}(Object(Illuminate\\Http\\Request))
#27 /var/www/vendor/laravel/framework/src/Illuminate/Pipeline/Pipeline.php(209): Illuminate\\Http\\Middleware\\ValidatePostSize->handle(Object(Illuminate\\Http\\Request), Object(Closure))
#28 /var/www/vendor/laravel/framework/src/Illuminate/Foundation/Http/Middleware/PreventRequestsDuringMaintenance.php(110): Illuminate\\Pipeline\\Pipeline->Illuminate\\Pipeline\\{closure}(Object(Illuminate\\Http\\Request))
#29 /var/www/vendor/laravel/framework/src/Illuminate/Pipeline/Pipeline.php(209): Illuminate\\Foundation\\Http\\Middleware\\PreventRequestsDuringMaintenance->handle(Object(Illuminate\\Http\\Request), Object(Closure))
#30 /var/www/vendor/laravel/framework/src/Illuminate/Http/Middleware/HandleCors.php(62): Illuminate\\Pipeline\\Pipeline->Illuminate\\Pipeline\\{closure}(Object(Illuminate\\Http\\Request))
#31 /var/www/vendor/laravel/framework/src/Illuminate/Pipeline/Pipeline.php(209): Illuminate\\Http\\Middleware\\HandleCors->handle(Object(Illuminate\\Http\\Request), Object(Closure))
#32 /var/www/vendor/laravel/framework/src/Illuminate/Http/Middleware/TrustProxies.php(58): Illuminate\\Pipeline\\Pipeline->Illuminate\\Pipeline\\{closure}(Object(Illuminate\\Http\\Request))
#33 /var/www/vendor/laravel/framework/src/Illuminate/Pipeline/Pipeline.php(209): Illuminate\\Http\\Middleware\\TrustProxies->handle(Object(Illuminate\\Http\\Request), Object(Closure))
#34 /var/www/vendor/laravel/framework/src/Illuminate/Foundation/Http/Middleware/InvokeDeferredCallbacks.php(22): Illuminate\\Pipeline\\Pipeline->Illuminate\\Pipeline\\{closure}(Object(Illuminate\\Http\\Request))
#35 /var/www/vendor/laravel/framework/src/Illuminate/Pipeline/Pipeline.php(209): Illuminate\\Foundation\\Http\\Middleware\\InvokeDeferredCallbacks->handle(Object(Illuminate\\Http\\Request), Object(Closure))
#36 /var/www/vendor/laravel/framework/src/Illuminate/Pipeline/Pipeline.php(127): Illuminate\\Pipeline\\Pipeline->Illuminate\\Pipeline\\{closure}(Object(Illuminate\\Http\\Request))
#37 /var/www/vendor/laravel/framework/src/Illuminate/Foundation/Http/Kernel.php(176): Illuminate\\Pipeline\\Pipeline->then(Object(Closure))
#38 /var/www/vendor/laravel/framework/src/Illuminate/Foundation/Http/Kernel.php(145): Illuminate\\Foundation\\Http\\Kernel->sendRequestThroughRouter(Object(Illuminate\\Http\\Request))
#39 /var/www/public/index.php(11): Illuminate\\Foundation\\Http\\Kernel->handle(Object(Illuminate\\Http\\Request))
#40 /var/www/vendor/laravel/framework/src/Illuminate/Foundation/resources/server.php(23): require_once('/var/www/public...')
#41 {main}
"} 
[2025-08-30 13:06:39] local.ERROR: Route [login] not defined. {"exception":"[object] (Symfony\\Component\\Routing\\Exception\\RouteNotFoundException(code: 0): Route [login] not defined. at /var/www/vendor/laravel/framework/src/Illuminate/Routing/UrlGenerator.php:517)
[stacktrace]
#0 /var/www/vendor/laravel/framework/src/Illuminate/Foundation/helpers.php(853): Illuminate\\Routing\\UrlGenerator->route('login', Array, true)
#1 /var/www/vendor/laravel/framework/src/Illuminate/Foundation/Configuration/ApplicationBuilder.php(278): route('login')
#2 [internal function]: Illuminate\\Foundation\\Configuration\\ApplicationBuilder->Illuminate\\Foundation\\Configuration\\{closure}(Object(Illuminate\\Http\\Request))
#3 /var/www/vendor/laravel/framework/src/Illuminate/Auth/Middleware/Authenticate.php(118): call_user_func(Object(Closure), Object(Illuminate\\Http\\Request))
#4 /var/www/vendor/laravel/framework/src/Illuminate/Auth/Middleware/Authenticate.php(105): Illuminate\\Auth\\Middleware\\Authenticate->redirectTo(Object(Illuminate\\Http\\Request))
#5 /var/www/vendor/laravel/framework/src/Illuminate/Auth/Middleware/Authenticate.php(88): Illuminate\\Auth\\Middleware\\Authenticate->unauthenticated(Object(Illuminate\\Http\\Request), Array)
#6 /var/www/vendor/laravel/framework/src/Illuminate/Auth/Middleware/Authenticate.php(62): Illuminate\\Auth\\Middleware\\Authenticate->authenticate(Object(Illuminate\\Http\\Request), Array)
#7 /var/www/vendor/laravel/framework/src/Illuminate/Pipeline/Pipeline.php(209): Illuminate\\Auth\\Middleware\\Authenticate->handle(Object(Illuminate\\Http\\Request), Object(Closure), 'sanctum')
#8 /var/www/vendor/laravel/sanctum/src/Http/Middleware/EnsureFrontendRequestsAreStateful.php(26): Illuminate\\Pipeline\\Pipeline->Illuminate\\Pipeline\\{closure}(Object(Illuminate\\Http\\Request))
#9 /var/www/vendor/laravel/framework/src/Illuminate/Pipeline/Pipeline.php(170): Laravel\\Sanctum\\Http\\Middleware\\EnsureFrontendRequestsAreStateful->Laravel\\Sanctum\\Http\\Middleware\\{closure}(Object(Illuminate\\Http\\Request))
#10 /var/www/vendor/laravel/framework/src/Illuminate/Pipeline/Pipeline.php(127): Illuminate\\Pipeline\\Pipeline->Illuminate\\Pipeline\\{closure}(Object(Illuminate\\Http\\Request))
#11 /var/www/vendor/laravel/sanctum/src/Http/Middleware/EnsureFrontendRequestsAreStateful.php(25): Illuminate\\Pipeline\\Pipeline->then(Object(Closure))
#12 /var/www/vendor/laravel/framework/src/Illuminate/Pipeline/Pipeline.php(209): Laravel\\Sanctum\\Http\\Middleware\\EnsureFrontendRequestsAreStateful->handle(Object(Illuminate\\Http\\Request), Object(Closure))
#13 /var/www/vendor/laravel/framework/src/Illuminate/Pipeline/Pipeline.php(127): Illuminate\\Pipeline\\Pipeline->Illuminate\\Pipeline\\{closure}(Object(Illuminate\\Http\\Request))
#14 /var/www/vendor/laravel/framework/src/Illuminate/Routing/Router.php(807): Illuminate\\Pipeline\\Pipeline->then(Object(Closure))
#15 /var/www/vendor/laravel/framework/src/Illuminate/Routing/Router.php(786): Illuminate\\Routing\\Router->runRouteWithinStack(Object(Illuminate\\Routing\\Route), Object(Illuminate\\Http\\Request))
#16 /var/www/vendor/laravel/framework/src/Illuminate/Routing/Router.php(750): Illuminate\\Routing\\Router->runRoute(Object(Illuminate\\Http\\Request), Object(Illuminate\\Routing\\Route))
#17 /var/www/vendor/laravel/framework/src/Illuminate/Routing/Router.php(739): Illuminate\\Routing\\Router->dispatchToRoute(Object(Illuminate\\Http\\Request))
#18 /var/www/vendor/laravel/framework/src/Illuminate/Foundation/Http/Kernel.php(201): Illuminate\\Routing\\Router->dispatch(Object(Illuminate\\Http\\Request))
#19 /var/www/vendor/laravel/framework/src/Illuminate/Pipeline/Pipeline.php(170): Illuminate\\Foundation\\Http\\Kernel->Illuminate\\Foundation\\Http\\{closure}(Object(Illuminate\\Http\\Request))
#20 /var/www/vendor/laravel/framework/src/Illuminate/Foundation/Http/Middleware/TransformsRequest.php(21): Illuminate\\Pipeline\\Pipeline->Illuminate\\Pipeline\\{closure}(Object(Illuminate\\Http\\Request))
#21 /var/www/vendor/laravel/framework/src/Illuminate/Foundation/Http/Middleware/ConvertEmptyStringsToNull.php(31): Illuminate\\Foundation\\Http\\Middleware\\TransformsRequest->handle(Object(Illuminate\\Http\\Request), Object(Closure))
#22 /var/www/vendor/laravel/framework/src/Illuminate/Pipeline/Pipeline.php(209): Illuminate\\Foundation\\Http\\Middleware\\ConvertEmptyStringsToNull->handle(Object(Illuminate\\Http\\Request), Object(Closure))
#23 /var/www/vendor/laravel/framework/src/Illuminate/Foundation/Http/Middleware/TransformsRequest.php(21): Illuminate\\Pipeline\\Pipeline->Illuminate\\Pipeline\\{closure}(Object(Illuminate\\Http\\Request))
#24 /var/www/vendor/laravel/framework/src/Illuminate/Foundation/Http/Middleware/TrimStrings.php(51): Illuminate\\Foundation\\Http\\Middleware\\TransformsRequest->handle(Object(Illuminate\\Http\\Request), Object(Closure))
#25 /var/www/vendor/laravel/framework/src/Illuminate/Pipeline/Pipeline.php(209): Illuminate\\Foundation\\Http\\Middleware\\TrimStrings->handle(Object(Illuminate\\Http\\Request), Object(Closure))
#26 /var/www/vendor/laravel/framework/src/Illuminate/Http/Middleware/ValidatePostSize.php(27): Illuminate\\Pipeline\\Pipeline->Illuminate\\Pipeline\\{closure}(Object(Illuminate\\Http\\Request))
#27 /var/www/vendor/laravel/framework/src/Illuminate/Pipeline/Pipeline.php(209): Illuminate\\Http\\Middleware\\ValidatePostSize->handle(Object(Illuminate\\Http\\Request), Object(Closure))
#28 /var/www/vendor/laravel/framework/src/Illuminate/Foundation/Http/Middleware/PreventRequestsDuringMaintenance.php(110): Illuminate\\Pipeline\\Pipeline->Illuminate\\Pipeline\\{closure}(Object(Illuminate\\Http\\Request))
#29 /var/www/vendor/laravel/framework/src/Illuminate/Pipeline/Pipeline.php(209): Illuminate\\Foundation\\Http\\Middleware\\PreventRequestsDuringMaintenance->handle(Object(Illuminate\\Http\\Request), Object(Closure))
#30 /var/www/vendor/laravel/framework/src/Illuminate/Http/Middleware/HandleCors.php(62): Illuminate\\Pipeline\\Pipeline->Illuminate\\Pipeline\\{closure}(Object(Illuminate\\Http\\Request))
#31 /var/www/vendor/laravel/framework/src/Illuminate/Pipeline/Pipeline.php(209): Illuminate\\Http\\Middleware\\HandleCors->handle(Object(Illuminate\\Http\\Request), Object(Closure))
#32 /var/www/vendor/laravel/framework/src/Illuminate/Http/Middleware/TrustProxies.php(58): Illuminate\\Pipeline\\Pipeline->Illuminate\\Pipeline\\{closure}(Object(Illuminate\\Http\\Request))
#33 /var/www/vendor/laravel/framework/src/Illuminate/Pipeline/Pipeline.php(209): Illuminate\\Http\\Middleware\\TrustProxies->handle(Object(Illuminate\\Http\\Request), Object(Closure))
#34 /var/www/vendor/laravel/framework/src/Illuminate/Foundation/Http/Middleware/InvokeDeferredCallbacks.php(22): Illuminate\\Pipeline\\Pipeline->Illuminate\\Pipeline\\{closure}(Object(Illuminate\\Http\\Request))
#35 /var/www/vendor/laravel/framework/src/Illuminate/Pipeline/Pipeline.php(209): Illuminate\\Foundation\\Http\\Middleware\\InvokeDeferredCallbacks->handle(Object(Illuminate\\Http\\Request), Object(Closure))
#36 /var/www/vendor/laravel/framework/src/Illuminate/Pipeline/Pipeline.php(127): Illuminate\\Pipeline\\Pipeline->Illuminate\\Pipeline\\{closure}(Object(Illuminate\\Http\\Request))
#37 /var/www/vendor/laravel/framework/src/Illuminate/Foundation/Http/Kernel.php(176): Illuminate\\Pipeline\\Pipeline->then(Object(Closure))
#38 /var/www/vendor/laravel/framework/src/Illuminate/Foundation/Http/Kernel.php(145): Illuminate\\Foundation\\Http\\Kernel->sendRequestThroughRouter(Object(Illuminate\\Http\\Request))
#39 /var/www/public/index.php(11): Illuminate\\Foundation\\Http\\Kernel->handle(Object(Illuminate\\Http\\Request))
#40 /var/www/vendor/laravel/framework/src/Illuminate/Foundation/resources/server.php(23): require_once('/var/www/public...')
#41 {main}
"} 
[2025-08-30 13:06:49] local.ERROR: Route [login] not defined. {"exception":"[object] (Symfony\\Component\\Routing\\Exception\\RouteNotFoundException(code: 0): Route [login] not defined. at /var/www/vendor/laravel/framework/src/Illuminate/Routing/UrlGenerator.php:517)
[stacktrace]
#0 /var/www/vendor/laravel/framework/src/Illuminate/Foundation/helpers.php(853): Illuminate\\Routing\\UrlGenerator->route('login', Array, true)
#1 /var/www/vendor/laravel/framework/src/Illuminate/Foundation/Configuration/ApplicationBuilder.php(278): route('login')
#2 [internal function]: Illuminate\\Foundation\\Configuration\\ApplicationBuilder->Illuminate\\Foundation\\Configuration\\{closure}(Object(Illuminate\\Http\\Request))
#3 /var/www/vendor/laravel/framework/src/Illuminate/Auth/Middleware/Authenticate.php(118): call_user_func(Object(Closure), Object(Illuminate\\Http\\Request))
#4 /var/www/vendor/laravel/framework/src/Illuminate/Auth/Middleware/Authenticate.php(105): Illuminate\\Auth\\Middleware\\Authenticate->redirectTo(Object(Illuminate\\Http\\Request))
#5 /var/www/vendor/laravel/framework/src/Illuminate/Auth/Middleware/Authenticate.php(88): Illuminate\\Auth\\Middleware\\Authenticate->unauthenticated(Object(Illuminate\\Http\\Request), Array)
#6 /var/www/vendor/laravel/framework/src/Illuminate/Auth/Middleware/Authenticate.php(62): Illuminate\\Auth\\Middleware\\Authenticate->authenticate(Object(Illuminate\\Http\\Request), Array)
#7 /var/www/vendor/laravel/framework/src/Illuminate/Pipeline/Pipeline.php(209): Illuminate\\Auth\\Middleware\\Authenticate->handle(Object(Illuminate\\Http\\Request), Object(Closure), 'sanctum')
#8 /var/www/vendor/laravel/sanctum/src/Http/Middleware/EnsureFrontendRequestsAreStateful.php(26): Illuminate\\Pipeline\\Pipeline->Illuminate\\Pipeline\\{closure}(Object(Illuminate\\Http\\Request))
#9 /var/www/vendor/laravel/framework/src/Illuminate/Pipeline/Pipeline.php(170): Laravel\\Sanctum\\Http\\Middleware\\EnsureFrontendRequestsAreStateful->Laravel\\Sanctum\\Http\\Middleware\\{closure}(Object(Illuminate\\Http\\Request))
#10 /var/www/vendor/laravel/framework/src/Illuminate/Pipeline/Pipeline.php(127): Illuminate\\Pipeline\\Pipeline->Illuminate\\Pipeline\\{closure}(Object(Illuminate\\Http\\Request))
#11 /var/www/vendor/laravel/sanctum/src/Http/Middleware/EnsureFrontendRequestsAreStateful.php(25): Illuminate\\Pipeline\\Pipeline->then(Object(Closure))
#12 /var/www/vendor/laravel/framework/src/Illuminate/Pipeline/Pipeline.php(209): Laravel\\Sanctum\\Http\\Middleware\\EnsureFrontendRequestsAreStateful->handle(Object(Illuminate\\Http\\Request), Object(Closure))
#13 /var/www/vendor/laravel/framework/src/Illuminate/Pipeline/Pipeline.php(127): Illuminate\\Pipeline\\Pipeline->Illuminate\\Pipeline\\{closure}(Object(Illuminate\\Http\\Request))
#14 /var/www/vendor/laravel/framework/src/Illuminate/Routing/Router.php(807): Illuminate\\Pipeline\\Pipeline->then(Object(Closure))
#15 /var/www/vendor/laravel/framework/src/Illuminate/Routing/Router.php(786): Illuminate\\Routing\\Router->runRouteWithinStack(Object(Illuminate\\Routing\\Route), Object(Illuminate\\Http\\Request))
#16 /var/www/vendor/laravel/framework/src/Illuminate/Routing/Router.php(750): Illuminate\\Routing\\Router->runRoute(Object(Illuminate\\Http\\Request), Object(Illuminate\\Routing\\Route))
#17 /var/www/vendor/laravel/framework/src/Illuminate/Routing/Router.php(739): Illuminate\\Routing\\Router->dispatchToRoute(Object(Illuminate\\Http\\Request))
#18 /var/www/vendor/laravel/framework/src/Illuminate/Foundation/Http/Kernel.php(201): Illuminate\\Routing\\Router->dispatch(Object(Illuminate\\Http\\Request))
#19 /var/www/vendor/laravel/framework/src/Illuminate/Pipeline/Pipeline.php(170): Illuminate\\Foundation\\Http\\Kernel->Illuminate\\Foundation\\Http\\{closure}(Object(Illuminate\\Http\\Request))
#20 /var/www/vendor/laravel/framework/src/Illuminate/Foundation/Http/Middleware/TransformsRequest.php(21): Illuminate\\Pipeline\\Pipeline->Illuminate\\Pipeline\\{closure}(Object(Illuminate\\Http\\Request))
#21 /var/www/vendor/laravel/framework/src/Illuminate/Foundation/Http/Middleware/ConvertEmptyStringsToNull.php(31): Illuminate\\Foundation\\Http\\Middleware\\TransformsRequest->handle(Object(Illuminate\\Http\\Request), Object(Closure))
#22 /var/www/vendor/laravel/framework/src/Illuminate/Pipeline/Pipeline.php(209): Illuminate\\Foundation\\Http\\Middleware\\ConvertEmptyStringsToNull->handle(Object(Illuminate\\Http\\Request), Object(Closure))
#23 /var/www/vendor/laravel/framework/src/Illuminate/Foundation/Http/Middleware/TransformsRequest.php(21): Illuminate\\Pipeline\\Pipeline->Illuminate\\Pipeline\\{closure}(Object(Illuminate\\Http\\Request))
#24 /var/www/vendor/laravel/framework/src/Illuminate/Foundation/Http/Middleware/TrimStrings.php(51): Illuminate\\Foundation\\Http\\Middleware\\TransformsRequest->handle(Object(Illuminate\\Http\\Request), Object(Closure))
#25 /var/www/vendor/laravel/framework/src/Illuminate/Pipeline/Pipeline.php(209): Illuminate\\Foundation\\Http\\Middleware\\TrimStrings->handle(Object(Illuminate\\Http\\Request), Object(Closure))
#26 /var/www/vendor/laravel/framework/src/Illuminate/Http/Middleware/ValidatePostSize.php(27): Illuminate\\Pipeline\\Pipeline->Illuminate\\Pipeline\\{closure}(Object(Illuminate\\Http\\Request))
#27 /var/www/vendor/laravel/framework/src/Illuminate/Pipeline/Pipeline.php(209): Illuminate\\Http\\Middleware\\ValidatePostSize->handle(Object(Illuminate\\Http\\Request), Object(Closure))
#28 /var/www/vendor/laravel/framework/src/Illuminate/Foundation/Http/Middleware/PreventRequestsDuringMaintenance.php(110): Illuminate\\Pipeline\\Pipeline->Illuminate\\Pipeline\\{closure}(Object(Illuminate\\Http\\Request))
#29 /var/www/vendor/laravel/framework/src/Illuminate/Pipeline/Pipeline.php(209): Illuminate\\Foundation\\Http\\Middleware\\PreventRequestsDuringMaintenance->handle(Object(Illuminate\\Http\\Request), Object(Closure))
#30 /var/www/vendor/laravel/framework/src/Illuminate/Http/Middleware/HandleCors.php(62): Illuminate\\Pipeline\\Pipeline->Illuminate\\Pipeline\\{closure}(Object(Illuminate\\Http\\Request))
#31 /var/www/vendor/laravel/framework/src/Illuminate/Pipeline/Pipeline.php(209): Illuminate\\Http\\Middleware\\HandleCors->handle(Object(Illuminate\\Http\\Request), Object(Closure))
#32 /var/www/vendor/laravel/framework/src/Illuminate/Http/Middleware/TrustProxies.php(58): Illuminate\\Pipeline\\Pipeline->Illuminate\\Pipeline\\{closure}(Object(Illuminate\\Http\\Request))
#33 /var/www/vendor/laravel/framework/src/Illuminate/Pipeline/Pipeline.php(209): Illuminate\\Http\\Middleware\\TrustProxies->handle(Object(Illuminate\\Http\\Request), Object(Closure))
#34 /var/www/vendor/laravel/framework/src/Illuminate/Foundation/Http/Middleware/InvokeDeferredCallbacks.php(22): Illuminate\\Pipeline\\Pipeline->Illuminate\\Pipeline\\{closure}(Object(Illuminate\\Http\\Request))
#35 /var/www/vendor/laravel/framework/src/Illuminate/Pipeline/Pipeline.php(209): Illuminate\\Foundation\\Http\\Middleware\\InvokeDeferredCallbacks->handle(Object(Illuminate\\Http\\Request), Object(Closure))
#36 /var/www/vendor/laravel/framework/src/Illuminate/Pipeline/Pipeline.php(127): Illuminate\\Pipeline\\Pipeline->Illuminate\\Pipeline\\{closure}(Object(Illuminate\\Http\\Request))
#37 /var/www/vendor/laravel/framework/src/Illuminate/Foundation/Http/Kernel.php(176): Illuminate\\Pipeline\\Pipeline->then(Object(Closure))
#38 /var/www/vendor/laravel/framework/src/Illuminate/Foundation/Http/Kernel.php(145): Illuminate\\Foundation\\Http\\Kernel->sendRequestThroughRouter(Object(Illuminate\\Http\\Request))
#39 /var/www/public/index.php(11): Illuminate\\Foundation\\Http\\Kernel->handle(Object(Illuminate\\Http\\Request))
#40 /var/www/vendor/laravel/framework/src/Illuminate/Foundation/resources/server.php(23): require_once('/var/www/public...')
#41 {main}
"} 
[2025-08-30 13:06:56] local.ERROR: Route [login] not defined. {"exception":"[object] (Symfony\\Component\\Routing\\Exception\\RouteNotFoundException(code: 0): Route [login] not defined. at /var/www/vendor/laravel/framework/src/Illuminate/Routing/UrlGenerator.php:517)
[stacktrace]
#0 /var/www/vendor/laravel/framework/src/Illuminate/Foundation/helpers.php(853): Illuminate\\Routing\\UrlGenerator->route('login', Array, true)
#1 /var/www/vendor/laravel/framework/src/Illuminate/Foundation/Configuration/ApplicationBuilder.php(278): route('login')
#2 [internal function]: Illuminate\\Foundation\\Configuration\\ApplicationBuilder->Illuminate\\Foundation\\Configuration\\{closure}(Object(Illuminate\\Http\\Request))
#3 /var/www/vendor/laravel/framework/src/Illuminate/Auth/Middleware/Authenticate.php(118): call_user_func(Object(Closure), Object(Illuminate\\Http\\Request))
#4 /var/www/vendor/laravel/framework/src/Illuminate/Auth/Middleware/Authenticate.php(105): Illuminate\\Auth\\Middleware\\Authenticate->redirectTo(Object(Illuminate\\Http\\Request))
#5 /var/www/vendor/laravel/framework/src/Illuminate/Auth/Middleware/Authenticate.php(88): Illuminate\\Auth\\Middleware\\Authenticate->unauthenticated(Object(Illuminate\\Http\\Request), Array)
#6 /var/www/vendor/laravel/framework/src/Illuminate/Auth/Middleware/Authenticate.php(62): Illuminate\\Auth\\Middleware\\Authenticate->authenticate(Object(Illuminate\\Http\\Request), Array)
#7 /var/www/vendor/laravel/framework/src/Illuminate/Pipeline/Pipeline.php(209): Illuminate\\Auth\\Middleware\\Authenticate->handle(Object(Illuminate\\Http\\Request), Object(Closure), 'sanctum')
#8 /var/www/vendor/laravel/sanctum/src/Http/Middleware/EnsureFrontendRequestsAreStateful.php(26): Illuminate\\Pipeline\\Pipeline->Illuminate\\Pipeline\\{closure}(Object(Illuminate\\Http\\Request))
#9 /var/www/vendor/laravel/framework/src/Illuminate/Pipeline/Pipeline.php(170): Laravel\\Sanctum\\Http\\Middleware\\EnsureFrontendRequestsAreStateful->Laravel\\Sanctum\\Http\\Middleware\\{closure}(Object(Illuminate\\Http\\Request))
#10 /var/www/vendor/laravel/framework/src/Illuminate/Pipeline/Pipeline.php(127): Illuminate\\Pipeline\\Pipeline->Illuminate\\Pipeline\\{closure}(Object(Illuminate\\Http\\Request))
#11 /var/www/vendor/laravel/sanctum/src/Http/Middleware/EnsureFrontendRequestsAreStateful.php(25): Illuminate\\Pipeline\\Pipeline->then(Object(Closure))
#12 /var/www/vendor/laravel/framework/src/Illuminate/Pipeline/Pipeline.php(209): Laravel\\Sanctum\\Http\\Middleware\\EnsureFrontendRequestsAreStateful->handle(Object(Illuminate\\Http\\Request), Object(Closure))
#13 /var/www/vendor/laravel/framework/src/Illuminate/Pipeline/Pipeline.php(127): Illuminate\\Pipeline\\Pipeline->Illuminate\\Pipeline\\{closure}(Object(Illuminate\\Http\\Request))
#14 /var/www/vendor/laravel/framework/src/Illuminate/Routing/Router.php(807): Illuminate\\Pipeline\\Pipeline->then(Object(Closure))
#15 /var/www/vendor/laravel/framework/src/Illuminate/Routing/Router.php(786): Illuminate\\Routing\\Router->runRouteWithinStack(Object(Illuminate\\Routing\\Route), Object(Illuminate\\Http\\Request))
#16 /var/www/vendor/laravel/framework/src/Illuminate/Routing/Router.php(750): Illuminate\\Routing\\Router->runRoute(Object(Illuminate\\Http\\Request), Object(Illuminate\\Routing\\Route))
#17 /var/www/vendor/laravel/framework/src/Illuminate/Routing/Router.php(739): Illuminate\\Routing\\Router->dispatchToRoute(Object(Illuminate\\Http\\Request))
#18 /var/www/vendor/laravel/framework/src/Illuminate/Foundation/Http/Kernel.php(201): Illuminate\\Routing\\Router->dispatch(Object(Illuminate\\Http\\Request))
#19 /var/www/vendor/laravel/framework/src/Illuminate/Pipeline/Pipeline.php(170): Illuminate\\Foundation\\Http\\Kernel->Illuminate\\Foundation\\Http\\{closure}(Object(Illuminate\\Http\\Request))
#20 /var/www/vendor/laravel/framework/src/Illuminate/Foundation/Http/Middleware/TransformsRequest.php(21): Illuminate\\Pipeline\\Pipeline->Illuminate\\Pipeline\\{closure}(Object(Illuminate\\Http\\Request))
#21 /var/www/vendor/laravel/framework/src/Illuminate/Foundation/Http/Middleware/ConvertEmptyStringsToNull.php(31): Illuminate\\Foundation\\Http\\Middleware\\TransformsRequest->handle(Object(Illuminate\\Http\\Request), Object(Closure))
#22 /var/www/vendor/laravel/framework/src/Illuminate/Pipeline/Pipeline.php(209): Illuminate\\Foundation\\Http\\Middleware\\ConvertEmptyStringsToNull->handle(Object(Illuminate\\Http\\Request), Object(Closure))
#23 /var/www/vendor/laravel/framework/src/Illuminate/Foundation/Http/Middleware/TransformsRequest.php(21): Illuminate\\Pipeline\\Pipeline->Illuminate\\Pipeline\\{closure}(Object(Illuminate\\Http\\Request))
#24 /var/www/vendor/laravel/framework/src/Illuminate/Foundation/Http/Middleware/TrimStrings.php(51): Illuminate\\Foundation\\Http\\Middleware\\TransformsRequest->handle(Object(Illuminate\\Http\\Request), Object(Closure))
#25 /var/www/vendor/laravel/framework/src/Illuminate/Pipeline/Pipeline.php(209): Illuminate\\Foundation\\Http\\Middleware\\TrimStrings->handle(Object(Illuminate\\Http\\Request), Object(Closure))
#26 /var/www/vendor/laravel/framework/src/Illuminate/Http/Middleware/ValidatePostSize.php(27): Illuminate\\Pipeline\\Pipeline->Illuminate\\Pipeline\\{closure}(Object(Illuminate\\Http\\Request))
#27 /var/www/vendor/laravel/framework/src/Illuminate/Pipeline/Pipeline.php(209): Illuminate\\Http\\Middleware\\ValidatePostSize->handle(Object(Illuminate\\Http\\Request), Object(Closure))
#28 /var/www/vendor/laravel/framework/src/Illuminate/Foundation/Http/Middleware/PreventRequestsDuringMaintenance.php(110): Illuminate\\Pipeline\\Pipeline->Illuminate\\Pipeline\\{closure}(Object(Illuminate\\Http\\Request))
#29 /var/www/vendor/laravel/framework/src/Illuminate/Pipeline/Pipeline.php(209): Illuminate\\Foundation\\Http\\Middleware\\PreventRequestsDuringMaintenance->handle(Object(Illuminate\\Http\\Request), Object(Closure))
#30 /var/www/vendor/laravel/framework/src/Illuminate/Http/Middleware/HandleCors.php(62): Illuminate\\Pipeline\\Pipeline->Illuminate\\Pipeline\\{closure}(Object(Illuminate\\Http\\Request))
#31 /var/www/vendor/laravel/framework/src/Illuminate/Pipeline/Pipeline.php(209): Illuminate\\Http\\Middleware\\HandleCors->handle(Object(Illuminate\\Http\\Request), Object(Closure))
#32 /var/www/vendor/laravel/framework/src/Illuminate/Http/Middleware/TrustProxies.php(58): Illuminate\\Pipeline\\Pipeline->Illuminate\\Pipeline\\{closure}(Object(Illuminate\\Http\\Request))
#33 /var/www/vendor/laravel/framework/src/Illuminate/Pipeline/Pipeline.php(209): Illuminate\\Http\\Middleware\\TrustProxies->handle(Object(Illuminate\\Http\\Request), Object(Closure))
#34 /var/www/vendor/laravel/framework/src/Illuminate/Foundation/Http/Middleware/InvokeDeferredCallbacks.php(22): Illuminate\\Pipeline\\Pipeline->Illuminate\\Pipeline\\{closure}(Object(Illuminate\\Http\\Request))
#35 /var/www/vendor/laravel/framework/src/Illuminate/Pipeline/Pipeline.php(209): Illuminate\\Foundation\\Http\\Middleware\\InvokeDeferredCallbacks->handle(Object(Illuminate\\Http\\Request), Object(Closure))
#36 /var/www/vendor/laravel/framework/src/Illuminate/Pipeline/Pipeline.php(127): Illuminate\\Pipeline\\Pipeline->Illuminate\\Pipeline\\{closure}(Object(Illuminate\\Http\\Request))
#37 /var/www/vendor/laravel/framework/src/Illuminate/Foundation/Http/Kernel.php(176): Illuminate\\Pipeline\\Pipeline->then(Object(Closure))
#38 /var/www/vendor/laravel/framework/src/Illuminate/Foundation/Http/Kernel.php(145): Illuminate\\Foundation\\Http\\Kernel->sendRequestThroughRouter(Object(Illuminate\\Http\\Request))
#39 /var/www/public/index.php(11): Illuminate\\Foundation\\Http\\Kernel->handle(Object(Illuminate\\Http\\Request))
#40 /var/www/vendor/laravel/framework/src/Illuminate/Foundation/resources/server.php(23): require_once('/var/www/public...')
#41 {main}
"} 
[2025-08-30 13:07:03] local.ERROR: Route [login] not defined. {"exception":"[object] (Symfony\\Component\\Routing\\Exception\\RouteNotFoundException(code: 0): Route [login] not defined. at /var/www/vendor/laravel/framework/src/Illuminate/Routing/UrlGenerator.php:517)
[stacktrace]
#0 /var/www/vendor/laravel/framework/src/Illuminate/Foundation/helpers.php(853): Illuminate\\Routing\\UrlGenerator->route('login', Array, true)
#1 /var/www/vendor/laravel/framework/src/Illuminate/Foundation/Configuration/ApplicationBuilder.php(278): route('login')
#2 [internal function]: Illuminate\\Foundation\\Configuration\\ApplicationBuilder->Illuminate\\Foundation\\Configuration\\{closure}(Object(Illuminate\\Http\\Request))
#3 /var/www/vendor/laravel/framework/src/Illuminate/Auth/Middleware/Authenticate.php(118): call_user_func(Object(Closure), Object(Illuminate\\Http\\Request))
#4 /var/www/vendor/laravel/framework/src/Illuminate/Auth/Middleware/Authenticate.php(105): Illuminate\\Auth\\Middleware\\Authenticate->redirectTo(Object(Illuminate\\Http\\Request))
#5 /var/www/vendor/laravel/framework/src/Illuminate/Auth/Middleware/Authenticate.php(88): Illuminate\\Auth\\Middleware\\Authenticate->unauthenticated(Object(Illuminate\\Http\\Request), Array)
#6 /var/www/vendor/laravel/framework/src/Illuminate/Auth/Middleware/Authenticate.php(62): Illuminate\\Auth\\Middleware\\Authenticate->authenticate(Object(Illuminate\\Http\\Request), Array)
#7 /var/www/vendor/laravel/framework/src/Illuminate/Pipeline/Pipeline.php(209): Illuminate\\Auth\\Middleware\\Authenticate->handle(Object(Illuminate\\Http\\Request), Object(Closure), 'sanctum')
#8 /var/www/vendor/laravel/sanctum/src/Http/Middleware/EnsureFrontendRequestsAreStateful.php(26): Illuminate\\Pipeline\\Pipeline->Illuminate\\Pipeline\\{closure}(Object(Illuminate\\Http\\Request))
#9 /var/www/vendor/laravel/framework/src/Illuminate/Pipeline/Pipeline.php(170): Laravel\\Sanctum\\Http\\Middleware\\EnsureFrontendRequestsAreStateful->Laravel\\Sanctum\\Http\\Middleware\\{closure}(Object(Illuminate\\Http\\Request))
#10 /var/www/vendor/laravel/framework/src/Illuminate/Pipeline/Pipeline.php(127): Illuminate\\Pipeline\\Pipeline->Illuminate\\Pipeline\\{closure}(Object(Illuminate\\Http\\Request))
#11 /var/www/vendor/laravel/sanctum/src/Http/Middleware/EnsureFrontendRequestsAreStateful.php(25): Illuminate\\Pipeline\\Pipeline->then(Object(Closure))
#12 /var/www/vendor/laravel/framework/src/Illuminate/Pipeline/Pipeline.php(209): Laravel\\Sanctum\\Http\\Middleware\\EnsureFrontendRequestsAreStateful->handle(Object(Illuminate\\Http\\Request), Object(Closure))
#13 /var/www/vendor/laravel/framework/src/Illuminate/Pipeline/Pipeline.php(127): Illuminate\\Pipeline\\Pipeline->Illuminate\\Pipeline\\{closure}(Object(Illuminate\\Http\\Request))
#14 /var/www/vendor/laravel/framework/src/Illuminate/Routing/Router.php(807): Illuminate\\Pipeline\\Pipeline->then(Object(Closure))
#15 /var/www/vendor/laravel/framework/src/Illuminate/Routing/Router.php(786): Illuminate\\Routing\\Router->runRouteWithinStack(Object(Illuminate\\Routing\\Route), Object(Illuminate\\Http\\Request))
#16 /var/www/vendor/laravel/framework/src/Illuminate/Routing/Router.php(750): Illuminate\\Routing\\Router->runRoute(Object(Illuminate\\Http\\Request), Object(Illuminate\\Routing\\Route))
#17 /var/www/vendor/laravel/framework/src/Illuminate/Routing/Router.php(739): Illuminate\\Routing\\Router->dispatchToRoute(Object(Illuminate\\Http\\Request))
#18 /var/www/vendor/laravel/framework/src/Illuminate/Foundation/Http/Kernel.php(201): Illuminate\\Routing\\Router->dispatch(Object(Illuminate\\Http\\Request))
#19 /var/www/vendor/laravel/framework/src/Illuminate/Pipeline/Pipeline.php(170): Illuminate\\Foundation\\Http\\Kernel->Illuminate\\Foundation\\Http\\{closure}(Object(Illuminate\\Http\\Request))
#20 /var/www/vendor/laravel/framework/src/Illuminate/Foundation/Http/Middleware/TransformsRequest.php(21): Illuminate\\Pipeline\\Pipeline->Illuminate\\Pipeline\\{closure}(Object(Illuminate\\Http\\Request))
#21 /var/www/vendor/laravel/framework/src/Illuminate/Foundation/Http/Middleware/ConvertEmptyStringsToNull.php(31): Illuminate\\Foundation\\Http\\Middleware\\TransformsRequest->handle(Object(Illuminate\\Http\\Request), Object(Closure))
#22 /var/www/vendor/laravel/framework/src/Illuminate/Pipeline/Pipeline.php(209): Illuminate\\Foundation\\Http\\Middleware\\ConvertEmptyStringsToNull->handle(Object(Illuminate\\Http\\Request), Object(Closure))
#23 /var/www/vendor/laravel/framework/src/Illuminate/Foundation/Http/Middleware/TransformsRequest.php(21): Illuminate\\Pipeline\\Pipeline->Illuminate\\Pipeline\\{closure}(Object(Illuminate\\Http\\Request))
#24 /var/www/vendor/laravel/framework/src/Illuminate/Foundation/Http/Middleware/TrimStrings.php(51): Illuminate\\Foundation\\Http\\Middleware\\TransformsRequest->handle(Object(Illuminate\\Http\\Request), Object(Closure))
#25 /var/www/vendor/laravel/framework/src/Illuminate/Pipeline/Pipeline.php(209): Illuminate\\Foundation\\Http\\Middleware\\TrimStrings->handle(Object(Illuminate\\Http\\Request), Object(Closure))
#26 /var/www/vendor/laravel/framework/src/Illuminate/Http/Middleware/ValidatePostSize.php(27): Illuminate\\Pipeline\\Pipeline->Illuminate\\Pipeline\\{closure}(Object(Illuminate\\Http\\Request))
#27 /var/www/vendor/laravel/framework/src/Illuminate/Pipeline/Pipeline.php(209): Illuminate\\Http\\Middleware\\ValidatePostSize->handle(Object(Illuminate\\Http\\Request), Object(Closure))
#28 /var/www/vendor/laravel/framework/src/Illuminate/Foundation/Http/Middleware/PreventRequestsDuringMaintenance.php(110): Illuminate\\Pipeline\\Pipeline->Illuminate\\Pipeline\\{closure}(Object(Illuminate\\Http\\Request))
#29 /var/www/vendor/laravel/framework/src/Illuminate/Pipeline/Pipeline.php(209): Illuminate\\Foundation\\Http\\Middleware\\PreventRequestsDuringMaintenance->handle(Object(Illuminate\\Http\\Request), Object(Closure))
#30 /var/www/vendor/laravel/framework/src/Illuminate/Http/Middleware/HandleCors.php(62): Illuminate\\Pipeline\\Pipeline->Illuminate\\Pipeline\\{closure}(Object(Illuminate\\Http\\Request))
#31 /var/www/vendor/laravel/framework/src/Illuminate/Pipeline/Pipeline.php(209): Illuminate\\Http\\Middleware\\HandleCors->handle(Object(Illuminate\\Http\\Request), Object(Closure))
#32 /var/www/vendor/laravel/framework/src/Illuminate/Http/Middleware/TrustProxies.php(58): Illuminate\\Pipeline\\Pipeline->Illuminate\\Pipeline\\{closure}(Object(Illuminate\\Http\\Request))
#33 /var/www/vendor/laravel/framework/src/Illuminate/Pipeline/Pipeline.php(209): Illuminate\\Http\\Middleware\\TrustProxies->handle(Object(Illuminate\\Http\\Request), Object(Closure))
#34 /var/www/vendor/laravel/framework/src/Illuminate/Foundation/Http/Middleware/InvokeDeferredCallbacks.php(22): Illuminate\\Pipeline\\Pipeline->Illuminate\\Pipeline\\{closure}(Object(Illuminate\\Http\\Request))
#35 /var/www/vendor/laravel/framework/src/Illuminate/Pipeline/Pipeline.php(209): Illuminate\\Foundation\\Http\\Middleware\\InvokeDeferredCallbacks->handle(Object(Illuminate\\Http\\Request), Object(Closure))
#36 /var/www/vendor/laravel/framework/src/Illuminate/Pipeline/Pipeline.php(127): Illuminate\\Pipeline\\Pipeline->Illuminate\\Pipeline\\{closure}(Object(Illuminate\\Http\\Request))
#37 /var/www/vendor/laravel/framework/src/Illuminate/Foundation/Http/Kernel.php(176): Illuminate\\Pipeline\\Pipeline->then(Object(Closure))
#38 /var/www/vendor/laravel/framework/src/Illuminate/Foundation/Http/Kernel.php(145): Illuminate\\Foundation\\Http\\Kernel->sendRequestThroughRouter(Object(Illuminate\\Http\\Request))
#39 /var/www/public/index.php(11): Illuminate\\Foundation\\Http\\Kernel->handle(Object(Illuminate\\Http\\Request))
#40 /var/www/vendor/laravel/framework/src/Illuminate/Foundation/resources/server.php(23): require_once('/var/www/public...')
#41 {main}
"} 
[2025-08-30 13:07:09] local.ERROR: Route [login] not defined. {"exception":"[object] (Symfony\\Component\\Routing\\Exception\\RouteNotFoundException(code: 0): Route [login] not defined. at /var/www/vendor/laravel/framework/src/Illuminate/Routing/UrlGenerator.php:517)
[stacktrace]
#0 /var/www/vendor/laravel/framework/src/Illuminate/Foundation/helpers.php(853): Illuminate\\Routing\\UrlGenerator->route('login', Array, true)
#1 /var/www/vendor/laravel/framework/src/Illuminate/Foundation/Configuration/ApplicationBuilder.php(278): route('login')
#2 [internal function]: Illuminate\\Foundation\\Configuration\\ApplicationBuilder->Illuminate\\Foundation\\Configuration\\{closure}(Object(Illuminate\\Http\\Request))
#3 /var/www/vendor/laravel/framework/src/Illuminate/Auth/Middleware/Authenticate.php(118): call_user_func(Object(Closure), Object(Illuminate\\Http\\Request))
#4 /var/www/vendor/laravel/framework/src/Illuminate/Auth/Middleware/Authenticate.php(105): Illuminate\\Auth\\Middleware\\Authenticate->redirectTo(Object(Illuminate\\Http\\Request))
#5 /var/www/vendor/laravel/framework/src/Illuminate/Auth/Middleware/Authenticate.php(88): Illuminate\\Auth\\Middleware\\Authenticate->unauthenticated(Object(Illuminate\\Http\\Request), Array)
#6 /var/www/vendor/laravel/framework/src/Illuminate/Auth/Middleware/Authenticate.php(62): Illuminate\\Auth\\Middleware\\Authenticate->authenticate(Object(Illuminate\\Http\\Request), Array)
#7 /var/www/vendor/laravel/framework/src/Illuminate/Pipeline/Pipeline.php(209): Illuminate\\Auth\\Middleware\\Authenticate->handle(Object(Illuminate\\Http\\Request), Object(Closure), 'sanctum')
#8 /var/www/vendor/laravel/sanctum/src/Http/Middleware/EnsureFrontendRequestsAreStateful.php(26): Illuminate\\Pipeline\\Pipeline->Illuminate\\Pipeline\\{closure}(Object(Illuminate\\Http\\Request))
#9 /var/www/vendor/laravel/framework/src/Illuminate/Pipeline/Pipeline.php(170): Laravel\\Sanctum\\Http\\Middleware\\EnsureFrontendRequestsAreStateful->Laravel\\Sanctum\\Http\\Middleware\\{closure}(Object(Illuminate\\Http\\Request))
#10 /var/www/vendor/laravel/framework/src/Illuminate/Pipeline/Pipeline.php(127): Illuminate\\Pipeline\\Pipeline->Illuminate\\Pipeline\\{closure}(Object(Illuminate\\Http\\Request))
#11 /var/www/vendor/laravel/sanctum/src/Http/Middleware/EnsureFrontendRequestsAreStateful.php(25): Illuminate\\Pipeline\\Pipeline->then(Object(Closure))
#12 /var/www/vendor/laravel/framework/src/Illuminate/Pipeline/Pipeline.php(209): Laravel\\Sanctum\\Http\\Middleware\\EnsureFrontendRequestsAreStateful->handle(Object(Illuminate\\Http\\Request), Object(Closure))
#13 /var/www/vendor/laravel/framework/src/Illuminate/Pipeline/Pipeline.php(127): Illuminate\\Pipeline\\Pipeline->Illuminate\\Pipeline\\{closure}(Object(Illuminate\\Http\\Request))
#14 /var/www/vendor/laravel/framework/src/Illuminate/Routing/Router.php(807): Illuminate\\Pipeline\\Pipeline->then(Object(Closure))
#15 /var/www/vendor/laravel/framework/src/Illuminate/Routing/Router.php(786): Illuminate\\Routing\\Router->runRouteWithinStack(Object(Illuminate\\Routing\\Route), Object(Illuminate\\Http\\Request))
#16 /var/www/vendor/laravel/framework/src/Illuminate/Routing/Router.php(750): Illuminate\\Routing\\Router->runRoute(Object(Illuminate\\Http\\Request), Object(Illuminate\\Routing\\Route))
#17 /var/www/vendor/laravel/framework/src/Illuminate/Routing/Router.php(739): Illuminate\\Routing\\Router->dispatchToRoute(Object(Illuminate\\Http\\Request))
#18 /var/www/vendor/laravel/framework/src/Illuminate/Foundation/Http/Kernel.php(201): Illuminate\\Routing\\Router->dispatch(Object(Illuminate\\Http\\Request))
#19 /var/www/vendor/laravel/framework/src/Illuminate/Pipeline/Pipeline.php(170): Illuminate\\Foundation\\Http\\Kernel->Illuminate\\Foundation\\Http\\{closure}(Object(Illuminate\\Http\\Request))
#20 /var/www/vendor/laravel/framework/src/Illuminate/Foundation/Http/Middleware/TransformsRequest.php(21): Illuminate\\Pipeline\\Pipeline->Illuminate\\Pipeline\\{closure}(Object(Illuminate\\Http\\Request))
#21 /var/www/vendor/laravel/framework/src/Illuminate/Foundation/Http/Middleware/ConvertEmptyStringsToNull.php(31): Illuminate\\Foundation\\Http\\Middleware\\TransformsRequest->handle(Object(Illuminate\\Http\\Request), Object(Closure))
#22 /var/www/vendor/laravel/framework/src/Illuminate/Pipeline/Pipeline.php(209): Illuminate\\Foundation\\Http\\Middleware\\ConvertEmptyStringsToNull->handle(Object(Illuminate\\Http\\Request), Object(Closure))
#23 /var/www/vendor/laravel/framework/src/Illuminate/Foundation/Http/Middleware/TransformsRequest.php(21): Illuminate\\Pipeline\\Pipeline->Illuminate\\Pipeline\\{closure}(Object(Illuminate\\Http\\Request))
#24 /var/www/vendor/laravel/framework/src/Illuminate/Foundation/Http/Middleware/TrimStrings.php(51): Illuminate\\Foundation\\Http\\Middleware\\TransformsRequest->handle(Object(Illuminate\\Http\\Request), Object(Closure))
#25 /var/www/vendor/laravel/framework/src/Illuminate/Pipeline/Pipeline.php(209): Illuminate\\Foundation\\Http\\Middleware\\TrimStrings->handle(Object(Illuminate\\Http\\Request), Object(Closure))
#26 /var/www/vendor/laravel/framework/src/Illuminate/Http/Middleware/ValidatePostSize.php(27): Illuminate\\Pipeline\\Pipeline->Illuminate\\Pipeline\\{closure}(Object(Illuminate\\Http\\Request))
#27 /var/www/vendor/laravel/framework/src/Illuminate/Pipeline/Pipeline.php(209): Illuminate\\Http\\Middleware\\ValidatePostSize->handle(Object(Illuminate\\Http\\Request), Object(Closure))
#28 /var/www/vendor/laravel/framework/src/Illuminate/Foundation/Http/Middleware/PreventRequestsDuringMaintenance.php(110): Illuminate\\Pipeline\\Pipeline->Illuminate\\Pipeline\\{closure}(Object(Illuminate\\Http\\Request))
#29 /var/www/vendor/laravel/framework/src/Illuminate/Pipeline/Pipeline.php(209): Illuminate\\Foundation\\Http\\Middleware\\PreventRequestsDuringMaintenance->handle(Object(Illuminate\\Http\\Request), Object(Closure))
#30 /var/www/vendor/laravel/framework/src/Illuminate/Http/Middleware/HandleCors.php(62): Illuminate\\Pipeline\\Pipeline->Illuminate\\Pipeline\\{closure}(Object(Illuminate\\Http\\Request))
#31 /var/www/vendor/laravel/framework/src/Illuminate/Pipeline/Pipeline.php(209): Illuminate\\Http\\Middleware\\HandleCors->handle(Object(Illuminate\\Http\\Request), Object(Closure))
#32 /var/www/vendor/laravel/framework/src/Illuminate/Http/Middleware/TrustProxies.php(58): Illuminate\\Pipeline\\Pipeline->Illuminate\\Pipeline\\{closure}(Object(Illuminate\\Http\\Request))
#33 /var/www/vendor/laravel/framework/src/Illuminate/Pipeline/Pipeline.php(209): Illuminate\\Http\\Middleware\\TrustProxies->handle(Object(Illuminate\\Http\\Request), Object(Closure))
#34 /var/www/vendor/laravel/framework/src/Illuminate/Foundation/Http/Middleware/InvokeDeferredCallbacks.php(22): Illuminate\\Pipeline\\Pipeline->Illuminate\\Pipeline\\{closure}(Object(Illuminate\\Http\\Request))
#35 /var/www/vendor/laravel/framework/src/Illuminate/Pipeline/Pipeline.php(209): Illuminate\\Foundation\\Http\\Middleware\\InvokeDeferredCallbacks->handle(Object(Illuminate\\Http\\Request), Object(Closure))
#36 /var/www/vendor/laravel/framework/src/Illuminate/Pipeline/Pipeline.php(127): Illuminate\\Pipeline\\Pipeline->Illuminate\\Pipeline\\{closure}(Object(Illuminate\\Http\\Request))
#37 /var/www/vendor/laravel/framework/src/Illuminate/Foundation/Http/Kernel.php(176): Illuminate\\Pipeline\\Pipeline->then(Object(Closure))
#38 /var/www/vendor/laravel/framework/src/Illuminate/Foundation/Http/Kernel.php(145): Illuminate\\Foundation\\Http\\Kernel->sendRequestThroughRouter(Object(Illuminate\\Http\\Request))
#39 /var/www/public/index.php(11): Illuminate\\Foundation\\Http\\Kernel->handle(Object(Illuminate\\Http\\Request))
#40 /var/www/vendor/laravel/framework/src/Illuminate/Foundation/resources/server.php(23): require_once('/var/www/public...')
#41 {main}
"} 
[2025-08-30 13:09:10] local.ERROR: Route [login] not defined. {"exception":"[object] (Symfony\\Component\\Routing\\Exception\\RouteNotFoundException(code: 0): Route [login] not defined. at /var/www/vendor/laravel/framework/src/Illuminate/Routing/UrlGenerator.php:517)
[stacktrace]
#0 /var/www/vendor/laravel/framework/src/Illuminate/Foundation/helpers.php(853): Illuminate\\Routing\\UrlGenerator->route('login', Array, true)
#1 /var/www/vendor/laravel/framework/src/Illuminate/Foundation/Configuration/ApplicationBuilder.php(278): route('login')
#2 [internal function]: Illuminate\\Foundation\\Configuration\\ApplicationBuilder->Illuminate\\Foundation\\Configuration\\{closure}(Object(Illuminate\\Http\\Request))
#3 /var/www/vendor/laravel/framework/src/Illuminate/Auth/Middleware/Authenticate.php(118): call_user_func(Object(Closure), Object(Illuminate\\Http\\Request))
#4 /var/www/vendor/laravel/framework/src/Illuminate/Auth/Middleware/Authenticate.php(105): Illuminate\\Auth\\Middleware\\Authenticate->redirectTo(Object(Illuminate\\Http\\Request))
#5 /var/www/vendor/laravel/framework/src/Illuminate/Auth/Middleware/Authenticate.php(88): Illuminate\\Auth\\Middleware\\Authenticate->unauthenticated(Object(Illuminate\\Http\\Request), Array)
#6 /var/www/vendor/laravel/framework/src/Illuminate/Auth/Middleware/Authenticate.php(62): Illuminate\\Auth\\Middleware\\Authenticate->authenticate(Object(Illuminate\\Http\\Request), Array)
#7 /var/www/vendor/laravel/framework/src/Illuminate/Pipeline/Pipeline.php(209): Illuminate\\Auth\\Middleware\\Authenticate->handle(Object(Illuminate\\Http\\Request), Object(Closure), 'sanctum')
#8 /var/www/vendor/laravel/sanctum/src/Http/Middleware/EnsureFrontendRequestsAreStateful.php(26): Illuminate\\Pipeline\\Pipeline->Illuminate\\Pipeline\\{closure}(Object(Illuminate\\Http\\Request))
#9 /var/www/vendor/laravel/framework/src/Illuminate/Pipeline/Pipeline.php(170): Laravel\\Sanctum\\Http\\Middleware\\EnsureFrontendRequestsAreStateful->Laravel\\Sanctum\\Http\\Middleware\\{closure}(Object(Illuminate\\Http\\Request))
#10 /var/www/vendor/laravel/framework/src/Illuminate/Pipeline/Pipeline.php(127): Illuminate\\Pipeline\\Pipeline->Illuminate\\Pipeline\\{closure}(Object(Illuminate\\Http\\Request))
#11 /var/www/vendor/laravel/sanctum/src/Http/Middleware/EnsureFrontendRequestsAreStateful.php(25): Illuminate\\Pipeline\\Pipeline->then(Object(Closure))
#12 /var/www/vendor/laravel/framework/src/Illuminate/Pipeline/Pipeline.php(209): Laravel\\Sanctum\\Http\\Middleware\\EnsureFrontendRequestsAreStateful->handle(Object(Illuminate\\Http\\Request), Object(Closure))
#13 /var/www/vendor/laravel/framework/src/Illuminate/Pipeline/Pipeline.php(127): Illuminate\\Pipeline\\Pipeline->Illuminate\\Pipeline\\{closure}(Object(Illuminate\\Http\\Request))
#14 /var/www/vendor/laravel/framework/src/Illuminate/Routing/Router.php(807): Illuminate\\Pipeline\\Pipeline->then(Object(Closure))
#15 /var/www/vendor/laravel/framework/src/Illuminate/Routing/Router.php(786): Illuminate\\Routing\\Router->runRouteWithinStack(Object(Illuminate\\Routing\\Route), Object(Illuminate\\Http\\Request))
#16 /var/www/vendor/laravel/framework/src/Illuminate/Routing/Router.php(750): Illuminate\\Routing\\Router->runRoute(Object(Illuminate\\Http\\Request), Object(Illuminate\\Routing\\Route))
#17 /var/www/vendor/laravel/framework/src/Illuminate/Routing/Router.php(739): Illuminate\\Routing\\Router->dispatchToRoute(Object(Illuminate\\Http\\Request))
#18 /var/www/vendor/laravel/framework/src/Illuminate/Foundation/Http/Kernel.php(201): Illuminate\\Routing\\Router->dispatch(Object(Illuminate\\Http\\Request))
#19 /var/www/vendor/laravel/framework/src/Illuminate/Pipeline/Pipeline.php(170): Illuminate\\Foundation\\Http\\Kernel->Illuminate\\Foundation\\Http\\{closure}(Object(Illuminate\\Http\\Request))
#20 /var/www/vendor/laravel/framework/src/Illuminate/Foundation/Http/Middleware/TransformsRequest.php(21): Illuminate\\Pipeline\\Pipeline->Illuminate\\Pipeline\\{closure}(Object(Illuminate\\Http\\Request))
#21 /var/www/vendor/laravel/framework/src/Illuminate/Foundation/Http/Middleware/ConvertEmptyStringsToNull.php(31): Illuminate\\Foundation\\Http\\Middleware\\TransformsRequest->handle(Object(Illuminate\\Http\\Request), Object(Closure))
#22 /var/www/vendor/laravel/framework/src/Illuminate/Pipeline/Pipeline.php(209): Illuminate\\Foundation\\Http\\Middleware\\ConvertEmptyStringsToNull->handle(Object(Illuminate\\Http\\Request), Object(Closure))
#23 /var/www/vendor/laravel/framework/src/Illuminate/Foundation/Http/Middleware/TransformsRequest.php(21): Illuminate\\Pipeline\\Pipeline->Illuminate\\Pipeline\\{closure}(Object(Illuminate\\Http\\Request))
#24 /var/www/vendor/laravel/framework/src/Illuminate/Foundation/Http/Middleware/TrimStrings.php(51): Illuminate\\Foundation\\Http\\Middleware\\TransformsRequest->handle(Object(Illuminate\\Http\\Request), Object(Closure))
#25 /var/www/vendor/laravel/framework/src/Illuminate/Pipeline/Pipeline.php(209): Illuminate\\Foundation\\Http\\Middleware\\TrimStrings->handle(Object(Illuminate\\Http\\Request), Object(Closure))
#26 /var/www/vendor/laravel/framework/src/Illuminate/Http/Middleware/ValidatePostSize.php(27): Illuminate\\Pipeline\\Pipeline->Illuminate\\Pipeline\\{closure}(Object(Illuminate\\Http\\Request))
#27 /var/www/vendor/laravel/framework/src/Illuminate/Pipeline/Pipeline.php(209): Illuminate\\Http\\Middleware\\ValidatePostSize->handle(Object(Illuminate\\Http\\Request), Object(Closure))
#28 /var/www/vendor/laravel/framework/src/Illuminate/Foundation/Http/Middleware/PreventRequestsDuringMaintenance.php(110): Illuminate\\Pipeline\\Pipeline->Illuminate\\Pipeline\\{closure}(Object(Illuminate\\Http\\Request))
#29 /var/www/vendor/laravel/framework/src/Illuminate/Pipeline/Pipeline.php(209): Illuminate\\Foundation\\Http\\Middleware\\PreventRequestsDuringMaintenance->handle(Object(Illuminate\\Http\\Request), Object(Closure))
#30 /var/www/vendor/laravel/framework/src/Illuminate/Http/Middleware/HandleCors.php(62): Illuminate\\Pipeline\\Pipeline->Illuminate\\Pipeline\\{closure}(Object(Illuminate\\Http\\Request))
#31 /var/www/vendor/laravel/framework/src/Illuminate/Pipeline/Pipeline.php(209): Illuminate\\Http\\Middleware\\HandleCors->handle(Object(Illuminate\\Http\\Request), Object(Closure))
#32 /var/www/vendor/laravel/framework/src/Illuminate/Http/Middleware/TrustProxies.php(58): Illuminate\\Pipeline\\Pipeline->Illuminate\\Pipeline\\{closure}(Object(Illuminate\\Http\\Request))
#33 /var/www/vendor/laravel/framework/src/Illuminate/Pipeline/Pipeline.php(209): Illuminate\\Http\\Middleware\\TrustProxies->handle(Object(Illuminate\\Http\\Request), Object(Closure))
#34 /var/www/vendor/laravel/framework/src/Illuminate/Foundation/Http/Middleware/InvokeDeferredCallbacks.php(22): Illuminate\\Pipeline\\Pipeline->Illuminate\\Pipeline\\{closure}(Object(Illuminate\\Http\\Request))
#35 /var/www/vendor/laravel/framework/src/Illuminate/Pipeline/Pipeline.php(209): Illuminate\\Foundation\\Http\\Middleware\\InvokeDeferredCallbacks->handle(Object(Illuminate\\Http\\Request), Object(Closure))
#36 /var/www/vendor/laravel/framework/src/Illuminate/Pipeline/Pipeline.php(127): Illuminate\\Pipeline\\Pipeline->Illuminate\\Pipeline\\{closure}(Object(Illuminate\\Http\\Request))
#37 /var/www/vendor/laravel/framework/src/Illuminate/Foundation/Http/Kernel.php(176): Illuminate\\Pipeline\\Pipeline->then(Object(Closure))
#38 /var/www/vendor/laravel/framework/src/Illuminate/Foundation/Http/Kernel.php(145): Illuminate\\Foundation\\Http\\Kernel->sendRequestThroughRouter(Object(Illuminate\\Http\\Request))
#39 /var/www/public/index.php(11): Illuminate\\Foundation\\Http\\Kernel->handle(Object(Illuminate\\Http\\Request))
#40 /var/www/vendor/laravel/framework/src/Illuminate/Foundation/resources/server.php(23): require_once('/var/www/public...')
#41 {main}
"} 
[2025-08-30 13:14:57] local.ERROR: Route [login] not defined. {"exception":"[object] (Symfony\\Component\\Routing\\Exception\\RouteNotFoundException(code: 0): Route [login] not defined. at /var/www/vendor/laravel/framework/src/Illuminate/Routing/UrlGenerator.php:517)
[stacktrace]
#0 /var/www/vendor/laravel/framework/src/Illuminate/Foundation/helpers.php(853): Illuminate\\Routing\\UrlGenerator->route('login', Array, true)
#1 /var/www/vendor/laravel/framework/src/Illuminate/Foundation/Configuration/ApplicationBuilder.php(278): route('login')
#2 [internal function]: Illuminate\\Foundation\\Configuration\\ApplicationBuilder->Illuminate\\Foundation\\Configuration\\{closure}(Object(Illuminate\\Http\\Request))
#3 /var/www/vendor/laravel/framework/src/Illuminate/Auth/Middleware/Authenticate.php(118): call_user_func(Object(Closure), Object(Illuminate\\Http\\Request))
#4 /var/www/vendor/laravel/framework/src/Illuminate/Auth/Middleware/Authenticate.php(105): Illuminate\\Auth\\Middleware\\Authenticate->redirectTo(Object(Illuminate\\Http\\Request))
#5 /var/www/vendor/laravel/framework/src/Illuminate/Auth/Middleware/Authenticate.php(88): Illuminate\\Auth\\Middleware\\Authenticate->unauthenticated(Object(Illuminate\\Http\\Request), Array)
#6 /var/www/vendor/laravel/framework/src/Illuminate/Auth/Middleware/Authenticate.php(62): Illuminate\\Auth\\Middleware\\Authenticate->authenticate(Object(Illuminate\\Http\\Request), Array)
#7 /var/www/vendor/laravel/framework/src/Illuminate/Pipeline/Pipeline.php(209): Illuminate\\Auth\\Middleware\\Authenticate->handle(Object(Illuminate\\Http\\Request), Object(Closure), 'sanctum')
#8 /var/www/vendor/laravel/sanctum/src/Http/Middleware/EnsureFrontendRequestsAreStateful.php(26): Illuminate\\Pipeline\\Pipeline->Illuminate\\Pipeline\\{closure}(Object(Illuminate\\Http\\Request))
#9 /var/www/vendor/laravel/framework/src/Illuminate/Pipeline/Pipeline.php(170): Laravel\\Sanctum\\Http\\Middleware\\EnsureFrontendRequestsAreStateful->Laravel\\Sanctum\\Http\\Middleware\\{closure}(Object(Illuminate\\Http\\Request))
#10 /var/www/vendor/laravel/framework/src/Illuminate/Pipeline/Pipeline.php(127): Illuminate\\Pipeline\\Pipeline->Illuminate\\Pipeline\\{closure}(Object(Illuminate\\Http\\Request))
#11 /var/www/vendor/laravel/sanctum/src/Http/Middleware/EnsureFrontendRequestsAreStateful.php(25): Illuminate\\Pipeline\\Pipeline->then(Object(Closure))
#12 /var/www/vendor/laravel/framework/src/Illuminate/Pipeline/Pipeline.php(209): Laravel\\Sanctum\\Http\\Middleware\\EnsureFrontendRequestsAreStateful->handle(Object(Illuminate\\Http\\Request), Object(Closure))
#13 /var/www/vendor/laravel/framework/src/Illuminate/Pipeline/Pipeline.php(127): Illuminate\\Pipeline\\Pipeline->Illuminate\\Pipeline\\{closure}(Object(Illuminate\\Http\\Request))
#14 /var/www/vendor/laravel/framework/src/Illuminate/Routing/Router.php(807): Illuminate\\Pipeline\\Pipeline->then(Object(Closure))
#15 /var/www/vendor/laravel/framework/src/Illuminate/Routing/Router.php(786): Illuminate\\Routing\\Router->runRouteWithinStack(Object(Illuminate\\Routing\\Route), Object(Illuminate\\Http\\Request))
#16 /var/www/vendor/laravel/framework/src/Illuminate/Routing/Router.php(750): Illuminate\\Routing\\Router->runRoute(Object(Illuminate\\Http\\Request), Object(Illuminate\\Routing\\Route))
#17 /var/www/vendor/laravel/framework/src/Illuminate/Routing/Router.php(739): Illuminate\\Routing\\Router->dispatchToRoute(Object(Illuminate\\Http\\Request))
#18 /var/www/vendor/laravel/framework/src/Illuminate/Foundation/Http/Kernel.php(201): Illuminate\\Routing\\Router->dispatch(Object(Illuminate\\Http\\Request))
#19 /var/www/vendor/laravel/framework/src/Illuminate/Pipeline/Pipeline.php(170): Illuminate\\Foundation\\Http\\Kernel->Illuminate\\Foundation\\Http\\{closure}(Object(Illuminate\\Http\\Request))
#20 /var/www/vendor/laravel/framework/src/Illuminate/Foundation/Http/Middleware/TransformsRequest.php(21): Illuminate\\Pipeline\\Pipeline->Illuminate\\Pipeline\\{closure}(Object(Illuminate\\Http\\Request))
#21 /var/www/vendor/laravel/framework/src/Illuminate/Foundation/Http/Middleware/ConvertEmptyStringsToNull.php(31): Illuminate\\Foundation\\Http\\Middleware\\TransformsRequest->handle(Object(Illuminate\\Http\\Request), Object(Closure))
#22 /var/www/vendor/laravel/framework/src/Illuminate/Pipeline/Pipeline.php(209): Illuminate\\Foundation\\Http\\Middleware\\ConvertEmptyStringsToNull->handle(Object(Illuminate\\Http\\Request), Object(Closure))
#23 /var/www/vendor/laravel/framework/src/Illuminate/Foundation/Http/Middleware/TransformsRequest.php(21): Illuminate\\Pipeline\\Pipeline->Illuminate\\Pipeline\\{closure}(Object(Illuminate\\Http\\Request))
#24 /var/www/vendor/laravel/framework/src/Illuminate/Foundation/Http/Middleware/TrimStrings.php(51): Illuminate\\Foundation\\Http\\Middleware\\TransformsRequest->handle(Object(Illuminate\\Http\\Request), Object(Closure))
#25 /var/www/vendor/laravel/framework/src/Illuminate/Pipeline/Pipeline.php(209): Illuminate\\Foundation\\Http\\Middleware\\TrimStrings->handle(Object(Illuminate\\Http\\Request), Object(Closure))
#26 /var/www/vendor/laravel/framework/src/Illuminate/Http/Middleware/ValidatePostSize.php(27): Illuminate\\Pipeline\\Pipeline->Illuminate\\Pipeline\\{closure}(Object(Illuminate\\Http\\Request))
#27 /var/www/vendor/laravel/framework/src/Illuminate/Pipeline/Pipeline.php(209): Illuminate\\Http\\Middleware\\ValidatePostSize->handle(Object(Illuminate\\Http\\Request), Object(Closure))
#28 /var/www/vendor/laravel/framework/src/Illuminate/Foundation/Http/Middleware/PreventRequestsDuringMaintenance.php(110): Illuminate\\Pipeline\\Pipeline->Illuminate\\Pipeline\\{closure}(Object(Illuminate\\Http\\Request))
#29 /var/www/vendor/laravel/framework/src/Illuminate/Pipeline/Pipeline.php(209): Illuminate\\Foundation\\Http\\Middleware\\PreventRequestsDuringMaintenance->handle(Object(Illuminate\\Http\\Request), Object(Closure))
#30 /var/www/vendor/laravel/framework/src/Illuminate/Http/Middleware/HandleCors.php(62): Illuminate\\Pipeline\\Pipeline->Illuminate\\Pipeline\\{closure}(Object(Illuminate\\Http\\Request))
#31 /var/www/vendor/laravel/framework/src/Illuminate/Pipeline/Pipeline.php(209): Illuminate\\Http\\Middleware\\HandleCors->handle(Object(Illuminate\\Http\\Request), Object(Closure))
#32 /var/www/vendor/laravel/framework/src/Illuminate/Http/Middleware/TrustProxies.php(58): Illuminate\\Pipeline\\Pipeline->Illuminate\\Pipeline\\{closure}(Object(Illuminate\\Http\\Request))
#33 /var/www/vendor/laravel/framework/src/Illuminate/Pipeline/Pipeline.php(209): Illuminate\\Http\\Middleware\\TrustProxies->handle(Object(Illuminate\\Http\\Request), Object(Closure))
#34 /var/www/vendor/laravel/framework/src/Illuminate/Foundation/Http/Middleware/InvokeDeferredCallbacks.php(22): Illuminate\\Pipeline\\Pipeline->Illuminate\\Pipeline\\{closure}(Object(Illuminate\\Http\\Request))
#35 /var/www/vendor/laravel/framework/src/Illuminate/Pipeline/Pipeline.php(209): Illuminate\\Foundation\\Http\\Middleware\\InvokeDeferredCallbacks->handle(Object(Illuminate\\Http\\Request), Object(Closure))
#36 /var/www/vendor/laravel/framework/src/Illuminate/Pipeline/Pipeline.php(127): Illuminate\\Pipeline\\Pipeline->Illuminate\\Pipeline\\{closure}(Object(Illuminate\\Http\\Request))
#37 /var/www/vendor/laravel/framework/src/Illuminate/Foundation/Http/Kernel.php(176): Illuminate\\Pipeline\\Pipeline->then(Object(Closure))
#38 /var/www/vendor/laravel/framework/src/Illuminate/Foundation/Http/Kernel.php(145): Illuminate\\Foundation\\Http\\Kernel->sendRequestThroughRouter(Object(Illuminate\\Http\\Request))
#39 /var/www/public/index.php(11): Illuminate\\Foundation\\Http\\Kernel->handle(Object(Illuminate\\Http\\Request))
#40 /var/www/vendor/laravel/framework/src/Illuminate/Foundation/resources/server.php(23): require_once('/var/www/public...')
#41 {main}
"} 
[2025-08-30 14:28:36] local.ERROR: Route [login] not defined. {"exception":"[object] (Symfony\\Component\\Routing\\Exception\\RouteNotFoundException(code: 0): Route [login] not defined. at /var/www/vendor/laravel/framework/src/Illuminate/Routing/UrlGenerator.php:517)
[stacktrace]
#0 /var/www/vendor/laravel/framework/src/Illuminate/Foundation/helpers.php(853): Illuminate\\Routing\\UrlGenerator->route('login', Array, true)
#1 /var/www/vendor/laravel/framework/src/Illuminate/Foundation/Configuration/ApplicationBuilder.php(278): route('login')
#2 [internal function]: Illuminate\\Foundation\\Configuration\\ApplicationBuilder->Illuminate\\Foundation\\Configuration\\{closure}(Object(Illuminate\\Http\\Request))
#3 /var/www/vendor/laravel/framework/src/Illuminate/Auth/Middleware/Authenticate.php(118): call_user_func(Object(Closure), Object(Illuminate\\Http\\Request))
#4 /var/www/vendor/laravel/framework/src/Illuminate/Auth/Middleware/Authenticate.php(105): Illuminate\\Auth\\Middleware\\Authenticate->redirectTo(Object(Illuminate\\Http\\Request))
#5 /var/www/vendor/laravel/framework/src/Illuminate/Auth/Middleware/Authenticate.php(88): Illuminate\\Auth\\Middleware\\Authenticate->unauthenticated(Object(Illuminate\\Http\\Request), Array)
#6 /var/www/vendor/laravel/framework/src/Illuminate/Auth/Middleware/Authenticate.php(62): Illuminate\\Auth\\Middleware\\Authenticate->authenticate(Object(Illuminate\\Http\\Request), Array)
#7 /var/www/vendor/laravel/framework/src/Illuminate/Pipeline/Pipeline.php(209): Illuminate\\Auth\\Middleware\\Authenticate->handle(Object(Illuminate\\Http\\Request), Object(Closure), 'sanctum')
#8 /var/www/vendor/laravel/sanctum/src/Http/Middleware/EnsureFrontendRequestsAreStateful.php(26): Illuminate\\Pipeline\\Pipeline->Illuminate\\Pipeline\\{closure}(Object(Illuminate\\Http\\Request))
#9 /var/www/vendor/laravel/framework/src/Illuminate/Pipeline/Pipeline.php(170): Laravel\\Sanctum\\Http\\Middleware\\EnsureFrontendRequestsAreStateful->Laravel\\Sanctum\\Http\\Middleware\\{closure}(Object(Illuminate\\Http\\Request))
#10 /var/www/vendor/laravel/framework/src/Illuminate/Pipeline/Pipeline.php(127): Illuminate\\Pipeline\\Pipeline->Illuminate\\Pipeline\\{closure}(Object(Illuminate\\Http\\Request))
#11 /var/www/vendor/laravel/sanctum/src/Http/Middleware/EnsureFrontendRequestsAreStateful.php(25): Illuminate\\Pipeline\\Pipeline->then(Object(Closure))
#12 /var/www/vendor/laravel/framework/src/Illuminate/Pipeline/Pipeline.php(209): Laravel\\Sanctum\\Http\\Middleware\\EnsureFrontendRequestsAreStateful->handle(Object(Illuminate\\Http\\Request), Object(Closure))
#13 /var/www/vendor/laravel/framework/src/Illuminate/Pipeline/Pipeline.php(127): Illuminate\\Pipeline\\Pipeline->Illuminate\\Pipeline\\{closure}(Object(Illuminate\\Http\\Request))
#14 /var/www/vendor/laravel/framework/src/Illuminate/Routing/Router.php(807): Illuminate\\Pipeline\\Pipeline->then(Object(Closure))
#15 /var/www/vendor/laravel/framework/src/Illuminate/Routing/Router.php(786): Illuminate\\Routing\\Router->runRouteWithinStack(Object(Illuminate\\Routing\\Route), Object(Illuminate\\Http\\Request))
#16 /var/www/vendor/laravel/framework/src/Illuminate/Routing/Router.php(750): Illuminate\\Routing\\Router->runRoute(Object(Illuminate\\Http\\Request), Object(Illuminate\\Routing\\Route))
#17 /var/www/vendor/laravel/framework/src/Illuminate/Routing/Router.php(739): Illuminate\\Routing\\Router->dispatchToRoute(Object(Illuminate\\Http\\Request))
#18 /var/www/vendor/laravel/framework/src/Illuminate/Foundation/Http/Kernel.php(201): Illuminate\\Routing\\Router->dispatch(Object(Illuminate\\Http\\Request))
#19 /var/www/vendor/laravel/framework/src/Illuminate/Pipeline/Pipeline.php(170): Illuminate\\Foundation\\Http\\Kernel->Illuminate\\Foundation\\Http\\{closure}(Object(Illuminate\\Http\\Request))
#20 /var/www/vendor/laravel/framework/src/Illuminate/Foundation/Http/Middleware/TransformsRequest.php(21): Illuminate\\Pipeline\\Pipeline->Illuminate\\Pipeline\\{closure}(Object(Illuminate\\Http\\Request))
#21 /var/www/vendor/laravel/framework/src/Illuminate/Foundation/Http/Middleware/ConvertEmptyStringsToNull.php(31): Illuminate\\Foundation\\Http\\Middleware\\TransformsRequest->handle(Object(Illuminate\\Http\\Request), Object(Closure))
#22 /var/www/vendor/laravel/framework/src/Illuminate/Pipeline/Pipeline.php(209): Illuminate\\Foundation\\Http\\Middleware\\ConvertEmptyStringsToNull->handle(Object(Illuminate\\Http\\Request), Object(Closure))
#23 /var/www/vendor/laravel/framework/src/Illuminate/Foundation/Http/Middleware/TransformsRequest.php(21): Illuminate\\Pipeline\\Pipeline->Illuminate\\Pipeline\\{closure}(Object(Illuminate\\Http\\Request))
#24 /var/www/vendor/laravel/framework/src/Illuminate/Foundation/Http/Middleware/TrimStrings.php(51): Illuminate\\Foundation\\Http\\Middleware\\TransformsRequest->handle(Object(Illuminate\\Http\\Request), Object(Closure))
#25 /var/www/vendor/laravel/framework/src/Illuminate/Pipeline/Pipeline.php(209): Illuminate\\Foundation\\Http\\Middleware\\TrimStrings->handle(Object(Illuminate\\Http\\Request), Object(Closure))
#26 /var/www/vendor/laravel/framework/src/Illuminate/Http/Middleware/ValidatePostSize.php(27): Illuminate\\Pipeline\\Pipeline->Illuminate\\Pipeline\\{closure}(Object(Illuminate\\Http\\Request))
#27 /var/www/vendor/laravel/framework/src/Illuminate/Pipeline/Pipeline.php(209): Illuminate\\Http\\Middleware\\ValidatePostSize->handle(Object(Illuminate\\Http\\Request), Object(Closure))
#28 /var/www/vendor/laravel/framework/src/Illuminate/Foundation/Http/Middleware/PreventRequestsDuringMaintenance.php(110): Illuminate\\Pipeline\\Pipeline->Illuminate\\Pipeline\\{closure}(Object(Illuminate\\Http\\Request))
#29 /var/www/vendor/laravel/framework/src/Illuminate/Pipeline/Pipeline.php(209): Illuminate\\Foundation\\Http\\Middleware\\PreventRequestsDuringMaintenance->handle(Object(Illuminate\\Http\\Request), Object(Closure))
#30 /var/www/vendor/laravel/framework/src/Illuminate/Http/Middleware/HandleCors.php(62): Illuminate\\Pipeline\\Pipeline->Illuminate\\Pipeline\\{closure}(Object(Illuminate\\Http\\Request))
#31 /var/www/vendor/laravel/framework/src/Illuminate/Pipeline/Pipeline.php(209): Illuminate\\Http\\Middleware\\HandleCors->handle(Object(Illuminate\\Http\\Request), Object(Closure))
#32 /var/www/vendor/laravel/framework/src/Illuminate/Http/Middleware/TrustProxies.php(58): Illuminate\\Pipeline\\Pipeline->Illuminate\\Pipeline\\{closure}(Object(Illuminate\\Http\\Request))
#33 /var/www/vendor/laravel/framework/src/Illuminate/Pipeline/Pipeline.php(209): Illuminate\\Http\\Middleware\\TrustProxies->handle(Object(Illuminate\\Http\\Request), Object(Closure))
#34 /var/www/vendor/laravel/framework/src/Illuminate/Foundation/Http/Middleware/InvokeDeferredCallbacks.php(22): Illuminate\\Pipeline\\Pipeline->Illuminate\\Pipeline\\{closure}(Object(Illuminate\\Http\\Request))
#35 /var/www/vendor/laravel/framework/src/Illuminate/Pipeline/Pipeline.php(209): Illuminate\\Foundation\\Http\\Middleware\\InvokeDeferredCallbacks->handle(Object(Illuminate\\Http\\Request), Object(Closure))
#36 /var/www/vendor/laravel/framework/src/Illuminate/Pipeline/Pipeline.php(127): Illuminate\\Pipeline\\Pipeline->Illuminate\\Pipeline\\{closure}(Object(Illuminate\\Http\\Request))
#37 /var/www/vendor/laravel/framework/src/Illuminate/Foundation/Http/Kernel.php(176): Illuminate\\Pipeline\\Pipeline->then(Object(Closure))
#38 /var/www/vendor/laravel/framework/src/Illuminate/Foundation/Http/Kernel.php(145): Illuminate\\Foundation\\Http\\Kernel->sendRequestThroughRouter(Object(Illuminate\\Http\\Request))
#39 /var/www/public/index.php(11): Illuminate\\Foundation\\Http\\Kernel->handle(Object(Illuminate\\Http\\Request))
#40 /var/www/vendor/laravel/framework/src/Illuminate/Foundation/resources/server.php(23): require_once('/var/www/public...')
#41 {main}
"} 
